#FORMAT=WebAnno TSV 3.2
#T_SP=webanno.custom.Canonicalform|Canonical
#T_SP=webanno.custom.Category|Category
#T_SP=webanno.custom.Definitionelement|Def_element
#T_SP=webanno.custom.Relation|Relation
#T_SP=webanno.custom.Relation_definitor|Rel_verb_frame


#Text=Slovenska kraška terminologija (1973) jamo definira kot prehodno podzemeljsko votlino, ki je lahko vodoravna ali navpična.
1-1	0-9	Slovenska	_	_	_	_	_	
1-2	10-16	kraška	_	_	_	_	_	
1-3	17-30	terminologija	_	_	_	_	_	
1-4	31-32	(	_	_	_	_	_	
1-5	32-36	1973	_	_	_	_	_	
1-6	36-37	)	_	_	_	_	_	
1-7	37-38	 	_	_	_	_	_	
1-8	38-42	jamo	_	A.2 Underground landform	DEFINIENDUM	_	_	
1-9	43-51	definira	_	_	DEFINITOR[17]	_	_	
1-10	51-52	 	_	_	DEFINITOR[17]	_	_	
1-11	52-55	kot	_	_	DEFINITOR[17]	_	_	
1-12	56-64	prehodno	_	_	_	HAS\_FUNCTION	_	
1-13	65-77	podzemeljsko	_	_	GENUS[18]	HAS\_LOCATION	_	
1-14	78-85	votlino	_	D.1 Abiotic	GENUS[18]	_	_	
1-15	85-86	,	_	_	_	_	_	
1-16	87-89	ki	_	_	_	_	_	
1-17	90-92	je	_	_	_	HAS\_FORM[45]	_	
1-18	93-98	lahko	_	_	_	HAS\_FORM[45]	_	
1-19	99-108	vodoravna	_	_	_	HAS\_FORM[45]	_	
1-20	109-112	ali	_	_	_	HAS\_FORM[45]	_	
1-21	113-121	navpična	_	_	_	HAS\_FORM[45]	_	
1-22	121-122	.	_	_	_	_	_	

#Text=Slovenska kraška terminologija (1973) jamo definira kot prehodno podzemeljsko votlino, ki je lahko vodoravna ali navpična.
2-1	124-133	Slovenska	_	_	_	_	_	
2-2	134-140	kraška	_	_	_	_	_	
2-3	141-154	terminologija	_	_	_	_	_	
2-4	154-155	 	_	_	_	_	_	
2-5	155-156	(	_	_	_	_	_	
2-6	156-160	1973	_	_	_	_	_	
2-7	160-161	)	_	_	_	_	_	
2-8	162-166	jamo	_	_	_	_	_	
2-9	167-175	definira	_	_	_	_	_	
2-10	176-179	kot	_	_	_	_	_	
2-11	180-188	prehodno	_	_	_	_	_	
2-12	189-201	podzemeljsko	_	_	_	_	_	
2-13	202-209	votlino	_	_	_	_	_	
2-14	209-210	,	_	_	_	_	_	
2-15	211-213	ki	_	_	_	_	_	
2-16	214-216	je	_	_	_	_	_	
2-17	217-222	lahko	_	_	_	_	_	
2-18	223-232	vodoravna	_	_	_	_	_	
2-19	233-236	ali	_	_	_	_	_	
2-20	237-245	navpična	_	_	_	_	_	
2-21	245-246	.	_	_	_	_	_	

#Text=Prvi jamo opredeljujejo kot vsako naravno votlino v kamnini, ki je prehodna človeku in je vsaj 10 m dolga ali globoka, drugi pa, da je jama naravna podzemna votlina v kamnini, ki je dovolj velika, da je prehodna za človeka (cv: Stepišnik, 2011).
3-1	248-252	Prvi	_	_	_	_	_	
3-2	253-257	jamo	_	A.2 Underground landform	DEFINIENDUM	_	_	
3-3	258-271	opredeljujejo	_	_	DEFINITOR[19]	_	_	
3-4	272-275	kot	_	_	DEFINITOR[19]	_	_	
3-5	276-281	vsako	_	_	_	_	_	
3-6	282-289	naravno	_	_	GENUS[20]	HAS\_ATTRIBUTE	_	
3-7	290-297	votlino	_	D.1 Abiotic	GENUS[20]	_	_	
3-8	298-299	v	_	_	_	HAS\_LOCATION[46]	frame\_LOCATION	
3-9	300-307	kamnini	_	_	_	HAS\_LOCATION[46]	_	
3-10	307-308	,	_	_	_	_	_	
3-11	309-311	ki	_	_	_	_	_	
3-12	312-314	je	_	_	_	HAS\_FUNCTION[47]	frame\_FUNCTION[77]	
3-13	315-323	prehodna	_	_	_	HAS\_FUNCTION[47]	frame\_FUNCTION[77]	
3-14	324-331	človeku	_	_	_	HAS\_FUNCTION[47]	_	
3-15	332-334	in	_	_	_	_	_	
3-16	335-337	je	_	_	_	HAS\_SIZE[48]	_	
3-17	338-342	vsaj	_	_	_	HAS\_SIZE[48]	_	
3-18	343-345	10	_	_	_	HAS\_SIZE[48]	_	
3-19	346-347	m	_	_	_	HAS\_SIZE[48]	_	
3-20	348-353	dolga	_	_	_	HAS\_SIZE[48]	_	
3-21	354-357	ali	_	_	_	HAS\_SIZE[48]	_	
3-22	358-365	globoka	_	_	_	HAS\_SIZE[48]	_	
3-23	365-366	,	_	_	_	_	_	
3-24	367-372	drugi	_	_	_	_	_	
3-25	373-375	pa	_	_	_	_	_	
3-26	375-376	,	_	_	_	_	_	
3-27	377-379	da	_	_	_	_	_	
3-28	380-382	je	_	_	DEFINITOR	_	_	
3-29	383-387	jama	_	A.2 Underground landform	DEFINIENDUM	_	_	
3-30	388-395	naravna	_	_	GENUS[21]	HAS\_CAUSE	_	
3-31	396-404	podzemna	_	_	GENUS[21]	HAS\_LOCATION	_	
3-32	405-412	votlina	_	D.1 Abiotic	GENUS[21]	_	_	
3-33	413-414	v	_	_	_	COMPOSITION\_MEDIUM[49]	frame\_COMPOSITION	
3-34	415-422	kamnini	_	_	_	COMPOSITION\_MEDIUM[49]	_	
3-35	422-423	,	_	_	_	_	_	
3-36	424-426	ki	_	_	_	_	_	
3-37	427-429	je	_	_	_	HAS\_SIZE[50]	frame\_SIZE[78]	
3-38	430-436	dovolj	_	_	_	HAS\_SIZE[50]	frame\_SIZE[78]	
3-39	437-443	velika	_	_	_	HAS\_SIZE[50]	frame\_SIZE[78]	
3-40	443-444	,	_	_	_	HAS\_SIZE[50]	frame\_SIZE[78]	
3-41	445-447	da	_	_	_	HAS\_SIZE[50]	frame\_SIZE[78]	
3-42	448-450	je	_	_	_	HAS\_SIZE[50]	_	
3-43	451-459	prehodna	_	_	_	HAS\_SIZE[50]	_	
3-44	460-462	za	_	_	_	HAS\_SIZE[50]	_	
3-45	463-470	človeka	_	_	_	HAS\_SIZE[50]	_	
3-46	471-472	(	_	_	_	_	_	
3-47	472-474	cv	_	_	_	_	_	
3-48	474-475	:	_	_	_	_	_	
3-49	476-485	Stepišnik	_	_	_	_	_	
3-50	485-486	,	_	_	_	_	_	
3-51	487-491	2011	_	_	_	_	_	
3-52	491-492	)	_	_	_	_	_	
3-53	492-493	.	_	_	_	_	_	

#Text=Po Jamarski zvezi Slovenije je jama vsaka naravna votlina v kamnini, ki je prehodna človeku in je vsaj deset metrov dolga ali globoka.
4-1	495-497	Po	_	_	_	_	_	
4-2	498-506	Jamarski	_	_	_	_	_	
4-3	507-512	zvezi	_	_	_	_	_	
4-4	513-522	Slovenije	_	_	_	_	_	
4-5	523-525	je	_	_	DEFINITOR	_	_	
4-6	526-530	jama	_	A.2 Underground landform	DEFINIENDUM	_	_	
4-7	531-536	vsaka	_	_	_	_	_	
4-8	537-544	naravna	_	_	GENUS[22]	HAS\_ATTRIBUTE	_	
4-9	545-552	votlina	_	D.1 Abiotic	GENUS[22]	_	_	
4-10	553-554	v	_	_	_	HAS\_LOCATION[51]	frame\_LOCATION	
4-11	555-562	kamnini	_	_	_	HAS\_LOCATION[51]	_	
4-12	562-563	,	_	_	_	_	_	
4-13	564-566	ki	_	_	_	_	_	
4-14	567-569	je	_	_	_	HAS\_FUNCTION[52]	_	
4-15	570-578	prehodna	_	_	_	HAS\_FUNCTION[52]	_	
4-16	579-586	človeku	_	_	_	HAS\_FUNCTION[52]	_	
4-17	587-589	in	_	_	_	_	_	
4-18	590-592	je	_	_	_	HAS\_SIZE[53]	_	
4-19	593-597	vsaj	_	_	_	HAS\_SIZE[53]	_	
4-20	598-603	deset	_	_	_	HAS\_SIZE[53]	_	
4-21	604-610	metrov	_	_	_	HAS\_SIZE[53]	_	
4-22	611-616	dolga	_	_	_	HAS\_SIZE[53]	_	
4-23	617-620	ali	_	_	_	HAS\_SIZE[53]	_	
4-24	621-628	globoka	_	_	_	HAS\_SIZE[53]	_	
4-25	628-629	.	_	_	_	_	_	

#Text=Jame so najznačilnejši kraški pojav. V ožjem smislu je jama prehodna, pretežno horizontalna podzemna votlina, ravno nasprotno od brezna, ki je navpično ( Slovenska kraška terminologija , 1973, str. 8).
5-1	631-635	Jame	_	A.2 Underground landform	DEFINIENDUM	_	_	
5-2	636-638	so	_	_	DEFINITOR	_	_	
5-3	639-653	najznačilnejši	_	_	_	_	_	
5-4	654-660	kraški	_	A. Landform[1]	GENUS[23]	_	_	
5-5	661-666	pojav	_	A. Landform[1]	GENUS[23]	_	_	
5-6	666-667	.	_	_	_	_	_	
5-7	668-669	V	_	_	DEFINITOR[24]	_	_	
5-8	670-675	ožjem	_	_	DEFINITOR[24]	_	_	
5-9	676-682	smislu	_	_	DEFINITOR[24]	_	_	
5-10	683-685	je	_	_	DEFINITOR[24]	_	_	
5-11	686-690	jama	_	A.2 Underground landform	DEFINIENDUM	_	_	
5-12	691-699	prehodna	_	_	_	HAS\_FUNCTION	_	
5-13	699-700	,	_	_	_	_	_	
5-14	701-709	pretežno	_	_	_	HAS\_FORM[54]	_	
5-15	710-722	horizontalna	_	_	_	HAS\_FORM[54]	_	
5-16	723-731	podzemna	_	_	GENUS[25]	HAS\_LOCATION	_	
5-17	732-739	votlina	_	D.1 Abiotic	GENUS[25]	_	_	
5-18	739-740	,	_	_	_	_	_	
5-19	741-746	ravno	_	_	_	_	_	
5-20	747-756	nasprotno	_	_	_	HAS\_FORM[55]	frame\_FORM[79]	
5-21	757-759	od	_	_	_	HAS\_FORM[55]	frame\_FORM[79]	
5-22	760-766	brezna	_	A.2 Underground landform	_	HAS\_FORM[55]	_	
5-23	766-767	,	_	_	_	HAS\_FORM[55]	_	
5-24	768-770	ki	_	_	_	HAS\_FORM[55]	_	
5-25	771-773	je	_	_	_	HAS\_FORM[55]	_	
5-26	774-782	navpično	_	_	_	HAS\_FORM[55]	_	
5-27	783-784	(	_	_	_	_	_	
5-28	784-785	 	_	_	_	_	_	
5-29	785-794	Slovenska	_	_	_	_	_	
5-30	795-801	kraška	_	_	_	_	_	
5-31	802-815	terminologija	_	_	_	_	_	
5-32	815-816	 	_	_	_	_	_	
5-33	816-817	,	_	_	_	_	_	
5-34	818-822	1973	_	_	_	_	_	
5-35	822-823	,	_	_	_	_	_	
5-36	824-827	str	_	_	_	_	_	
5-37	827-828	.	_	_	_	_	_	
5-38	829-830	8	_	_	_	_	_	
5-39	830-831	)	_	_	_	_	_	
5-40	831-832	.	_	_	_	_	_	

#Text=Jama je za človeka prehodna votlina v kraški kamnini. Glede na nastanek ločimo brezstropo, korozijsko, tektonsko, fosilno, obpobočno in podpobočno jamo.
6-1	834-838	Jama	_	A.2 Underground landform	DEFINIENDUM	_	_	
6-2	839-841	je	_	_	DEFINITOR	_	_	
6-3	842-844	za	_	_	_	HAS\_FUNCTION[56]	_	
6-4	845-852	človeka	_	_	_	HAS\_FUNCTION[56]	_	
6-5	853-861	prehodna	_	_	_	HAS\_FUNCTION[56]	_	
6-6	862-869	votlina	_	D.1 Abiotic	GENUS	_	_	
6-7	870-871	v	_	_	_	HAS\_LOCATION[57]	frame\_LOCATION	
6-8	872-878	kraški	_	_	_	HAS\_LOCATION[57]	_	
6-9	879-886	kamnini	_	D.1 Abiotic	_	HAS\_LOCATION[57]	_	
6-10	886-887	.	_	_	_	_	_	
6-11	888-893	Glede	_	_	_	HAS\_CAUSE[58]	frame\_CAUSE[80]	
6-12	894-896	na	_	_	_	HAS\_CAUSE[58]	frame\_CAUSE[80]	
6-13	897-905	nastanek	_	_	_	HAS\_CAUSE[58]	frame\_CAUSE[80]	
6-14	906-912	ločimo	_	_	_	HAS\_CAUSE[58]	frame\_CAUSE[80]	
6-15	913-923	brezstropo	brezstropa jama	A.2 Underground landform	SPECIES	HAS\_CAUSE[58]	_	
6-16	923-924	,	_	_	_	HAS\_CAUSE[58]	_	
6-17	925-935	korozijsko	korozijska jama	A.2 Underground landform	SPECIES	HAS\_CAUSE[58]	_	
6-18	935-936	,	_	_	_	HAS\_CAUSE[58]	_	
6-19	937-946	tektonsko	tektonska jama	A.2 Underground landform	SPECIES	HAS\_CAUSE[58]	_	
6-20	946-947	,	_	_	_	HAS\_CAUSE[58]	_	
6-21	948-955	fosilno	fosilna jama	A.2 Underground landform	SPECIES	HAS\_CAUSE[58]	_	
6-22	955-956	,	_	_	_	HAS\_CAUSE[58]	_	
6-23	957-966	obpobočno	obpobočna jama	A.2 Underground landform	SPECIES	HAS\_CAUSE[58]	_	
6-24	967-969	in	_	_	_	HAS\_CAUSE[58]	_	
6-25	970-980	podpobočno	_	A.2 Underground landform[2]	SPECIES[26]	HAS\_CAUSE[58]	_	
6-26	981-985	jamo	_	A.2 Underground landform[2]	SPECIES[26]	HAS\_CAUSE[58]	_	
6-27	985-986	.	_	_	_	_	_	

#Text=Pojem brezstropa jama tako označuje zadnji stadij razvoja jam. Površinska denudacija razgali nekdanje jamske rove, ki so velikokrat zapolnjeni z avtohtonimi ali alohtonimi sedimenti in na površju dajejo videz plitvih in podolgovatih kotanj.
7-1	988-993	Pojem	_	_	_	_	_	
7-2	993-994	 	_	_	_	_	_	
7-3	994-1004	brezstropa	_	A.2 Underground landform[3]	DEFINIENDUM[27]	_	_	
7-4	1005-1009	jama	_	A.2 Underground landform[3]	DEFINIENDUM[27]	_	_	
7-5	1009-1010	 	_	_	_	_	_	
7-6	1010-1014	tako	_	_	_	_	_	
7-7	1015-1023	označuje	_	_	DEFINITOR	_	_	
7-8	1024-1030	zadnji	_	_	_	HAS\_ATTRIBUTE[59]	_	
7-9	1031-1037	stadij	_	_	_	HAS\_ATTRIBUTE[59]	_	
7-10	1038-1045	razvoja	_	_	_	HAS\_ATTRIBUTE[59]	_	
7-11	1046-1049	jam	_	_	_	HAS\_ATTRIBUTE[59]	_	
7-12	1049-1050	.	_	_	_	_	_	
7-13	1051-1061	Površinska	_	_	_	HAS\_CAUSE[60]	_	
7-14	1062-1072	denudacija	_	B.2 Loss	_	HAS\_CAUSE[60]	_	
7-15	1073-1080	razgali	_	_	_	HAS\_CAUSE[60]	frame\_CAUSE	
7-16	1081-1089	nekdanje	_	_	_	HAS\_CAUSE[60]	_	
7-17	1090-1096	jamske	_	_	_	HAS\_CAUSE[60]	_	
7-18	1097-1101	rove	_	_	_	HAS\_CAUSE[60]	_	
7-19	1101-1102	,	_	_	_	_	_	
7-20	1103-1105	ki	_	_	_	_	_	
7-21	1106-1108	so	_	_	_	CONTAINS[61]	_	
7-22	1109-1119	velikokrat	_	_	_	CONTAINS[61]	_	
7-23	1120-1130	zapolnjeni	_	_	_	CONTAINS[61]	_	
7-24	1131-1132	z	_	_	_	CONTAINS[61]	_	
7-25	1133-1144	avtohtonimi	_	D.1 Abiotic	_	CONTAINS[61]	_	
7-26	1145-1148	ali	_	_	_	CONTAINS[61]	_	
7-27	1149-1159	alohtonimi	_	D.1 Abiotic[4]	_	CONTAINS[61]	_	
7-28	1160-1169	sedimenti	_	D.1 Abiotic[4]	_	CONTAINS[61]	_	
7-29	1170-1172	in	_	_	_	_	_	
7-30	1173-1175	na	_	_	_	HAS\_FORM[62]	_	
7-31	1176-1183	površju	_	_	_	HAS\_FORM[62]	_	
7-32	1184-1190	dajejo	_	_	_	HAS\_FORM[62]	_	
7-33	1191-1196	videz	_	_	_	HAS\_FORM[62]	_	
7-34	1197-1204	plitvih	_	_	_	HAS\_FORM[62]	_	
7-35	1205-1207	in	_	_	_	HAS\_FORM[62]	_	
7-36	1208-1220	podolgovatih	_	_	_	HAS\_FORM[62]	_	
7-37	1221-1227	kotanj	_	_	_	HAS\_FORM[62]	_	
7-38	1227-1228	.	_	_	_	_	_	

#Text=Brezstropa jama je kraški pojav, ki nastane, ko površje zaradi denudacije prereže podzemno votlino.
8-1	1230-1240	Brezstropa	_	A.2 Underground landform[5]	DEFINIENDUM[28]	_	_	
8-2	1241-1245	jama	_	A.2 Underground landform[5]	DEFINIENDUM[28]	_	_	
8-3	1246-1248	je	_	_	DEFINITOR[29]	_	_	
8-4	1248-1249	 	_	_	DEFINITOR[29]	_	_	
8-5	1249-1255	kraški	_	_	GENUS[30]	_	_	
8-6	1256-1261	pojav	_	_	GENUS[30]	_	_	
8-7	1261-1262	,	_	_	_	_	_	
8-8	1263-1265	ki	_	_	_	HAS\_CAUSE[63]	_	
8-9	1266-1273	nastane	_	_	_	HAS\_CAUSE[63]	_	
8-10	1273-1274	,	_	_	_	HAS\_CAUSE[63]	_	
8-11	1275-1277	ko	_	_	_	HAS\_CAUSE[63]	_	
8-12	1278-1285	površje	_	_	_	HAS\_CAUSE[63]	_	
8-13	1286-1292	zaradi	_	_	_	HAS\_CAUSE[63]	_	
8-14	1293-1303	denudacije	_	B.2 Loss	_	HAS\_CAUSE[63]	_	
8-15	1304-1311	prereže	_	_	_	HAS\_CAUSE[63]	_	
8-16	1312-1320	podzemno	_	_	_	HAS\_CAUSE[63]	_	
8-17	1321-1328	votlino	_	D.1 Abiotic	_	HAS\_CAUSE[63]	_	
8-18	1328-1329	.	_	_	_	_	_	

#Text=Kraška polja so površinska kraška oblika.
9-1	1331-1337	Kraška	_	A.1 Surface landform[6]	DEFINIENDUM[31]	_	_	
9-2	1337-1338	 	_	A.1 Surface landform[6]	DEFINIENDUM[31]	_	_	
9-3	1338-1343	polja	_	A.1 Surface landform[6]	DEFINIENDUM[31]	_	_	
9-4	1344-1346	so	_	_	DEFINITOR	_	_	
9-5	1347-1357	površinska	_	_	GENUS[32]	_	_	
9-6	1358-1364	kraška	_	A.1 Surface landform[7]	GENUS[32]	_	_	
9-7	1365-1371	oblika	_	A.1 Surface landform[7]	GENUS[32]	_	_	
9-8	1371-1372	.	_	_	_	_	_	

#Text=Kraška polja so največje kraške kotanje.
10-1	1374-1380	Kraška	_	A.1 Surface landform[8]	DEFINIENDUM[33]	_	_	
10-2	1380-1381	 	_	A.1 Surface landform[8]	DEFINIENDUM[33]	_	_	
10-3	1381-1386	polja	_	A.1 Surface landform[8]	DEFINIENDUM[33]	_	_	
10-4	1387-1389	so	_	_	DEFINITOR	_	_	
10-5	1390-1398	največje	_	_	_	HAS\_SIZE	_	
10-6	1399-1405	kraške	_	_	GENUS[34]	_	_	
10-7	1406-1413	kotanje	_	D.1 Abiotic	GENUS[34]	_	_	
10-8	1413-1414	.	_	_	_	_	_	

#Text=Cvijić je v svojih delih o krasu opredelil tri glavne dejavnike, ki opredeljujejo pojem kraškega polja: podolgovato, uravnano dno z jasno izraženim prehodom v višji obod (Gams, 1973; Gams, 1974).
11-1	1416-1422	Cvijić	_	_	_	_	_	
11-2	1423-1425	je	_	_	_	_	_	
11-3	1426-1427	v	_	_	_	_	_	
11-4	1428-1434	svojih	_	_	_	_	_	
11-5	1435-1440	delih	_	_	_	_	_	
11-6	1441-1442	o	_	_	_	_	_	
11-7	1442-1443	 	_	_	_	_	_	
11-8	1443-1448	krasu	_	_	_	_	_	
11-9	1449-1458	opredelil	_	_	_	_	_	
11-10	1458-1459	 	_	_	_	_	_	
11-11	1459-1462	tri	_	_	_	_	_	
11-12	1463-1469	glavne	_	_	_	_	_	
11-13	1470-1479	dejavnike	_	_	_	_	_	
11-14	1479-1480	,	_	_	_	_	_	
11-15	1481-1483	ki	_	_	_	_	_	
11-16	1484-1497	opredeljujejo	_	_	DEFINITOR[35]	_	_	
11-17	1498-1503	pojem	_	_	DEFINITOR[35]	_	_	
11-18	1504-1512	kraškega	_	A.1 Surface landform[9]	DEFINIENDUM[36]	_	_	
11-19	1513-1518	polja	_	A.1 Surface landform[9]	DEFINIENDUM[36]	_	_	
11-20	1518-1519	:	_	_	_	_	_	
11-21	1520-1531	podolgovato	_	_	_	HAS\_FORM[64]	_	
11-22	1531-1532	,	_	_	_	HAS\_FORM[64]	_	
11-23	1533-1541	uravnano	_	_	_	HAS\_FORM[64]	_	
11-24	1542-1545	dno	_	D.1 Abiotic	_	HAS\_FORM[64]	_	
11-25	1546-1547	z	_	_	_	HAS\_FORM[64]	_	
11-26	1548-1553	jasno	_	_	_	HAS\_FORM[64]	_	
11-27	1554-1563	izraženim	_	_	_	HAS\_FORM[64]	_	
11-28	1564-1572	prehodom	_	_	_	HAS\_FORM[64]	_	
11-29	1573-1574	v	_	_	_	HAS\_FORM[64]	_	
11-30	1575-1580	višji	_	_	_	HAS\_FORM[64]	_	
11-31	1581-1585	obod	_	D.1 Abiotic	_	HAS\_FORM[64]	_	
11-32	1586-1587	(	_	_	_	_	_	
11-33	1587-1591	Gams	_	_	_	_	_	
11-34	1591-1592	,	_	_	_	_	_	
11-35	1593-1597	1973	_	_	_	_	_	
11-36	1597-1598	;	_	_	_	_	_	
11-37	1599-1603	Gams	_	_	_	_	_	
11-38	1603-1604	,	_	_	_	_	_	
11-39	1605-1609	1974	_	_	_	_	_	
11-40	1609-1610	)	_	_	_	_	_	
11-41	1610-1611	.	_	_	_	_	_	

#Text=Za kraška polja sta značilna sklenjen obod nad razmeroma uravnanim obsežnim dnom in kraška hidrologija. 
12-1	1613-1615	Za	_	_	_	_	_	
12-2	1616-1622	kraška	_	A.1 Surface landform[10]	DEFINIENDUM[37]	_	_	
12-3	1623-1628	polja	_	A.1 Surface landform[10]	DEFINIENDUM[37]	_	_	
12-4	1629-1632	sta	_	_	DEFINITOR[38]	_	_	
12-5	1633-1641	značilna	_	_	DEFINITOR[38]	_	_	
12-6	1642-1650	sklenjen	_	_	_	HAS\_FORM[65]	_	
12-7	1651-1655	obod	_	D.1 Abiotic	_	HAS\_FORM[65]	_	
12-8	1656-1659	nad	_	_	_	HAS\_FORM[65]	_	
12-9	1660-1669	razmeroma	_	_	_	HAS\_FORM[65]	_	
12-10	1670-1679	uravnanim	_	_	_	HAS\_FORM[65]	_	
12-11	1680-1688	obsežnim	_	_	_	HAS\_FORM[65]	_	
12-12	1689-1693	dnom	_	D.1 Abiotic	_	HAS\_FORM[65]	_	
12-13	1694-1696	in	_	_	_	_	_	
12-14	1697-1703	kraška	_	D.3 Property[11]	_	HAS\_ATTRIBUTE[66]	_	
12-15	1704-1715	hidrologija	_	D.3 Property[11]	_	HAS\_ATTRIBUTE[66]	_	
12-16	1715-1716	.	_	_	_	_	_	
12-17	1716-1717	 	_	_	_	_	_	

#Text=Slovenska kraška terminologija (cit. Gams, 2004) opredeljuje, da je za kraško polje bistvena najmanj pol kilometra široka uravnava z višjim obodom.
13-1	1718-1727	Slovenska	_	_	_	_	_	
13-2	1728-1734	kraška	_	_	_	_	_	
13-3	1735-1748	terminologija	_	_	_	_	_	
13-4	1748-1749	 	_	_	_	_	_	
13-5	1749-1750	(	_	_	_	_	_	
13-6	1750-1753	cit	_	_	_	_	_	
13-7	1753-1754	.	_	_	_	_	_	
13-8	1755-1759	Gams	_	_	_	_	_	
13-9	1759-1760	,	_	_	_	_	_	
13-10	1761-1765	2004	_	_	_	_	_	
13-11	1765-1766	)	_	_	_	_	_	
13-12	1767-1778	opredeljuje	_	_	_	_	_	
13-13	1778-1779	,	_	_	_	_	_	
13-14	1780-1782	da	_	_	_	_	_	
13-15	1783-1785	je	_	_	_	_	_	
13-16	1786-1788	za	_	_	_	_	_	
13-17	1789-1795	kraško	_	_	_	_	_	
13-18	1796-1801	polje	_	_	_	_	_	
13-19	1802-1810	bistvena	_	_	_	_	_	
13-20	1811-1818	najmanj	_	_	_	_	_	
13-21	1819-1822	pol	_	_	_	_	_	
13-22	1823-1832	kilometra	_	_	_	_	_	
13-23	1833-1839	široka	_	_	_	_	_	
13-24	1840-1848	uravnava	_	_	_	_	_	
13-25	1849-1850	z	_	_	_	_	_	
13-26	1851-1857	višjim	_	_	_	_	_	
13-27	1858-1864	obodom	_	_	_	_	_	
13-28	1864-1865	.	_	_	_	_	_	

#Text=Natančnejšo opredelitev kraškega polja je podal Gams (1973; 1974; 1978) po sledečih kriterijih (Gams, 1978; cv: Ford, Williams, 2007; Gams, 1973: Gams, 1974): uravnano, tudi terasirano dno v živoskalni podlagi oziroma v nesortiranih naplavinah; jasno zaokrožena depresija s strmo vzpenjajočim se obodom vsaj na eni strani polja; kraški odtok; površinske vode na polju ponikajo.
14-1	1867-1878	Natančnejšo	_	_	_	_	_	
14-2	1879-1890	opredelitev	_	_	DEFINITOR[39]	_	_	
14-3	1890-1891	 	_	_	DEFINITOR[39]	_	_	
14-4	1891-1899	kraškega	_	A.1 Surface landform[12]	DEFINIENDUM[40]	_	_	
14-5	1900-1905	polja	_	A.1 Surface landform[12]	DEFINIENDUM[40]	_	_	
14-6	1906-1908	je	_	_	DEFINITOR[41]	_	_	
14-7	1908-1909	 	_	_	DEFINITOR[41]	_	_	
14-8	1909-1914	podal	_	_	DEFINITOR[41]	_	_	
14-9	1915-1919	Gams	_	_	_	_	_	
14-10	1920-1921	(	_	_	_	_	_	
14-11	1921-1925	1973	_	_	_	_	_	
14-12	1925-1926	;	_	_	_	_	_	
14-13	1927-1931	1974	_	_	_	_	_	
14-14	1931-1932	;	_	_	_	_	_	
14-15	1933-1937	1978	_	_	_	_	_	
14-16	1937-1938	)	_	_	_	_	_	
14-17	1939-1941	po	_	_	_	_	_	
14-18	1942-1950	sledečih	_	_	_	_	_	
14-19	1951-1961	kriterijih	_	_	_	_	_	
14-20	1962-1963	(	_	_	_	_	_	
14-21	1963-1967	Gams	_	_	_	_	_	
14-22	1967-1968	,	_	_	_	_	_	
14-23	1969-1973	1978	_	_	_	_	_	
14-24	1973-1974	;	_	_	_	_	_	
14-25	1975-1977	cv	_	_	_	_	_	
14-26	1977-1978	:	_	_	_	_	_	
14-27	1979-1983	Ford	_	_	_	_	_	
14-28	1983-1984	,	_	_	_	_	_	
14-29	1985-1993	Williams	_	_	_	_	_	
14-30	1993-1994	,	_	_	_	_	_	
14-31	1995-1999	2007	_	_	_	_	_	
14-32	1999-2000	;	_	_	_	_	_	
14-33	2001-2005	Gams	_	_	_	_	_	
14-34	2005-2006	,	_	_	_	_	_	
14-35	2007-2011	1973	_	_	_	_	_	
14-36	2011-2012	:	_	_	_	_	_	
14-37	2013-2017	Gams	_	_	_	_	_	
14-38	2017-2018	,	_	_	_	_	_	
14-39	2019-2023	1974	_	_	_	_	_	
14-40	2023-2024	)	_	_	_	_	_	
14-41	2024-2025	:	_	_	_	_	_	
14-42	2026-2034	uravnano	_	_	_	HAS\_FORM[67]	_	
14-43	2034-2035	,	_	_	_	HAS\_FORM[67]	_	
14-44	2036-2040	tudi	_	_	_	HAS\_FORM[67]	_	
14-45	2041-2051	terasirano	_	_	_	HAS\_FORM[67]	_	
14-46	2052-2055	dno	_	D.1 Abiotic	_	HAS\_FORM[67]	_	
14-47	2056-2057	v	_	_	_	COMPOSITION\_MEDIUM[68]	frame\_COMPOSITION	
14-48	2058-2068	živoskalni	_	D.1 Abiotic[13]	_	COMPOSITION\_MEDIUM[68]	_	
14-49	2069-2076	podlagi	_	D.1 Abiotic[13]	_	COMPOSITION\_MEDIUM[68]	_	
14-50	2077-2084	oziroma	_	_	_	_	_	
14-51	2085-2086	v	_	_	_	COMPOSITION\_MEDIUM[69]	frame\_COMPOSITION	
14-52	2087-2099	nesortiranih	_	_	_	COMPOSITION\_MEDIUM[69]	_	
14-53	2100-2110	naplavinah	_	D.1 Abiotic	_	COMPOSITION\_MEDIUM[69]	_	
14-54	2110-2111	;	_	_	_	_	_	
14-55	2112-2117	jasno	_	_	_	_	_	
14-56	2118-2128	zaokrožena	_	_	_	HAS\_FORM[70]	_	
14-57	2129-2138	depresija	_	D.1 Abiotic	GENUS	HAS\_FORM[70]	_	
14-58	2139-2140	s	_	_	_	HAS\_FORM[70]	_	
14-59	2141-2146	strmo	_	_	_	HAS\_FORM[70]	_	
14-60	2147-2159	vzpenjajočim	_	_	_	HAS\_FORM[70]	_	
14-61	2160-2162	se	_	_	_	HAS\_FORM[70]	_	
14-62	2163-2169	obodom	_	D.1 Abiotic	_	HAS\_FORM[70]	_	
14-63	2170-2174	vsaj	_	_	_	HAS\_LOCATION[71]	frame\_LOCATION[81]	
14-64	2175-2177	na	_	_	_	HAS\_LOCATION[71]	frame\_LOCATION[81]	
14-65	2178-2181	eni	_	_	_	HAS\_LOCATION[71]	_	
14-66	2182-2188	strani	_	_	_	HAS\_LOCATION[71]	_	
14-67	2189-2194	polja	_	_	_	HAS\_LOCATION[71]	_	
14-68	2194-2195	;	_	_	_	_	_	
14-69	2196-2202	kraški	_	A.3 Hydrological form[14]	_	HAS\_FUNCTION[72]	_	
14-70	2203-2208	odtok	_	A.3 Hydrological form[14]	_	HAS\_FUNCTION[72]	_	
14-71	2208-2209	;	_	_	_	HAS\_FUNCTION[72]	_	
14-72	2210-2220	površinske	_	D.1 Abiotic[15]	_	HAS\_FUNCTION[72]	_	
14-73	2221-2225	vode	_	D.1 Abiotic[15]	_	HAS\_FUNCTION[72]	_	
14-74	2226-2228	na	_	_	_	HAS\_FUNCTION[72]	_	
14-75	2229-2234	polju	_	A.1 Surface landform	_	HAS\_FUNCTION[72]	_	
14-76	2235-2243	ponikajo	_	_	_	HAS\_FUNCTION[72]	frame\_FUNCTION	
14-77	2243-2244	.	_	_	_	_	_	

#Text=Novejša definicija kraška polja opredeljuje kot večje, jasno zaokrožene, uravnane depresije s posebnimi pritočnimi in odtočnimi značilnostmi oziroma kot otoke fluvialnega reliefa v krasu.
15-1	2246-2253	Novejša	_	_	_	_	_	
15-2	2254-2264	definicija	_	_	_	_	_	
15-3	2265-2271	kraška	_	A.1 Surface landform[16]	DEFINIENDUM[42]	_	_	
15-4	2272-2277	polja	_	A.1 Surface landform[16]	DEFINIENDUM[42]	_	_	
15-5	2278-2289	opredeljuje	_	_	DEFINITOR[43]	_	_	
15-6	2290-2293	kot	_	_	DEFINITOR[43]	_	_	
15-7	2294-2299	večje	_	_	_	HAS\_SIZE	_	
15-8	2299-2300	,	_	_	_	_	_	
15-9	2301-2306	jasno	_	_	_	HAS\_FORM[73]	_	
15-10	2307-2317	zaokrožene	_	_	_	HAS\_FORM[73]	_	
15-11	2317-2318	,	_	_	_	_	_	
15-12	2319-2327	uravnane	_	_	_	HAS\_FORM[74]	_	
15-13	2328-2337	depresije	_	D.1 Abiotic	GENUS	HAS\_FORM[74]	_	
15-14	2338-2339	s	_	_	_	HAS\_FORM[74]	_	
15-15	2340-2349	posebnimi	_	_	_	HAS\_FORM[74]	_	
15-16	2350-2360	pritočnimi	_	_	_	HAS\_FORM[74]	_	
15-17	2361-2363	in	_	_	_	HAS\_FORM[74]	_	
15-18	2364-2373	odtočnimi	_	_	_	HAS\_FORM[74]	_	
15-19	2374-2386	značilnostmi	_	_	_	HAS\_FORM[74]	_	
15-20	2387-2394	oziroma	_	_	DEFINITOR[44]	_	_	
15-21	2395-2398	kot	_	_	DEFINITOR[44]	_	_	
15-22	2399-2404	otoke	_	D.1 Abiotic	_	HAS\_FORM[75]	_	
15-23	2405-2416	fluvialnega	_	_	_	HAS\_FORM[75]	_	
15-24	2417-2424	reliefa	_	_	_	HAS\_FORM[75]	_	
15-25	2425-2426	v	_	_	_	HAS\_LOCATION[76]	frame\_LOCATION	
15-26	2427-2432	krasu	_	C. Geome	_	HAS\_LOCATION[76]	_	
15-27	2432-2433	.	_	_	_	_	_	
