#FORMAT=WebAnno TSV 3.2
#T_SP=webanno.custom.Canonicalform|Canonical
#T_SP=webanno.custom.Category|Category
#T_SP=webanno.custom.Definitionelement|Def_element
#T_SP=webanno.custom.Relation|Relation
#T_SP=webanno.custom.Relation_definitor|Rel_verb_frame


#Text=speleofakt - Vsaka speleološka struktura, nastala kot neposredna ali posredna posledica nadomeščanja trdne faze s tekočo in posledično lete s tekočo, plinasto ali sekundarno trdno fazo. Speleofakti so speleogeni in speleotemi.
1-1	0-10	speleofakt	_	A.2 Underground landform	DEFINIENDUM	_	_	
1-2	11-12	-	_	_	_	_	_	
1-3	13-18	Vsaka	_	_	_	_	_	
1-4	19-30	speleološka	_	_	GENUS[38]	_	_	
1-5	31-40	struktura	_	D.1 Abiotic	GENUS[38]	_	_	
1-6	40-41	,	_	_	_	_	_	
1-7	42-49	nastala	_	_	_	HAS\_CAUSE[51]	frame\_CAUSE[87]	
1-8	50-53	kot	_	_	_	HAS\_CAUSE[51]	frame\_CAUSE[87]	
1-9	54-64	neposredna	_	_	_	HAS\_CAUSE[51]	_	
1-10	65-68	ali	_	_	_	HAS\_CAUSE[51]	_	
1-11	69-77	posredna	_	_	_	HAS\_CAUSE[51]	_	
1-12	78-87	posledica	_	_	_	HAS\_CAUSE[51]	_	
1-13	88-100	nadomeščanja	_	B.4 Transformation	_	HAS\_CAUSE[51]	_	
1-14	101-106	trdne	_	D.3 Property[4]	_	HAS\_CAUSE[51]	_	
1-15	107-111	faze	_	D.3 Property[4]	_	HAS\_CAUSE[51]	_	
1-16	112-113	s	_	_	_	HAS\_CAUSE[51]	_	
1-17	114-120	tekočo	tekoča faza	D.3 Property	_	HAS\_CAUSE[51]	_	
1-18	121-123	in	_	_	_	HAS\_CAUSE[51]	_	
1-19	124-134	posledično	_	_	_	HAS\_CAUSE[51]	_	
1-20	135-139	lete	_	_	_	HAS\_CAUSE[51]	_	
1-21	140-141	s	_	_	_	HAS\_CAUSE[51]	_	
1-22	142-148	tekočo	tekoča faza	D.3 Property	_	HAS\_CAUSE[51]	_	
1-23	148-149	,	_	_	_	HAS\_CAUSE[51]	_	
1-24	150-158	plinasto	_	_	_	HAS\_CAUSE[51]	_	
1-25	159-162	ali	_	_	_	HAS\_CAUSE[51]	_	
1-26	163-173	sekundarno	_	D.3 Property[5]	_	HAS\_CAUSE[51]	_	
1-27	174-179	trdno	_	D.3 Property[5]	_	HAS\_CAUSE[51]	_	
1-28	180-184	fazo	_	D.3 Property[5]	_	HAS\_CAUSE[51]	_	
1-29	184-185	.	_	_	_	_	_	
1-30	186-197	Speleofakti	_	_	_	_	_	
1-31	198-200	so	_	_	_	_	_	
1-32	201-211	speleogeni	_	A.2 Underground landform	SPECIES	_	_	
1-33	212-214	in	_	_	_	_	_	
1-34	215-225	speleotemi	_	A.2 Underground landform	SPECIES	_	_	
1-35	225-226	.	_	_	_	_	_	

#Text=speleogen - Speleofakt, ki nastane z odnašanjem matične kamnine, ob delovanju procesov, kijih definiramo kot kraške. Kraška votlina v najširšem smislu.
2-1	229-238	speleogen	_	A.2 Underground landform	DEFINIENDUM	_	_	
2-2	239-240	-	_	_	_	_	_	
2-3	241-251	Speleofakt	_	A.2 Underground landform	GENUS	_	_	
2-4	251-252	,	_	_	_	_	_	
2-5	253-255	ki	_	_	_	HAS\_CAUSE[52]	_	
2-6	256-263	nastane	_	_	_	HAS\_CAUSE[52]	frame\_CAUSE[88]	
2-7	264-265	z	_	_	_	HAS\_CAUSE[52]	frame\_CAUSE[88]	
2-8	266-276	odnašanjem	_	B.2 Loss	_	HAS\_CAUSE[52]	_	
2-9	277-284	matične	_	D.1 Abiotic[6]	_	HAS\_CAUSE[52]	_	
2-10	285-292	kamnine	_	D.1 Abiotic[6]	_	HAS\_CAUSE[52]	_	
2-11	292-293	,	_	_	_	HAS\_CAUSE[52]	_	
2-12	294-296	ob	_	_	_	HAS\_CAUSE[52]	_	
2-13	297-306	delovanju	_	_	_	HAS\_CAUSE[52]	_	
2-14	307-315	procesov	kraških procesov	B. Process	_	HAS\_CAUSE[52]	_	
2-15	315-316	,	_	_	_	HAS\_CAUSE[52]	_	
2-16	317-322	kijih	ki jih	_	_	HAS\_CAUSE[52]	_	
2-17	323-333	definiramo	_	_	_	HAS\_CAUSE[52]	_	
2-18	334-337	kot	_	_	_	HAS\_CAUSE[52]	_	
2-19	338-344	kraške	kraški procesi	_	_	HAS\_CAUSE[52]	_	
2-20	344-345	.	_	_	_	_	_	
2-21	346-352	Kraška	_	A.2 Underground landform[7]	_	_	_	
2-22	353-360	votlina	_	A.2 Underground landform[7]	_	_	_	
2-23	361-362	v	_	_	_	_	_	
2-24	363-372	najširšem	_	_	_	_	_	
2-25	373-379	smislu	_	_	_	_	_	
2-26	379-380	.	_	_	_	_	_	

#Text=speleogenetska faza - Časovno obdobje, v katerem vladajo v svežnju oz. kanalih stalne hidrodinamske razmere, na katere se oblikovanje kanala odziva na značilen način.
3-1	383-397	speleogenetska	_	D.3 Property[8]	DEFINIENDUM[39]	_	_	
3-2	398-402	faza	_	D.3 Property[8]	DEFINIENDUM[39]	_	_	
3-3	403-404	-	_	_	_	_	_	
3-4	405-412	Časovno	_	_	GENUS[40]	_	_	
3-5	413-420	obdobje	_	_	GENUS[40]	_	_	
3-6	420-421	,	_	_	_	_	_	
3-7	422-423	v	_	_	_	HAS\_CAUSE[53]	_	
3-8	424-431	katerem	_	_	_	HAS\_CAUSE[53]	_	
3-9	432-439	vladajo	_	_	_	HAS\_CAUSE[53]	_	
3-10	440-441	v	_	_	_	HAS\_CAUSE[53]	_	
3-11	442-449	svežnju	_	A.2 Underground landform	_	HAS\_CAUSE[53]	_	
3-12	450-452	oz	_	_	_	HAS\_CAUSE[53]	_	
3-13	452-453	.	_	_	_	HAS\_CAUSE[53]	_	
3-14	454-461	kanalih	_	A.2 Underground landform	_	HAS\_CAUSE[53]	_	
3-15	462-468	stalne	_	_	_	HAS\_CAUSE[53]	_	
3-16	469-482	hidrodinamske	_	D.3 Property[9]	_	HAS\_CAUSE[53]	_	
3-17	483-490	razmere	_	D.3 Property[9]	_	HAS\_CAUSE[53]	_	
3-18	490-491	,	_	_	_	HAS\_CAUSE[53]	_	
3-19	492-494	na	_	_	_	HAS\_CAUSE[53]	_	
3-20	495-501	katere	_	_	_	HAS\_CAUSE[53]	_	
3-21	502-504	se	_	_	_	HAS\_CAUSE[53]	_	
3-22	505-516	oblikovanje	_	B.4 Transformation	_	HAS\_CAUSE[53]	_	
3-23	517-523	kanala	_	_	_	HAS\_CAUSE[53]	_	
3-24	524-530	odziva	_	_	_	HAS\_CAUSE[53]	_	
3-25	531-533	na	_	_	_	HAS\_CAUSE[53]	_	
3-26	534-542	značilen	_	_	_	HAS\_CAUSE[53]	_	
3-27	543-548	način	_	_	_	HAS\_CAUSE[53]	_	
3-28	548-549	.	_	_	_	_	_	

#Text=speleogenetski prostor - Del kamninskega masiva, v katerem lahko nastanejo ali so že nastale kraške votline.
4-1	552-566	speleogenetski	_	C. Geome[10]	DEFINIENDUM[41]	_	_	
4-2	567-574	prostor	_	C. Geome[10]	DEFINIENDUM[41]	_	_	
4-3	575-576	-	_	_	_	_	_	
4-4	577-580	Del	_	_	_	_	_	
4-5	581-592	kamninskega	_	_	_	_	_	
4-6	593-599	masiva	_	D.1 Abiotic	_	_	_	
4-7	599-600	,	_	_	_	_	_	
4-8	601-602	v	_	_	_	HAS\_FUNCTION[54]	_	
4-9	603-610	katerem	_	_	_	HAS\_FUNCTION[54]	_	
4-10	611-616	lahko	_	_	_	HAS\_FUNCTION[54]	_	
4-11	617-626	nastanejo	_	_	_	HAS\_FUNCTION[54]	_	
4-12	627-630	ali	_	_	_	HAS\_FUNCTION[54]	_	
4-13	631-633	so	_	_	_	HAS\_FUNCTION[54]	_	
4-14	634-636	že	_	_	_	HAS\_FUNCTION[54]	_	
4-15	637-644	nastale	_	_	_	HAS\_FUNCTION[54]	_	
4-16	645-651	kraške	_	A.2 Underground landform[11]	_	HAS\_FUNCTION[54]	_	
4-17	652-659	votline	_	A.2 Underground landform[11]	_	HAS\_FUNCTION[54]	_	
4-18	659-660	.	_	_	_	_	_	

#Text=speleološki objekt - Sinonim za individualno, človeku prehodno kraško votlino, modrejši izraz ja jamo. Dobesedno bi speleološki objekt pomenil raziskovalni predmet speleologije, vendar se v tem smislu ne uporablja.
5-1	663-674	speleološki	_	A.2 Underground landform[12]	DEFINIENDUM[42]	_	_	
5-2	675-681	objekt	_	A.2 Underground landform[12]	DEFINIENDUM[42]	_	_	
5-3	682-683	-	_	_	_	_	_	
5-4	684-691	Sinonim	_	_	_	DEFINED\_AS[55]	_	
5-5	692-694	za	_	_	_	DEFINED\_AS[55]	_	
5-6	695-707	individualno	_	_	_	DEFINED\_AS[55]	_	
5-7	707-708	,	_	_	_	DEFINED\_AS[55]	_	
5-8	709-716	človeku	_	_	_	DEFINED\_AS[55]	_	
5-9	717-725	prehodno	_	_	_	DEFINED\_AS[55]	_	
5-10	726-732	kraško	_	A.2 Underground landform[13]	GENUS[43]	DEFINED\_AS[55]	_	
5-11	733-740	votlino	_	A.2 Underground landform[13]	GENUS[43]	DEFINED\_AS[55]	_	
5-12	740-741	,	_	_	_	DEFINED\_AS[55]	_	
5-13	742-750	modrejši	_	_	_	DEFINED\_AS[55]	_	
5-14	751-756	izraz	_	_	_	DEFINED\_AS[55]	_	
5-15	757-759	ja	_	_	_	DEFINED\_AS[55]	_	
5-16	760-764	jamo	_	A.2 Underground landform	_	DEFINED\_AS[55]	_	
5-17	764-765	.	_	_	_	_	_	
5-18	766-775	Dobesedno	_	_	_	_	_	
5-19	776-778	bi	_	_	_	_	_	
5-20	779-790	speleološki	_	A.2 Underground landform[14]	_	_	_	
5-21	791-797	objekt	_	A.2 Underground landform[14]	_	_	_	
5-22	798-805	pomenil	_	_	_	_	_	
5-23	806-818	raziskovalni	_	_	_	_	_	
5-24	819-826	predmet	_	D.1 Abiotic	_	_	_	
5-25	827-839	speleologije	_	D.3 Property	_	_	_	
5-26	839-840	,	_	_	_	_	_	
5-27	841-847	vendar	_	_	_	_	_	
5-28	848-850	se	_	_	_	_	_	
5-29	851-852	v	_	_	_	_	_	
5-30	853-856	tem	_	_	_	_	_	
5-31	857-863	smislu	_	_	_	_	_	
5-32	864-866	ne	_	_	_	_	_	
5-33	867-876	uporablja	_	_	_	_	_	
5-34	876-877	.	_	_	_	_	_	

#Text=speleotem - Produkt kateregakoli procesa, ki dovaja trdno fazo v kraško votlino in nadomešča speleogen. V ožjem smislu siga.
6-1	880-889	speleotem	_	A.2 Underground landform	DEFINIENDUM	_	_	
6-2	890-891	-	_	_	_	_	_	
6-3	892-899	Produkt	_	D.1 Abiotic	_	DEFINED\_AS[56]	_	
6-4	900-912	kateregakoli	_	_	_	DEFINED\_AS[56]	_	
6-5	913-920	procesa	_	_	_	DEFINED\_AS[56]	_	
6-6	920-921	,	_	_	_	DEFINED\_AS[56]	_	
6-7	922-924	ki	_	_	_	DEFINED\_AS[56]	_	
6-8	925-931	dovaja	_	B.3 Addition	_	DEFINED\_AS[56]	_	
6-9	932-937	trdno	_	D.3 Property[15]	_	DEFINED\_AS[56]	_	
6-10	938-942	fazo	_	D.3 Property[15]	_	DEFINED\_AS[56]	_	
6-11	943-944	v	_	_	_	DEFINED\_AS[56]	_	
6-12	945-951	kraško	_	A.2 Underground landform[16]	_	DEFINED\_AS[56]	_	
6-13	952-959	votlino	_	A.2 Underground landform[16]	_	DEFINED\_AS[56]	_	
6-14	960-962	in	_	_	_	DEFINED\_AS[56]	_	
6-15	963-972	nadomešča	_	_	_	DEFINED\_AS[56]	_	
6-16	973-982	speleogen	_	A.2 Underground landform	_	DEFINED\_AS[56]	_	
6-17	982-983	.	_	_	_	_	_	
6-18	984-985	V	_	_	_	_	_	
6-19	986-991	ožjem	_	_	_	_	_	
6-20	992-998	smislu	_	_	_	_	_	
6-21	999-1003	siga	_	D.1 Abiotic	_	_	_	
6-22	1003-1004	.	_	_	_	_	_	

#Text=tunelski rov - Rov v epifreatični coni, ki po obliki spominja na predor. Nastane za ponori večjih alogenih tokov, v manjšem obsegu kot učinek Gospo­daričevega efekta v avtigenem okolju.
7-1	1007-1015	tunelski	_	A.2 Underground landform[17]	DEFINIENDUM[44]	_	_	
7-2	1016-1019	rov	_	A.2 Underground landform[17]	DEFINIENDUM[44]	_	_	
7-3	1020-1021	-	_	_	_	_	_	
7-4	1022-1025	Rov	_	A.2 Underground landform	GENUS	_	_	
7-5	1026-1027	v	_	_	_	HAS\_LOCATION[57]	frame\_LOCATION	
7-6	1028-1040	epifreatični	_	C. Geome[18]	_	HAS\_LOCATION[57]	_	
7-7	1041-1045	coni	_	C. Geome[18]	_	HAS\_LOCATION[57]	_	
7-8	1045-1046	,	_	_	_	_	_	
7-9	1047-1049	ki	_	_	_	HAS\_FORM[58]	_	
7-10	1050-1052	po	_	_	_	HAS\_FORM[58]	frame\_FORM[89]	
7-11	1053-1059	obliki	_	_	_	HAS\_FORM[58]	frame\_FORM[89]	
7-12	1060-1068	spominja	_	_	_	HAS\_FORM[58]	frame\_FORM[89]	
7-13	1069-1071	na	_	_	_	HAS\_FORM[58]	frame\_FORM[89]	
7-14	1072-1078	predor	_	D.1 Abiotic	_	HAS\_FORM[58]	_	
7-15	1078-1079	.	_	_	_	_	_	
7-16	1080-1087	Nastane	_	_	_	HAS\_CAUSE[59]	frame\_CAUSE	
7-17	1088-1090	za	_	_	_	HAS\_CAUSE[59]	_	
7-18	1091-1097	ponori	_	A.3 Hydrological form	_	HAS\_CAUSE[59]	_	
7-19	1098-1104	večjih	_	_	_	HAS\_CAUSE[59]	_	
7-20	1105-1113	alogenih	_	D.1 Abiotic[19]	_	HAS\_CAUSE[59]	_	
7-21	1114-1119	tokov	_	D.1 Abiotic[19]	_	HAS\_CAUSE[59]	_	
7-22	1119-1120	,	_	_	_	HAS\_CAUSE[59]	_	
7-23	1121-1122	v	_	_	_	HAS\_CAUSE[59]	_	
7-24	1123-1130	manjšem	_	_	_	HAS\_CAUSE[59]	_	
7-25	1131-1137	obsegu	_	_	_	HAS\_CAUSE[59]	_	
7-26	1138-1141	kot	_	_	_	HAS\_CAUSE[59]	_	
7-27	1142-1148	učinek	_	_	_	HAS\_CAUSE[59]	_	
7-28	1149-1165	Gospo­daričevega	_	_	_	HAS\_CAUSE[59]	_	
7-29	1166-1172	efekta	_	D.1 Abiotic	_	HAS\_CAUSE[59]	_	
7-30	1173-1174	v	_	_	_	HAS\_CAUSE[59]	_	
7-31	1175-1184	avtigenem	_	D.1 Abiotic[20]	_	HAS\_CAUSE[59]	_	
7-32	1185-1191	okolju	_	D.1 Abiotic[20]	_	HAS\_CAUSE[59]	_	
7-33	1191-1192	.	_	_	_	_	_	

#Text=turbulentni tok - Vrtinčast način pretakanja tekočine, pri katerem se tokovnice prepletajo. To se dogaja pri hitrostih, večjih od 10·3 m/s. Navadno se pojavi v kanalih večjih od 51 O mm. Turbulentni tok traja od preboja do paragenetskega praga, pa tudi onkraj njega. Kriterij je Re> 3000.
8-1	1194-1205	turbulentni	_	D.3 Property[21]	DEFINIENDUM[45]	_	_	
8-2	1206-1209	tok	_	D.3 Property[21]	DEFINIENDUM[45]	_	_	
8-3	1210-1211	-	_	_	_	_	_	
8-4	1212-1221	Vrtinčast	_	_	_	HAS\_FORM	_	
8-5	1222-1227	način	_	_	_	DEFINED\_AS[60]	_	
8-6	1228-1238	pretakanja	_	B.1 Movement	_	DEFINED\_AS[60]	_	
8-7	1239-1247	tekočine	_	D.1 Abiotic	_	DEFINED\_AS[60]	_	
8-8	1247-1248	,	_	_	_	_	_	
8-9	1249-1252	pri	_	_	_	HAS\_FORM[61]	_	
8-10	1253-1260	katerem	_	_	_	HAS\_FORM[61]	_	
8-11	1261-1263	se	_	_	_	HAS\_FORM[61]	_	
8-12	1264-1273	tokovnice	_	D.1 Abiotic	_	HAS\_FORM[61]	_	
8-13	1274-1284	prepletajo	_	_	_	HAS\_FORM[61]	_	
8-14	1284-1285	.	_	_	_	_	_	
8-15	1286-1288	To	_	_	_	HAS\_CAUSE[62]	frame\_CAUSE[90]	
8-16	1289-1291	se	_	_	_	HAS\_CAUSE[62]	frame\_CAUSE[90]	
8-17	1292-1298	dogaja	_	_	_	HAS\_CAUSE[62]	frame\_CAUSE[90]	
8-18	1299-1302	pri	_	_	_	HAS\_CAUSE[62]	_	
8-19	1303-1312	hitrostih	_	D.1 Abiotic	_	HAS\_CAUSE[62]	_	
8-20	1312-1313	,	_	_	_	HAS\_CAUSE[62]	_	
8-21	1314-1320	večjih	_	_	_	HAS\_CAUSE[62]	_	
8-22	1321-1323	od	_	_	_	HAS\_CAUSE[62]	_	
8-23	1324-1326	10	10 - 3[1]	_	_	HAS\_CAUSE[62]	_	
8-24	1326-1327	·	10 - 3[1]	_	_	HAS\_CAUSE[62]	_	
8-25	1327-1328	3	10 - 3[1]	_	_	HAS\_CAUSE[62]	_	
8-26	1329-1330	m	_	_	_	HAS\_CAUSE[62]	_	
8-27	1330-1331	/	_	_	_	HAS\_CAUSE[62]	_	
8-28	1331-1332	s	_	_	_	HAS\_CAUSE[62]	_	
8-29	1332-1333	.	_	_	_	_	_	
8-30	1334-1341	Navadno	_	_	_	HAS\_LOCATION[63]	frame\_LOCATION[91]	
8-31	1342-1344	se	_	_	_	HAS\_LOCATION[63]	frame\_LOCATION[91]	
8-32	1345-1351	pojavi	_	_	_	HAS\_LOCATION[63]	frame\_LOCATION[91]	
8-33	1352-1353	v	_	_	_	HAS\_LOCATION[63]	frame\_LOCATION[91]	
8-34	1354-1361	kanalih	_	D.1 Abiotic	_	HAS\_LOCATION[63]	_	
8-35	1362-1368	večjih	_	_	_	HAS\_LOCATION[63]	_	
8-36	1369-1371	od	_	_	_	HAS\_LOCATION[63]	_	
8-37	1372-1374	51	_	_	_	HAS\_LOCATION[63]	_	
8-38	1375-1376	O	_	_	_	HAS\_LOCATION[63]	_	
8-39	1377-1379	mm	_	_	_	HAS\_LOCATION[63]	_	
8-40	1379-1380	.	_	_	_	_	_	
8-41	1381-1392	Turbulentni	_	_	_	HAS\_ATTRIBUTE[64]	_	
8-42	1393-1396	tok	_	_	_	HAS\_ATTRIBUTE[64]	_	
8-43	1397-1402	traja	_	_	_	HAS\_ATTRIBUTE[64]	frame\_ATTRIBUTE[92]	
8-44	1403-1405	od	_	_	_	HAS\_ATTRIBUTE[64]	frame\_ATTRIBUTE[92]	
8-45	1406-1413	preboja	_	D.1 Abiotic	_	HAS\_ATTRIBUTE[64]	_	
8-46	1414-1416	do	_	_	_	HAS\_ATTRIBUTE[64]	_	
8-47	1417-1431	paragenetskega	_	D.1 Abiotic[22]	_	HAS\_ATTRIBUTE[64]	_	
8-48	1432-1437	praga	_	D.1 Abiotic[22]	_	HAS\_ATTRIBUTE[64]	_	
8-49	1437-1438	,	_	_	_	HAS\_ATTRIBUTE[64]	_	
8-50	1439-1441	pa	_	_	_	HAS\_ATTRIBUTE[64]	_	
8-51	1442-1446	tudi	_	_	_	HAS\_ATTRIBUTE[64]	_	
8-52	1447-1453	onkraj	_	_	_	HAS\_ATTRIBUTE[64]	_	
8-53	1454-1459	njega	_	_	_	HAS\_ATTRIBUTE[64]	_	
8-54	1459-1460	.	_	_	_	_	_	
8-55	1461-1469	Kriterij	_	_	_	_	_	
8-56	1470-1472	je	_	_	_	_	_	
8-57	1473-1475	Re	_	_	_	_	_	
8-58	1475-1476	>	_	_	_	_	_	
8-59	1477-1481	3000	_	_	_	_	_	
8-60	1481-1482	.	_	_	_	_	_	

#Text=začetje - Najzgodnejša speleogenetska faza, ko se "zapiše" prihodnji potek kanala(ov). Tedaj nastane med časom / krajem, kjer doslej ni bilo speleogenetske aktivnosti, laminaren tok. Praviloma se začetje odvije ob leziki. Bistveni faktorji začetja še niso povsem znani, zdi pa se, da odločajo večje liološke razlike med skladoma (transbedding contrast), navzočnost pelitov ali navzočnost pirita oz. organske snovi. Kaže, da se začetje mnogokrat izvrši že v času diageneze.
9-1	1484-1491	začetje	_	D.3 Property	DEFINIENDUM	_	_	
9-2	1492-1493	-	_	_	_	_	_	
9-3	1494-1506	Najzgodnejša	_	_	_	DEFINED\_AS[65]	_	
9-4	1507-1521	speleogenetska	_	_	GENUS[46]	DEFINED\_AS[65]	_	
9-5	1522-1526	faza	_	D.3 Property	GENUS[46]	DEFINED\_AS[65]	_	
9-6	1526-1527	,	_	_	_	DEFINED\_AS[65]	_	
9-7	1528-1530	ko	_	_	_	DEFINED\_AS[65]	_	
9-8	1531-1533	se	_	_	_	DEFINED\_AS[65]	_	
9-9	1534-1535	"	_	_	_	DEFINED\_AS[65]	_	
9-10	1535-1541	zapiše	_	_	_	DEFINED\_AS[65]	_	
9-11	1541-1542	"	_	_	_	DEFINED\_AS[65]	_	
9-12	1543-1552	prihodnji	_	_	_	DEFINED\_AS[65]	_	
9-13	1553-1558	potek	_	_	_	DEFINED\_AS[65]	_	
9-14	1559-1565	kanala	_	D.1 Abiotic	_	DEFINED\_AS[65]	_	
9-15	1565-1566	(	_	_	_	DEFINED\_AS[65]	_	
9-16	1566-1568	ov	_	_	_	DEFINED\_AS[65]	_	
9-17	1568-1569	)	_	_	_	DEFINED\_AS[65]	_	
9-18	1569-1570	.	_	_	_	_	_	
9-19	1571-1576	Tedaj	_	_	_	HAS\_FUNCTION[66]	frame\_FUNCTION[93]	
9-20	1577-1584	nastane	_	_	_	HAS\_FUNCTION[66]	frame\_FUNCTION[93]	
9-21	1585-1588	med	_	_	_	HAS\_FUNCTION[66]	_	
9-22	1589-1594	časom	_	_	_	HAS\_FUNCTION[66]	_	
9-23	1595-1596	/	_	_	_	HAS\_FUNCTION[66]	_	
9-24	1597-1603	krajem	_	_	_	HAS\_FUNCTION[66]	_	
9-25	1603-1604	,	_	_	_	HAS\_FUNCTION[66]	_	
9-26	1605-1609	kjer	_	_	_	HAS\_FUNCTION[66]	_	
9-27	1610-1616	doslej	_	_	_	HAS\_FUNCTION[66]	_	
9-28	1617-1619	ni	_	_	_	HAS\_FUNCTION[66]	_	
9-29	1620-1624	bilo	_	_	_	HAS\_FUNCTION[66]	_	
9-30	1625-1639	speleogenetske	_	_	_	HAS\_FUNCTION[66]	_	
9-31	1640-1650	aktivnosti	_	_	_	HAS\_FUNCTION[66]	_	
9-32	1650-1651	,	_	_	_	HAS\_FUNCTION[66]	_	
9-33	1652-1661	laminaren	_	D.3 Property[23]	_	HAS\_FUNCTION[66]	_	
9-34	1662-1665	tok	_	D.3 Property[23]	_	HAS\_FUNCTION[66]	_	
9-35	1665-1666	.	_	_	_	_	_	
9-36	1667-1676	Praviloma	_	_	_	HAS\_LOCATION[67]	_	
9-37	1677-1679	se	_	_	_	HAS\_LOCATION[67]	_	
9-38	1680-1687	začetje	_	_	_	HAS\_LOCATION[67]	_	
9-39	1688-1694	odvije	_	_	_	HAS\_LOCATION[67]	_	
9-40	1695-1697	ob	_	_	_	HAS\_LOCATION[67]	frame\_LOCATION	
9-41	1698-1704	leziki	_	D.1 Abiotic	_	HAS\_LOCATION[67]	_	
9-42	1704-1705	.	_	_	_	_	_	
9-43	1706-1714	Bistveni	_	_	_	HAS\_CAUSE[68]	_	
9-44	1715-1723	faktorji	_	_	_	HAS\_CAUSE[68]	_	
9-45	1724-1731	začetja	_	_	_	HAS\_CAUSE[68]	_	
9-46	1732-1734	še	_	_	_	HAS\_CAUSE[68]	_	
9-47	1735-1739	niso	_	_	_	HAS\_CAUSE[68]	_	
9-48	1740-1746	povsem	_	_	_	HAS\_CAUSE[68]	_	
9-49	1747-1752	znani	_	_	_	HAS\_CAUSE[68]	_	
9-50	1752-1753	,	_	_	_	HAS\_CAUSE[68]	_	
9-51	1754-1757	zdi	_	_	_	HAS\_CAUSE[68]	_	
9-52	1758-1760	pa	_	_	_	HAS\_CAUSE[68]	_	
9-53	1761-1763	se	_	_	_	HAS\_CAUSE[68]	_	
9-54	1763-1764	,	_	_	_	HAS\_CAUSE[68]	_	
9-55	1765-1767	da	_	_	_	HAS\_CAUSE[68]	_	
9-56	1768-1776	odločajo	_	_	_	HAS\_CAUSE[68]	frame\_CAUSE	
9-57	1777-1782	večje	_	_	_	HAS\_CAUSE[68]	_	
9-58	1783-1791	liološke	litološke	_	_	HAS\_CAUSE[68]	_	
9-59	1792-1799	razlike	_	_	_	HAS\_CAUSE[68]	_	
9-60	1800-1803	med	_	_	_	HAS\_CAUSE[68]	_	
9-61	1804-1812	skladoma	_	D.1 Abiotic	_	HAS\_CAUSE[68]	_	
9-62	1813-1814	(	_	_	_	HAS\_CAUSE[68]	_	
9-63	1814-1826	transbedding	_	_	_	HAS\_CAUSE[68]	_	
9-64	1827-1835	contrast	_	_	_	HAS\_CAUSE[68]	_	
9-65	1835-1836	)	_	_	_	HAS\_CAUSE[68]	_	
9-66	1836-1837	,	_	_	_	HAS\_CAUSE[68]	_	
9-67	1838-1848	navzočnost	_	_	_	HAS\_CAUSE[68]	_	
9-68	1849-1856	pelitov	_	D.1 Abiotic	_	HAS\_CAUSE[68]	_	
9-69	1857-1860	ali	_	_	_	HAS\_CAUSE[68]	_	
9-70	1861-1871	navzočnost	_	_	_	HAS\_CAUSE[68]	_	
9-71	1872-1878	pirita	_	D.1 Abiotic	_	HAS\_CAUSE[68]	_	
9-72	1879-1881	oz	_	_	_	HAS\_CAUSE[68]	_	
9-73	1881-1882	.	_	_	_	HAS\_CAUSE[68]	_	
9-74	1883-1891	organske	_	D.1 Abiotic[24]	_	HAS\_CAUSE[68]	_	
9-75	1892-1897	snovi	_	D.1 Abiotic[24]	_	HAS\_CAUSE[68]	_	
9-76	1897-1898	.	_	_	_	_	_	
9-77	1899-1903	Kaže	_	_	_	OCCURS\_IN\_TIME[69]	_	
9-78	1903-1904	,	_	_	_	OCCURS\_IN\_TIME[69]	_	
9-79	1905-1907	da	_	_	_	OCCURS\_IN\_TIME[69]	_	
9-80	1908-1910	se	_	_	_	OCCURS\_IN\_TIME[69]	_	
9-81	1911-1918	začetje	_	_	_	OCCURS\_IN\_TIME[69]	_	
9-82	1919-1928	mnogokrat	_	_	_	OCCURS\_IN\_TIME[69]	_	
9-83	1929-1935	izvrši	_	_	_	OCCURS\_IN\_TIME[69]	frame\_TIME[94]	
9-84	1936-1938	že	_	_	_	OCCURS\_IN\_TIME[69]	frame\_TIME[94]	
9-85	1939-1940	v	_	_	_	OCCURS\_IN\_TIME[69]	frame\_TIME[94]	
9-86	1941-1945	času	_	_	_	OCCURS\_IN\_TIME[69]	frame\_TIME[94]	
9-87	1946-1955	diageneze	_	B.4 Transformation	_	OCCURS\_IN\_TIME[69]	_	
9-88	1955-1956	.	_	_	_	_	_	

#Text=začetni horizont - Ploskev v kamninski skladovnici, kjer se lahko (ali se je že) izvrši(lo) začetje. Terenske raziskave kažejo, da so to jasno določljive lezike, redkeje oblične ploskve. V doslej preiskanih jamah (Škocjanske, Najdena, Friar's Hole) se kaže, da ima lastnosti z. h. manj kot 10% vseh lezik v kamninskem paketu.
10-1	1959-1966	začetni	_	D.1 Abiotic[25]	DEFINIENDUM[47]	_	_	
10-2	1967-1975	horizont	_	D.1 Abiotic[25]	DEFINIENDUM[47]	_	_	
10-3	1976-1977	-	_	_	_	_	_	
10-4	1978-1985	Ploskev	_	D.1 Abiotic	GENUS	_	_	
10-5	1986-1987	v	_	_	_	HAS\_LOCATION[70]	frame\_LOCATION	
10-6	1988-1997	kamninski	_	_	_	HAS\_LOCATION[70]	_	
10-7	1998-2009	skladovnici	_	D.1 Abiotic	_	HAS\_LOCATION[70]	_	
10-8	2009-2010	,	_	_	_	_	_	
10-9	2011-2015	kjer	_	_	_	HAS\_FUNCTION[71]	_	
10-10	2016-2018	se	_	_	_	HAS\_FUNCTION[71]	_	
10-11	2019-2024	lahko	_	_	_	HAS\_FUNCTION[71]	_	
10-12	2025-2026	(	_	_	_	HAS\_FUNCTION[71]	_	
10-13	2026-2029	ali	_	_	_	HAS\_FUNCTION[71]	_	
10-14	2030-2032	se	_	_	_	HAS\_FUNCTION[71]	_	
10-15	2033-2035	je	_	_	_	HAS\_FUNCTION[71]	_	
10-16	2036-2038	že	_	_	_	HAS\_FUNCTION[71]	_	
10-17	2038-2039	)	_	_	_	HAS\_FUNCTION[71]	_	
10-18	2040-2046	izvrši	_	_	_	HAS\_FUNCTION[71]	frame\_FUNCTION	
10-19	2046-2047	(	_	_	_	HAS\_FUNCTION[71]	_	
10-20	2047-2049	lo	_	_	_	HAS\_FUNCTION[71]	_	
10-21	2049-2050	)	_	_	_	HAS\_FUNCTION[71]	_	
10-22	2051-2058	začetje	_	_	_	HAS\_FUNCTION[71]	_	
10-23	2058-2059	.	_	_	_	_	_	
10-24	2060-2068	Terenske	_	_	_	HAS\_FORM[72]	_	
10-25	2069-2078	raziskave	_	_	_	HAS\_FORM[72]	_	
10-26	2079-2085	kažejo	_	_	_	HAS\_FORM[72]	_	
10-27	2085-2086	,	_	_	_	HAS\_FORM[72]	_	
10-28	2087-2089	da	_	_	_	HAS\_FORM[72]	_	
10-29	2090-2092	so	_	_	_	HAS\_FORM[72]	_	
10-30	2093-2095	to	_	_	_	HAS\_FORM[72]	_	
10-31	2096-2101	jasno	_	_	_	HAS\_FORM[72]	_	
10-32	2102-2112	določljive	_	_	_	HAS\_FORM[72]	_	
10-33	2113-2119	lezike	_	D.1 Abiotic	_	HAS\_FORM[72]	_	
10-34	2119-2120	,	_	_	_	HAS\_FORM[72]	_	
10-35	2121-2128	redkeje	_	_	_	HAS\_FORM[72]	_	
10-36	2129-2136	oblične	_	D.1 Abiotic[26]	_	HAS\_FORM[72]	_	
10-37	2137-2144	ploskve	_	D.1 Abiotic[26]	_	HAS\_FORM[72]	_	
10-38	2144-2145	.	_	_	_	_	_	
10-39	2146-2147	V	_	_	_	_	_	
10-40	2148-2154	doslej	_	_	_	_	_	
10-41	2155-2165	preiskanih	_	_	_	_	_	
10-42	2166-2171	jamah	_	A.2 Underground landform	_	_	_	
10-43	2172-2173	(	_	_	_	_	_	
10-44	2173-2183	Škocjanske	Škocjanske jame	D.3.1 Geolocation	_	_	_	
10-45	2183-2184	,	_	_	_	_	_	
10-46	2185-2192	Najdena	Najdena jama	D.3.1 Geolocation	_	_	_	
10-47	2192-2193	,	_	_	_	_	_	
10-48	2194-2201	Friar's	Friars Hole[2]	D.3.1 Geolocation[27]	_	_	_	
10-49	2202-2206	Hole	Friars Hole[2]	D.3.1 Geolocation[27]	_	_	_	
10-50	2206-2207	)	_	_	_	_	_	
10-51	2208-2210	se	_	_	_	_	_	
10-52	2211-2215	kaže	_	_	_	_	_	
10-53	2215-2216	,	_	_	_	_	_	
10-54	2217-2219	da	_	_	_	_	_	
10-55	2220-2223	ima	_	_	_	_	_	
10-56	2224-2233	lastnosti	_	_	_	_	_	
10-57	2234-2235	z	začetni horizont[3]	_	_	_	_	
10-58	2235-2236	.	začetni horizont[3]	_	_	_	_	
10-59	2237-2238	h	začetni horizont[3]	_	_	_	_	
10-60	2238-2239	.	začetni horizont[3]	_	_	_	_	
10-61	2240-2244	manj	_	_	_	_	_	
10-62	2245-2248	kot	_	_	_	_	_	
10-63	2249-2252	10%	10 %	_	_	_	_	
10-64	2253-2257	vseh	_	_	_	_	_	
10-65	2258-2263	lezik	_	_	_	_	_	
10-66	2264-2265	v	_	_	_	_	_	
10-67	2266-2276	kamninskem	_	_	_	_	_	
10-68	2277-2283	paketu	_	_	_	_	_	
10-69	2283-2284	.	_	_	_	_	_	

#Text=zajeda - Predvsem korozijska polvotlina v navpični steni med dvema plastema oziroma znotraj plasti, ki nima povezave z mrežo jamskih kanalov. Ni kraški pojav v pravem smislu besede.
11-1	2287-2293	zajeda	_	D.1 Abiotic	DEFINIENDUM	_	_	
11-2	2294-2295	-	_	_	_	_	_	
11-3	2296-2304	Predvsem	_	_	_	HAS\_CAUSE[73]	_	
11-4	2305-2315	korozijska	_	_	_	HAS\_CAUSE[73]	_	
11-5	2316-2326	polvotlina	_	A.2 Underground landform	GENUS	_	_	
11-6	2327-2328	v	_	_	_	HAS\_LOCATION[74]	frame\_LOCATION	
11-7	2329-2337	navpični	_	_	_	HAS\_LOCATION[74]	_	
11-8	2338-2343	steni	_	D.1 Abiotic	_	HAS\_LOCATION[74]	_	
11-9	2344-2347	med	_	_	_	HAS\_LOCATION[75]	frame\_LOCATION	
11-10	2348-2353	dvema	_	_	_	HAS\_LOCATION[75]	_	
11-11	2354-2362	plastema	_	_	_	HAS\_LOCATION[75]	_	
11-12	2363-2370	oziroma	_	_	_	HAS\_LOCATION[75]	_	
11-13	2371-2378	znotraj	_	_	_	HAS\_LOCATION[75]	frame\_LOCATION	
11-14	2379-2385	plasti	_	_	_	HAS\_LOCATION[75]	_	
11-15	2385-2386	,	_	_	_	_	_	
11-16	2387-2389	ki	_	_	_	HAS\_FORM[76]	_	
11-17	2390-2394	nima	_	_	_	HAS\_FORM[76]	_	
11-18	2395-2403	povezave	_	_	_	HAS\_FORM[76]	_	
11-19	2404-2405	z	_	_	_	HAS\_FORM[76]	_	
11-20	2406-2411	mrežo	_	_	_	HAS\_FORM[76]	_	
11-21	2412-2419	jamskih	_	A.2 Underground landform[28]	_	HAS\_FORM[76]	_	
11-22	2420-2427	kanalov	_	A.2 Underground landform[28]	_	HAS\_FORM[76]	_	
11-23	2427-2428	.	_	_	_	_	_	
11-24	2429-2431	Ni	_	_	_	_	_	
11-25	2432-2438	kraški	_	_	_	_	_	
11-26	2439-2444	pojav	_	_	_	_	_	
11-27	2445-2446	v	_	_	_	_	_	
11-28	2447-2453	pravem	_	_	_	_	_	
11-29	2454-2460	smislu	_	_	_	_	_	
11-30	2461-2467	besede	_	_	_	_	_	
11-31	2467-2468	.	_	_	_	_	_	

#Text=zbirni kanali - Kanali manjših dimenzij v zgornjem delu neprežete cone. Še razpršeno preniklo (padavinsko) vodo zbirajo v večje curke, ki lahko prosto padejo in oblikujejo kamine. Ob stiku z epikrasom so zbirni kanali večkrat spužvasti (anastomozni).
12-1	2470-2476	zbirni	_	D.1 Abiotic[29]	DEFINIENDUM[48]	_	_	
12-2	2477-2483	kanali	_	D.1 Abiotic[29]	DEFINIENDUM[48]	_	_	
12-3	2484-2485	-	_	_	_	_	_	
12-4	2486-2492	Kanali	_	A.2 Underground landform	GENUS	_	_	
12-5	2493-2500	manjših	_	_	_	HAS\_SIZE[77]	_	
12-6	2501-2509	dimenzij	_	_	_	HAS\_SIZE[77]	_	
12-7	2510-2511	v	_	_	_	HAS\_LOCATION[78]	_	
12-8	2512-2520	zgornjem	_	_	_	HAS\_LOCATION[78]	_	
12-9	2521-2525	delu	_	_	_	HAS\_LOCATION[78]	_	
12-10	2526-2535	neprežete	_	C. Geome[30]	_	HAS\_LOCATION[78]	_	
12-11	2536-2540	cone	_	C. Geome[30]	_	HAS\_LOCATION[78]	_	
12-12	2540-2541	.	_	_	_	_	_	
12-13	2542-2544	Še	_	_	_	HAS\_FUNCTION[79]	_	
12-14	2545-2554	razpršeno	_	_	_	HAS\_FUNCTION[79]	_	
12-15	2555-2563	preniklo	_	_	_	HAS\_FUNCTION[79]	_	
12-16	2564-2565	(	_	_	_	HAS\_FUNCTION[79]	_	
12-17	2565-2575	padavinsko	_	_	_	HAS\_FUNCTION[79]	_	
12-18	2575-2576	)	_	_	_	HAS\_FUNCTION[79]	_	
12-19	2577-2581	vodo	_	D.1 Abiotic	_	HAS\_FUNCTION[79]	_	
12-20	2582-2589	zbirajo	_	_	_	HAS\_FUNCTION[79]	frame\_FUNCTION	
12-21	2590-2591	v	_	_	_	HAS\_FUNCTION[79]	_	
12-22	2592-2597	večje	_	_	_	HAS\_FUNCTION[79]	_	
12-23	2598-2603	curke	_	D.1 Abiotic	_	HAS\_FUNCTION[79]	_	
12-24	2603-2604	,	_	_	_	HAS\_FUNCTION[79]	_	
12-25	2605-2607	ki	_	_	_	HAS\_FUNCTION[79]	_	
12-26	2608-2613	lahko	_	_	_	HAS\_FUNCTION[79]	_	
12-27	2614-2620	prosto	_	_	_	HAS\_FUNCTION[79]	_	
12-28	2621-2627	padejo	_	_	_	HAS\_FUNCTION[79]	_	
12-29	2628-2630	in	_	_	_	HAS\_FUNCTION[79]	_	
12-30	2631-2641	oblikujejo	_	B.4 Transformation	_	HAS\_FUNCTION[79]	_	
12-31	2642-2648	kamine	_	D.1 Abiotic	_	HAS\_FUNCTION[79]	_	
12-32	2648-2649	.	_	_	_	_	_	
12-33	2650-2652	Ob	_	_	_	HAS\_FORM[80]	_	
12-34	2653-2658	stiku	_	_	_	HAS\_FORM[80]	_	
12-35	2659-2660	z	_	_	_	HAS\_FORM[80]	_	
12-36	2661-2670	epikrasom	_	C. Geome	_	HAS\_FORM[80]	_	
12-37	2671-2673	so	_	_	_	HAS\_FORM[80]	_	
12-38	2674-2680	zbirni	_	_	_	HAS\_FORM[80]	_	
12-39	2681-2687	kanali	_	_	_	HAS\_FORM[80]	_	
12-40	2688-2695	večkrat	_	_	_	HAS\_FORM[80]	_	
12-41	2696-2705	spužvasti	spužvasti zbirni kanali	D.3 Property	_	HAS\_FORM[80]	_	
12-42	2706-2707	(	_	_	_	HAS\_FORM[80]	_	
12-43	2707-2718	anastomozni	anastmozni zbirni kanali	D.3 Property	_	HAS\_FORM[80]	_	
12-44	2718-2719	)	_	_	_	HAS\_FORM[80]	_	
12-45	2719-2720	.	_	_	_	_	_	

#Text=zgodnjediagenetski kras - Kras, ki nastane v času zgodnje diageneze z raztapljanjem (korozijo) povsem ali delno strjenega apnenca. Votline zapolni mlajši karbonatni material (karbonatno blato), sparitni kalcit (kokardne teksture), glineni material, pa tudi breče, ki nastanejo s porušenjem stropov teh jam. Zgodnjediagenetski kras nastane vrh sladkovodne leče oz. vzdolž haloklinale v morskih grebenih in atolih.
13-1	2723-2741	zgodnjediagenetski	_	C. Geome[31]	DEFINIENDUM[49]	_	_	
13-2	2742-2746	kras	_	C. Geome[31]	DEFINIENDUM[49]	_	_	
13-3	2747-2748	-	_	_	_	_	_	
13-4	2749-2753	Kras	_	C. Geome	GENUS	_	_	
13-5	2753-2754	,	_	_	_	_	_	
13-6	2755-2757	ki	_	_	_	_	_	
13-7	2758-2765	nastane	_	_	_	OCCURS\_IN\_TIME[81]	_	
13-8	2766-2767	v	_	_	_	OCCURS\_IN\_TIME[81]	_	
13-9	2768-2772	času	_	_	_	OCCURS\_IN\_TIME[81]	_	
13-10	2773-2780	zgodnje	_	_	_	OCCURS\_IN\_TIME[81]	_	
13-11	2781-2790	diageneze	_	B.4 Transformation	_	OCCURS\_IN\_TIME[81]	_	
13-12	2791-2792	z	_	_	_	HAS\_CAUSE[82]	_	
13-13	2793-2806	raztapljanjem	_	B.4 Transformation	_	HAS\_CAUSE[82]	_	
13-14	2807-2808	(	_	_	_	HAS\_CAUSE[82]	_	
13-15	2808-2816	korozijo	_	B.4 Transformation	_	HAS\_CAUSE[82]	_	
13-16	2816-2817	)	_	_	_	HAS\_CAUSE[82]	_	
13-17	2818-2824	povsem	povsem strjeni	_	_	HAS\_CAUSE[82]	_	
13-18	2825-2828	ali	_	_	_	HAS\_CAUSE[82]	_	
13-19	2829-2834	delno	_	_	_	HAS\_CAUSE[82]	_	
13-20	2835-2844	strjenega	_	_	_	HAS\_CAUSE[82]	_	
13-21	2845-2852	apnenca	_	D.1 Abiotic	_	HAS\_CAUSE[82]	_	
13-22	2852-2853	.	_	_	_	_	_	
13-23	2854-2861	Votline	_	A.2 Underground landform	_	CONTAINS[83]	_	
13-24	2862-2869	zapolni	_	_	_	CONTAINS[83]	_	
13-25	2870-2876	mlajši	_	_	_	CONTAINS[83]	_	
13-26	2877-2887	karbonatni	_	_	_	CONTAINS[83]	_	
13-27	2888-2896	material	_	D.1 Abiotic	_	CONTAINS[83]	_	
13-28	2897-2898	(	_	_	_	CONTAINS[83]	_	
13-29	2898-2908	karbonatno	_	_	_	CONTAINS[83]	_	
13-30	2909-2914	blato	_	D.1 Abiotic	_	CONTAINS[83]	_	
13-31	2914-2915	)	_	_	_	CONTAINS[83]	_	
13-32	2915-2916	,	_	_	_	CONTAINS[83]	_	
13-33	2917-2925	sparitni	_	D.1 Abiotic[32]	_	CONTAINS[83]	_	
13-34	2926-2932	kalcit	_	D.1 Abiotic[32]	_	CONTAINS[83]	_	
13-35	2933-2934	(	_	_	_	CONTAINS[83]	_	
13-36	2934-2942	kokardne	_	_	_	CONTAINS[83]	_	
13-37	2943-2951	teksture	_	_	_	CONTAINS[83]	_	
13-38	2951-2952	)	_	_	_	CONTAINS[83]	_	
13-39	2952-2953	,	_	_	_	CONTAINS[83]	_	
13-40	2954-2961	glineni	_	D.1 Abiotic[33]	_	CONTAINS[83]	_	
13-41	2962-2970	material	_	D.1 Abiotic[33]	_	CONTAINS[83]	_	
13-42	2970-2971	,	_	_	_	CONTAINS[83]	_	
13-43	2972-2974	pa	_	_	_	CONTAINS[83]	_	
13-44	2975-2979	tudi	_	_	_	CONTAINS[83]	_	
13-45	2980-2985	breče	_	D.1 Abiotic	_	CONTAINS[83]	_	
13-46	2985-2986	,	_	_	_	CONTAINS[83]	_	
13-47	2987-2989	ki	_	_	_	CONTAINS[83]	_	
13-48	2990-2999	nastanejo	_	_	_	CONTAINS[83]	_	
13-49	3000-3001	s	_	_	_	CONTAINS[83]	_	
13-50	3002-3012	porušenjem	_	B.1 Movement	_	CONTAINS[83]	_	
13-51	3013-3020	stropov	_	_	_	CONTAINS[83]	_	
13-52	3021-3024	teh	_	_	_	CONTAINS[83]	_	
13-53	3025-3028	jam	_	A.2 Underground landform	_	CONTAINS[83]	_	
13-54	3028-3029	.	_	_	_	_	_	
13-55	3030-3048	Zgodnjediagenetski	_	C. Geome[34]	_	HAS\_LOCATION[84]	_	
13-56	3049-3053	kras	_	C. Geome[34]	_	HAS\_LOCATION[84]	_	
13-57	3054-3061	nastane	_	_	_	HAS\_LOCATION[84]	frame\_LOCATION[95]	
13-58	3062-3065	vrh	_	_	_	HAS\_LOCATION[84]	frame\_LOCATION[95]	
13-59	3066-3077	sladkovodne	_	_	_	HAS\_LOCATION[84]	_	
13-60	3078-3082	leče	_	D.1 Abiotic	_	HAS\_LOCATION[84]	_	
13-61	3083-3085	oz	_	_	_	HAS\_LOCATION[84]	_	
13-62	3085-3086	.	_	_	_	HAS\_LOCATION[84]	_	
13-63	3087-3093	vzdolž	_	_	_	HAS\_LOCATION[84]	frame\_LOCATION	
13-64	3094-3105	haloklinale	_	D.1 Abiotic	_	HAS\_LOCATION[84]	_	
13-65	3106-3107	v	_	_	_	HAS\_LOCATION[84]	_	
13-66	3108-3115	morskih	_	D.1 Abiotic[35]	_	HAS\_LOCATION[84]	_	
13-67	3116-3124	grebenih	_	D.1 Abiotic[35]|D.1 Abiotic[36]	_	HAS\_LOCATION[84]	_	
13-68	3125-3127	in	_	_	_	HAS\_LOCATION[84]	_	
13-69	3128-3134	atolih	_	D.1 Abiotic	_	HAS\_LOCATION[84]	_	
13-70	3134-3135	.	_	_	_	_	_	

#Text=Zogovičev efekt - Lastnost dolomita (kamnine), da se v gotovih razmerah ne raztaplja frontalno, temveč parcialno. To je lahko posledica nepopolne dolomitizacije apnenca ali pa mehanske neodpornosti dolomita na tektonske poškodbe.
14-1	3138-3147	Zogovičev	_	D.3 Property[37]	DEFINIENDUM[50]	_	_	
14-2	3148-3153	efekt	_	D.3 Property[37]	DEFINIENDUM[50]	_	_	
14-3	3154-3155	-	_	_	_	_	_	
14-4	3156-3164	Lastnost	_	_	_	HAS\_CAUSE[85]	_	
14-5	3165-3173	dolomita	_	D.1 Abiotic	_	HAS\_CAUSE[85]	_	
14-6	3174-3175	(	_	_	_	HAS\_CAUSE[85]	_	
14-7	3175-3182	kamnine	_	D.1 Abiotic	_	HAS\_CAUSE[85]	_	
14-8	3182-3183	)	_	_	_	HAS\_CAUSE[85]	_	
14-9	3183-3184	,	_	_	_	HAS\_CAUSE[85]	_	
14-10	3185-3187	da	_	_	_	HAS\_CAUSE[85]	_	
14-11	3188-3190	se	_	_	_	HAS\_CAUSE[85]	_	
14-12	3191-3192	v	_	_	_	HAS\_CAUSE[85]	_	
14-13	3193-3200	gotovih	_	_	_	HAS\_CAUSE[85]	_	
14-14	3201-3209	razmerah	_	_	_	HAS\_CAUSE[85]	_	
14-15	3210-3212	ne	_	_	_	HAS\_CAUSE[85]	_	
14-16	3213-3222	raztaplja	_	B.2 Loss	_	HAS\_CAUSE[85]	_	
14-17	3223-3232	frontalno	_	_	_	HAS\_CAUSE[85]	_	
14-18	3232-3233	,	_	_	_	HAS\_CAUSE[85]	_	
14-19	3234-3240	temveč	_	_	_	HAS\_CAUSE[85]	_	
14-20	3241-3250	parcialno	_	_	_	HAS\_CAUSE[85]	_	
14-21	3250-3251	.	_	_	_	_	_	
14-22	3252-3254	To	_	_	_	HAS\_CAUSE[86]	_	
14-23	3255-3257	je	_	_	_	HAS\_CAUSE[86]	frame\_CAUSE[96]	
14-24	3258-3263	lahko	_	_	_	HAS\_CAUSE[86]	frame\_CAUSE[96]	
14-25	3264-3273	posledica	_	_	_	HAS\_CAUSE[86]	frame\_CAUSE[96]	
14-26	3274-3283	nepopolne	_	_	_	HAS\_CAUSE[86]	_	
14-27	3284-3298	dolomitizacije	_	B.4 Transformation	_	HAS\_CAUSE[86]	_	
14-28	3299-3306	apnenca	_	D.1 Abiotic	_	HAS\_CAUSE[86]	_	
14-29	3307-3310	ali	_	_	_	HAS\_CAUSE[86]	_	
14-30	3311-3313	pa	_	_	_	HAS\_CAUSE[86]	_	
14-31	3314-3322	mehanske	_	_	_	HAS\_CAUSE[86]	_	
14-32	3323-3335	neodpornosti	_	D.3 Property	_	HAS\_CAUSE[86]	_	
14-33	3336-3344	dolomita	_	_	_	HAS\_CAUSE[86]	_	
14-34	3345-3347	na	_	_	_	HAS\_CAUSE[86]	_	
14-35	3348-3357	tektonske	_	_	_	HAS\_CAUSE[86]	_	
14-36	3358-3366	poškodbe	_	_	_	HAS\_CAUSE[86]	_	
14-37	3366-3367	.	_	_	_	_	_	
