#FORMAT=WebAnno TSV 3.2
#T_SP=webanno.custom.Canonicalform|Canonical
#T_SP=webanno.custom.Category|Category
#T_SP=webanno.custom.Definitionelement|Def_element
#T_SP=webanno.custom.Relation|Relation
#T_SP=webanno.custom.Relation_definitor|Rel_verb_frame


#Text=travertine :  Calcium carbonate, CaCO2, light in color and generally concretionary and compact, deposited from solution in ground and surface waters. Extremely porous or cellular varieties are known as calcareous tufa, calcareous sinter, or spring deposit. Compact banded varieties, capable of taking a polish, are called onyx marble or cave onyx.
1-1	0-10	travertine	_	D.1 Abiotic	DEFINIENDUM	_	_	
1-2	11-12	:	_	_	_	_	_	
1-3	14-21	Calcium	_	D.1 Abiotic[1]	GENUS[29]	COMPOSITION\_MEDIUM[43]	_	
1-4	22-31	carbonate	_	D.1 Abiotic[1]	GENUS[29]	COMPOSITION\_MEDIUM[43]	_	
1-5	31-32	,	_	D.1 Abiotic[1]	GENUS[29]	COMPOSITION\_MEDIUM[43]	_	
1-6	33-38	CaCO2	_	D.1 Abiotic[1]	GENUS[29]	COMPOSITION\_MEDIUM[43]	_	
1-7	38-39	,	_	_	_	_	_	
1-8	40-45	light	_	_	_	HAS\_FORM[44]	_	
1-9	46-48	in	_	_	_	HAS\_FORM[44]	_	
1-10	49-54	color	_	_	_	HAS\_FORM[44]	_	
1-11	55-58	and	_	_	_	HAS\_FORM[44]	_	
1-12	59-68	generally	_	_	_	HAS\_FORM[44]	_	
1-13	69-82	concretionary	_	_	_	HAS\_FORM[44]	_	
1-14	83-86	and	_	_	_	HAS\_FORM[44]	_	
1-15	87-94	compact	_	_	_	HAS\_FORM[44]	_	
1-16	94-95	,	_	_	_	_	_	
1-17	96-105	deposited	_	_	_	HAS\_CAUSE[45]	frame\_CAUSE[78]	
1-18	106-110	from	_	_	_	HAS\_CAUSE[45]	frame\_CAUSE[78]	
1-19	111-119	solution	_	B.4 Transformation	_	HAS\_CAUSE[45]	_	
1-20	120-122	in	_	_	_	HAS\_CAUSE[45]	_	
1-21	123-129	ground	_	_	_	HAS\_CAUSE[45]	_	
1-22	130-133	and	_	_	_	HAS\_CAUSE[45]	_	
1-23	134-141	surface	_	_	_	HAS\_CAUSE[45]	_	
1-24	142-148	waters	_	_	_	HAS\_CAUSE[45]	_	
1-25	148-149	.	_	_	_	_	_	
1-26	150-159	Extremely	_	_	_	_	_	
1-27	160-166	porous	_	_	_	_	_	
1-28	167-169	or	_	_	_	_	_	
1-29	170-178	cellular	_	_	_	_	_	
1-30	179-188	varieties	_	_	_	_	_	
1-31	189-192	are	_	_	_	_	_	
1-32	193-198	known	_	_	_	_	_	
1-33	199-201	as	_	_	_	_	_	
1-34	202-212	calcareous	_	D.1 Abiotic[2]	_	_	_	
1-35	213-217	tufa	_	D.1 Abiotic[2]	_	_	_	
1-36	217-218	,	_	_	_	_	_	
1-37	219-229	calcareous	_	D.1 Abiotic[3]	_	_	_	
1-38	230-236	sinter	_	D.1 Abiotic[3]	_	_	_	
1-39	236-237	,	_	_	_	_	_	
1-40	238-240	or	_	_	_	_	_	
1-41	241-247	spring	_	D.1 Abiotic[4]	_	_	_	
1-42	248-255	deposit	_	D.1 Abiotic[4]	_	_	_	
1-43	255-256	.	_	_	_	_	_	
1-44	257-264	Compact	_	_	_	_	_	
1-45	265-271	banded	_	_	_	_	_	
1-46	272-281	varieties	_	_	_	_	_	
1-47	281-282	,	_	_	_	_	_	
1-48	283-290	capable	_	_	_	_	_	
1-49	291-293	of	_	_	_	_	_	
1-50	294-300	taking	_	_	_	_	_	
1-51	301-302	a	_	_	_	_	_	
1-52	303-309	polish	_	_	_	_	_	
1-53	309-310	,	_	_	_	_	_	
1-54	311-314	are	_	_	_	_	_	
1-55	315-321	called	_	_	_	_	_	
1-56	322-326	onyx	_	D.1 Abiotic[5]	_	_	_	
1-57	327-333	marble	_	D.1 Abiotic[5]	_	_	_	
1-58	334-336	or	_	_	_	_	_	
1-59	337-341	cave	_	D.1 Abiotic[6]	_	_	_	
1-60	342-346	onyx	_	D.1 Abiotic[6]	_	_	_	
1-61	346-347	.	_	_	_	_	_	

#Text=tube :  A smooth-surfaced cave passage of elliptical or nearly circular cross section.
2-1	348-352	tube	_	A.2 Underground landform	DEFINIENDUM	_	_	
2-2	353-354	:	_	_	_	_	_	
2-3	356-357	A	_	_	_	_	_	
2-4	358-373	smooth-surfaced	_	_	_	HAS\_FORM	_	
2-5	374-378	cave	_	A.2 Underground landform[7]	GENUS[30]	_	_	
2-6	379-386	passage	_	A.2 Underground landform[7]	GENUS[30]	_	_	
2-7	387-389	of	_	_	_	HAS\_FORM[46]	_	
2-8	390-400	elliptical	_	_	_	HAS\_FORM[46]	_	
2-9	401-403	or	_	_	_	HAS\_FORM[46]	_	
2-10	404-410	nearly	_	_	_	HAS\_FORM[46]	_	
2-11	411-419	circular	_	_	_	HAS\_FORM[46]	_	
2-12	420-425	cross	_	_	_	HAS\_FORM[46]	_	
2-13	426-433	section	_	_	_	HAS\_FORM[46]	_	
2-14	433-434	.	_	_	_	_	_	

#Text=turlough :   A depression in limestone or in glacial drift over limestone that is liable to flood either from excess surface runoff or from rising ground water.
3-1	435-443	turlough	_	A.1 Surface landform	DEFINIENDUM	_	_	
3-2	444-445	:	_	_	_	_	_	
3-3	448-449	A	_	_	_	_	_	
3-4	450-460	depression	_	_	GENUS	_	_	
3-5	461-463	in	_	_	_	COMPOSITION\_MEDIUM[47]	frame\_COMPOSITION	
3-6	464-473	limestone	_	D.1 Abiotic	_	COMPOSITION\_MEDIUM[47]	_	
3-7	474-476	or	_	_	_	COMPOSITION\_MEDIUM[47]	_	
3-8	477-479	in	_	_	_	COMPOSITION\_MEDIUM[47]	_	
3-9	480-487	glacial	_	_	_	COMPOSITION\_MEDIUM[47]	_	
3-10	488-493	drift	_	_	_	COMPOSITION\_MEDIUM[47]	_	
3-11	494-498	over	_	_	_	COMPOSITION\_MEDIUM[47]	_	
3-12	499-508	limestone	_	_	_	COMPOSITION\_MEDIUM[47]	_	
3-13	509-513	that	_	_	_	HAS\_FUNCTION[48]	_	
3-14	514-516	is	_	_	_	HAS\_FUNCTION[48]	_	
3-15	517-523	liable	_	_	_	HAS\_FUNCTION[48]	_	
3-16	524-526	to	_	_	_	HAS\_FUNCTION[48]	_	
3-17	527-532	flood	_	_	_	HAS\_FUNCTION[48]	_	
3-18	533-539	either	_	_	_	HAS\_FUNCTION[48]	_	
3-19	540-544	from	_	_	_	HAS\_FUNCTION[48]	_	
3-20	545-551	excess	_	_	_	HAS\_FUNCTION[48]	_	
3-21	552-559	surface	_	_	_	HAS\_FUNCTION[48]	_	
3-22	560-566	runoff	_	_	_	HAS\_FUNCTION[48]	_	
3-23	567-569	or	_	_	_	HAS\_FUNCTION[48]	_	
3-24	570-574	from	_	_	_	HAS\_FUNCTION[48]	_	
3-25	575-581	rising	_	_	_	HAS\_FUNCTION[48]	_	
3-26	582-588	ground	_	_	_	HAS\_FUNCTION[48]	_	
3-27	589-594	water	_	_	_	HAS\_FUNCTION[48]	_	
3-28	594-595	.	_	_	_	_	_	

#Text=uvala :  Large closed depression formed by the coalesence of several dolines; compound doline.
4-1	597-602	uvala	_	A.1 Surface landform	DEFINIENDUM	_	_	
4-2	603-604	:	_	_	_	_	_	
4-3	606-611	Large	_	_	_	HAS\_SIZE	_	
4-4	612-618	closed	_	A.1 Surface landform[8]	_	HAS\_FORM	_	
4-5	619-629	depression	_	A.1 Surface landform[8]|D.1 Abiotic[9]	GENUS	_	_	
4-6	630-636	formed	_	_	_	HAS\_CAUSE[49]	frame\_CAUSE[79]	
4-7	637-639	by	_	_	_	HAS\_CAUSE[49]	frame\_CAUSE[79]	
4-8	640-643	the	_	_	_	HAS\_CAUSE[49]	_	
4-9	644-654	coalesence	_	B.4 Transformation	_	HAS\_CAUSE[49]	_	
4-10	655-657	of	_	_	_	HAS\_CAUSE[49]	_	
4-11	658-665	several	_	_	_	HAS\_CAUSE[49]	_	
4-12	666-673	dolines	_	A.1 Surface landform	_	HAS\_CAUSE[49]	_	
4-13	673-674	;	_	_	_	_	_	
4-14	675-683	compound	_	A.1 Surface landform[10]	_	_	_	
4-15	684-690	doline	_	A.1 Surface landform[10]	_	_	_	
4-16	690-691	.	_	_	_	_	_	

#Text=vadose water :  Water ir the zone of aeration; water above the zone of saturation.
5-1	693-699	vadose	_	D.1 Abiotic[11]	DEFINIENDUM[31]	_	_	
5-2	700-705	water	_	D.1 Abiotic[11]	DEFINIENDUM[31]	_	_	
5-3	706-707	:	_	_	_	_	_	
5-4	709-714	Water	_	D.1 Abiotic	GENUS	_	_	
5-5	715-717	ir	_	_	_	HAS\_LOCATION[50]	frame\_LOCATION[80]	
5-6	718-721	the	_	_	_	HAS\_LOCATION[50]	frame\_LOCATION[80]	
5-7	722-726	zone	_	C. Geome[12]	_	HAS\_LOCATION[50]	_	
5-8	727-729	of	_	C. Geome[12]	_	HAS\_LOCATION[50]	_	
5-9	730-738	aeration	_	C. Geome[12]|B.1 Movement[13]	_	HAS\_LOCATION[50]	_	
5-10	738-739	;	_	_	_	_	_	
5-11	740-745	water	_	_	_	_	_	
5-12	746-751	above	_	_	_	HAS\_LOCATION[51]	frame\_LOCATION[81]	
5-13	752-755	the	_	_	_	HAS\_LOCATION[51]	frame\_LOCATION[81]	
5-14	756-760	zone	_	C. Geome[14]	_	HAS\_LOCATION[51]	_	
5-15	761-763	of	_	C. Geome[14]	_	HAS\_LOCATION[51]	_	
5-16	764-774	saturation	_	C. Geome[14]|B.1 Movement[15]	_	HAS\_LOCATION[51]	_	
5-17	774-775	.	_	_	_	_	_	

#Text=valley sink :   An elongated closed depression or series of interconnecting depressions forming a valleylike depression.
6-1	776-782	valley	_	A.1 Surface landform[16]	DEFINIENDUM[32]	_	_	
6-2	783-787	sink	_	A.1 Surface landform[16]	DEFINIENDUM[32]	_	_	
6-3	788-789	:	_	_	_	_	_	
6-4	792-794	An	_	_	_	_	_	
6-5	795-804	elongated	_	_	_	HAS\_FORM[52]	_	
6-6	805-811	closed	_	_	_	HAS\_FORM[52]	_	
6-7	812-822	depression	_	D.1 Abiotic	GENUS	_	_	
6-8	823-825	or	_	_	_	_	_	
6-9	826-832	series	_	_	_	HAS\_FORM[53]	_	
6-10	833-835	of	_	_	_	HAS\_FORM[53]	_	
6-11	836-851	interconnecting	_	_	_	HAS\_FORM[53]	_	
6-12	852-863	depressions	_	_	_	HAS\_FORM[53]	_	
6-13	864-871	forming	_	_	_	HAS\_FORM[53]	_	
6-14	872-873	a	_	_	_	HAS\_FORM[53]	_	
6-15	874-884	valleylike	_	_	_	HAS\_FORM[53]	_	
6-16	885-895	depression	_	_	_	HAS\_FORM[53]	_	
6-17	895-896	.	_	_	_	_	_	

#Text=vauclusian spring :  A large spring or exsurgence of an underground river, generally from limestone, that varies greatly in output and is impenetrable except with diving apparatus. Synonym: gushing spring.
7-1	898-908	vauclusian	_	A.3 Hydrological form[17]	DEFINIENDUM[33]	_	_	
7-2	909-915	spring	_	A.3 Hydrological form[17]	DEFINIENDUM[33]	_	_	
7-3	916-917	:	_	_	_	_	_	
7-4	919-920	A	_	_	_	_	_	
7-5	921-926	large	_	_	_	HAS\_SIZE	_	
7-6	927-933	spring	_	D.1 Abiotic	GENUS	_	_	
7-7	934-936	or	_	_	_	_	_	
7-8	937-947	exsurgence	_	D.1 Abiotic	GENUS	_	_	
7-9	948-950	of	_	_	_	_	_	
7-10	951-953	an	_	_	_	_	_	
7-11	954-965	underground	_	D.1 Abiotic[18]	_	_	_	
7-12	966-971	river	_	D.1 Abiotic[18]	_	_	_	
7-13	971-972	,	_	_	_	_	_	
7-14	973-982	generally	_	_	_	COMPOSITION\_MEDIUM[54]	frame\_COMPOSITION[82]	
7-15	983-987	from	_	_	_	COMPOSITION\_MEDIUM[54]	frame\_COMPOSITION[82]	
7-16	988-997	limestone	_	D.1 Abiotic	_	COMPOSITION\_MEDIUM[54]	_	
7-17	997-998	,	_	_	_	_	_	
7-18	999-1003	that	_	_	_	HAS\_ATTRIBUTE[55]	_	
7-19	1004-1010	varies	_	_	_	HAS\_ATTRIBUTE[55]	_	
7-20	1011-1018	greatly	_	_	_	HAS\_ATTRIBUTE[55]	_	
7-21	1019-1021	in	_	_	_	HAS\_ATTRIBUTE[55]	_	
7-22	1022-1028	output	_	_	_	HAS\_ATTRIBUTE[55]	_	
7-23	1029-1032	and	_	_	_	_	_	
7-24	1033-1035	is	_	_	_	HAS\_FUNCTION[56]	_	
7-25	1036-1048	impenetrable	_	_	_	HAS\_FUNCTION[56]	_	
7-26	1049-1055	except	_	_	_	HAS\_FUNCTION[56]	_	
7-27	1056-1060	with	_	_	_	HAS\_FUNCTION[56]	_	
7-28	1061-1067	diving	_	_	_	HAS\_FUNCTION[56]	_	
7-29	1068-1077	apparatus	_	_	_	HAS\_FUNCTION[56]	_	
7-30	1077-1078	.	_	_	_	_	_	
7-31	1079-1086	Synonym	_	_	_	_	_	
7-32	1086-1087	:	_	_	_	_	_	
7-33	1088-1095	gushing	_	A.3 Hydrological form[19]	DEFINIENDUM[34]	_	_	
7-34	1096-1102	spring	_	A.3 Hydrological form[19]	DEFINIENDUM[34]	_	_	
7-35	1102-1103	.	_	_	_	_	_	

#Text=wall slab :  A thin but large block of rock, which has fallen outward from the wall of a cave in limestone in which the dip is nearly vertical.
8-1	1104-1108	wall	_	D.1 Abiotic[20]	DEFINIENDUM[35]	_	_	
8-2	1109-1113	slab	_	D.1 Abiotic[20]	DEFINIENDUM[35]	_	_	
8-3	1114-1115	:	_	_	_	_	_	
8-4	1117-1118	A	_	_	_	_	_	
8-5	1119-1123	thin	_	_	_	HAS\_FORM	_	
8-6	1124-1127	but	_	_	_	_	_	
8-7	1128-1133	large	_	_	_	HAS\_SIZE	_	
8-8	1134-1139	block	_	D.1 Abiotic[21]	GENUS[36]	_	_	
8-9	1140-1142	of	_	D.1 Abiotic[21]	GENUS[36]	_	_	
8-10	1143-1147	rock	_	D.1 Abiotic[21]	GENUS[36]	_	_	
8-11	1147-1148	,	_	_	_	_	_	
8-12	1149-1154	which	_	_	_	HAS\_CAUSE[57]	_	
8-13	1155-1158	has	_	_	_	HAS\_CAUSE[57]	_	
8-14	1159-1165	fallen	_	_	_	HAS\_CAUSE[57]	_	
8-15	1166-1173	outward	_	_	_	HAS\_CAUSE[57]	_	
8-16	1174-1178	from	_	_	_	HAS\_CAUSE[57]	_	
8-17	1179-1182	the	_	_	_	HAS\_CAUSE[57]	_	
8-18	1183-1187	wall	_	_	_	HAS\_CAUSE[57]	_	
8-19	1188-1190	of	_	_	_	HAS\_CAUSE[57]	_	
8-20	1191-1192	a	_	_	_	HAS\_CAUSE[57]	_	
8-21	1193-1197	cave	cave	A.2 Underground landform	_	HAS\_CAUSE[57]	_	
8-22	1198-1200	in	_	_	_	HAS\_CAUSE[57]	_	
8-23	1201-1210	limestone	_	D.1 Abiotic	_	HAS\_CAUSE[57]	_	
8-24	1211-1213	in	_	_	_	_	_	
8-25	1214-1219	which	_	_	_	_	_	
8-26	1220-1223	the	_	_	_	_	_	
8-27	1224-1227	dip	_	_	_	_	_	
8-28	1228-1230	is	_	_	_	_	_	
8-29	1231-1237	nearly	_	_	_	_	_	
8-30	1238-1246	vertical	_	_	_	_	_	
8-31	1246-1247	.	_	_	_	_	_	

#Text=water trap :  A place where the roof of a chamber or passage of a cave dips under water but lifts again farther on. Synonym: trap.
9-1	1249-1254	water	_	A.2 Underground landform[22]	DEFINIENDUM[37]	_	_	
9-2	1255-1259	trap	_	A.2 Underground landform[22]	DEFINIENDUM[37]	_	_	
9-3	1260-1261	:	_	_	_	_	_	
9-4	1263-1264	A	_	_	_	HAS\_LOCATION[58]	frame\_LOCATION[83]	
9-5	1265-1270	place	_	_	_	HAS\_LOCATION[58]	frame\_LOCATION[83]	
9-6	1271-1276	where	_	_	_	HAS\_LOCATION[58]	frame\_LOCATION[83]	
9-7	1277-1280	the	_	_	_	HAS\_LOCATION[58]	frame\_LOCATION[83]	
9-8	1281-1285	roof	_	_	_	HAS\_LOCATION[58]	_	
9-9	1286-1288	of	_	_	_	HAS\_LOCATION[58]	_	
9-10	1289-1290	a	_	_	_	HAS\_LOCATION[58]	_	
9-11	1291-1298	chamber	_	A.2 Underground landform	_	HAS\_LOCATION[58]	_	
9-12	1299-1301	or	_	_	_	HAS\_LOCATION[58]	_	
9-13	1302-1309	passage	_	_	_	HAS\_LOCATION[58]	_	
9-14	1310-1312	of	_	_	_	HAS\_LOCATION[58]	_	
9-15	1313-1314	a	_	_	_	HAS\_LOCATION[58]	_	
9-16	1315-1319	cave	_	_	_	HAS\_LOCATION[58]	_	
9-17	1320-1324	dips	_	_	_	HAS\_LOCATION[58]	_	
9-18	1325-1330	under	_	_	_	HAS\_LOCATION[58]	_	
9-19	1331-1336	water	_	D.1 Abiotic	_	HAS\_LOCATION[58]	_	
9-20	1337-1340	but	_	_	_	HAS\_LOCATION[58]	_	
9-21	1341-1346	lifts	_	_	_	HAS\_LOCATION[58]	_	
9-22	1347-1352	again	_	_	_	HAS\_LOCATION[58]	_	
9-23	1353-1360	farther	_	_	_	HAS\_LOCATION[58]	_	
9-24	1361-1363	on	_	_	_	HAS\_LOCATION[58]	_	
9-25	1363-1364	.	_	_	_	_	_	
9-26	1365-1372	Synonym	_	_	_	_	_	
9-27	1372-1373	:	_	_	_	_	_	
9-28	1374-1378	trap	_	_	_	_	_	
9-29	1378-1379	.	_	_	_	_	_	

#Text=well :  A shaft or hole sunk into the earth to obtain water, oil, gas, or minerals.
10-1	1380-1384	well	_	D.1 Abiotic	DEFINIENDUM	_	_	
10-2	1385-1386	:	_	_	_	_	_	
10-3	1388-1389	A	_	_	_	_	_	
10-4	1390-1395	shaft	_	D.1 Abiotic	GENUS[38]	_	_	
10-5	1396-1398	or	_	_	GENUS[38]	_	_	
10-6	1399-1403	hole	_	D.1 Abiotic	GENUS[38]	_	_	
10-7	1404-1408	sunk	_	_	_	HAS\_LOCATION[59]	frame\_LOCATION[84]	
10-8	1409-1413	into	_	_	_	HAS\_LOCATION[59]	frame\_LOCATION[84]	
10-9	1414-1417	the	_	_	_	HAS\_LOCATION[59]	_	
10-10	1418-1423	earth	_	D.1 Abiotic	_	HAS\_LOCATION[59]	_	
10-11	1424-1426	to	_	_	_	HAS\_FUNCTION[60]	frame\_FUNCTION[85]	
10-12	1427-1433	obtain	_	_	_	HAS\_FUNCTION[60]	frame\_FUNCTION[85]	
10-13	1434-1439	water	_	D.1 Abiotic	_	HAS\_FUNCTION[60]	_	
10-14	1439-1440	,	_	_	_	HAS\_FUNCTION[60]	_	
10-15	1441-1444	oil	_	D.1 Abiotic	_	HAS\_FUNCTION[60]	_	
10-16	1444-1445	,	_	_	_	HAS\_FUNCTION[60]	_	
10-17	1446-1449	gas	_	D.1 Abiotic	_	HAS\_FUNCTION[60]	_	
10-18	1449-1450	,	_	_	_	HAS\_FUNCTION[60]	_	
10-19	1451-1453	or	_	_	_	HAS\_FUNCTION[60]	_	
10-20	1454-1462	minerals	_	D.1 Abiotic	_	HAS\_FUNCTION[60]	_	
10-21	1462-1463	.	_	_	_	_	_	

#Text=well :  A deep vertical rounded hole or shaft in the floor of a cave or at the bottom of a closed depression.
11-1	1465-1469	well	_	D.1 Abiotic	DEFINIENDUM	_	_	
11-2	1470-1471	:	_	_	_	_	_	
11-3	1473-1474	A	_	_	_	_	_	
11-4	1475-1479	deep	_	_	_	HAS\_FORM[61]|HAS\_SIZE[62]	_	
11-5	1480-1488	vertical	_	_	_	HAS\_FORM[61]|HAS\_FORM[63]	_	
11-6	1489-1496	rounded	_	_	_	HAS\_FORM[61]|HAS\_FORM[63]	_	
11-7	1497-1501	hole	_	D.1 Abiotic	GENUS[39]	_	_	
11-8	1502-1504	or	_	_	GENUS[39]	_	_	
11-9	1505-1510	shaft	_	D.1 Abiotic	GENUS[39]	_	_	
11-10	1511-1513	in	_	_	_	HAS\_LOCATION[64]	frame\_LOCATION[86]	
11-11	1514-1517	the	_	_	_	HAS\_LOCATION[64]	frame\_LOCATION[86]	
11-12	1518-1523	floor	_	_	_	HAS\_LOCATION[64]	frame\_LOCATION[86]	
11-13	1524-1526	of	_	_	_	HAS\_LOCATION[64]	frame\_LOCATION[86]	
11-14	1527-1528	a	_	_	_	HAS\_LOCATION[64]	_	
11-15	1529-1533	cave	_	A.2 Underground landform	_	HAS\_LOCATION[64]	_	
11-16	1534-1536	or	_	_	_	HAS\_LOCATION[64]	_	
11-17	1537-1539	at	_	_	_	HAS\_LOCATION[64]	frame\_LOCATION[87]	
11-18	1540-1543	the	_	_	_	HAS\_LOCATION[64]	frame\_LOCATION[87]	
11-19	1544-1550	bottom	_	_	_	HAS\_LOCATION[64]	frame\_LOCATION[87]	
11-20	1551-1553	of	_	_	_	HAS\_LOCATION[64]	frame\_LOCATION[87]	
11-21	1554-1555	a	_	_	_	HAS\_LOCATION[64]	frame\_LOCATION[87]	
11-22	1556-1562	closed	_	A.1 Surface landform[23]	_	HAS\_LOCATION[64]	_	
11-23	1563-1573	depression	_	A.1 Surface landform[23]	_	HAS\_LOCATION[64]	_	
11-24	1573-1574	.	_	_	_	_	_	

#Text=window :  In speleology, a natural opening above the floor of a passage or a room, giving access to an adjoining cavity or to the surface; larger and less symmetrical than a porthole.
12-1	1575-1581	window	_	A.2 Underground landform	DEFINIENDUM	_	_	
12-2	1582-1583	:	_	_	_	_	_	
12-3	1585-1587	In	_	_	_	_	_	
12-4	1588-1598	speleology	_	_	_	_	_	
12-5	1598-1599	,	_	_	_	_	_	
12-6	1600-1601	a	_	_	_	_	_	
12-7	1602-1609	natural	_	_	GENUS[40]	_	_	
12-8	1610-1617	opening	_	_	GENUS[40]	_	_	
12-9	1618-1623	above	_	_	_	HAS\_LOCATION[65]	frame\_LOCATION[88]	
12-10	1624-1627	the	_	_	_	HAS\_LOCATION[65]	frame\_LOCATION[88]	
12-11	1628-1633	floor	_	_	_	HAS\_LOCATION[65]	_	
12-12	1634-1636	of	_	_	_	HAS\_LOCATION[65]	_	
12-13	1637-1638	a	_	_	_	HAS\_LOCATION[65]	_	
12-14	1639-1646	passage	_	A.2 Underground landform	_	HAS\_LOCATION[65]	_	
12-15	1647-1649	or	_	_	_	HAS\_LOCATION[65]	_	
12-16	1650-1651	a	_	_	_	HAS\_LOCATION[65]	_	
12-17	1652-1656	room	_	A.2 Underground landform	_	HAS\_LOCATION[65]	_	
12-18	1656-1657	,	_	_	_	_	_	
12-19	1658-1664	giving	_	_	_	HAS\_FUNCTION[66]	_	
12-20	1665-1671	access	_	_	_	HAS\_FUNCTION[66]	_	
12-21	1672-1674	to	_	_	_	HAS\_FUNCTION[66]	_	
12-22	1675-1677	an	_	_	_	HAS\_FUNCTION[66]	_	
12-23	1678-1687	adjoining	_	_	_	HAS\_FUNCTION[66]	_	
12-24	1688-1694	cavity	_	_	_	HAS\_FUNCTION[66]	_	
12-25	1695-1697	or	_	_	_	HAS\_FUNCTION[66]	_	
12-26	1698-1700	to	_	_	_	HAS\_FUNCTION[66]	_	
12-27	1701-1704	the	_	_	_	HAS\_FUNCTION[66]	_	
12-28	1705-1712	surface	_	_	_	HAS\_FUNCTION[66]	_	
12-29	1712-1713	;	_	_	_	_	_	
12-30	1714-1720	larger	_	_	_	HAS\_FORM[67]	_	
12-31	1721-1724	and	_	_	_	HAS\_FORM[67]	_	
12-32	1725-1729	less	_	_	_	HAS\_FORM[67]	_	
12-33	1730-1741	symmetrical	_	_	_	HAS\_FORM[67]	_	
12-34	1742-1746	than	_	_	_	HAS\_FORM[67]	_	
12-35	1747-1748	a	_	_	_	HAS\_FORM[67]	_	
12-36	1749-1757	porthole	_	_	_	HAS\_FORM[67]	_	
12-37	1757-1758	.	_	_	_	_	_	

#Text=window :  The opening under the arch of a small natural bridge.
13-1	1760-1766	window	_	A.1 Surface landform	DEFINIENDUM	_	_	
13-2	1767-1768	:	_	_	_	_	_	
13-3	1770-1773	The	_	_	_	_	_	
13-4	1774-1781	opening	_	D.1 Abiotic	GENUS	_	_	
13-5	1782-1787	under	_	_	_	HAS\_LOCATION[68]	frame\_LOCATION[89]	
13-6	1788-1791	the	_	_	_	HAS\_LOCATION[68]	frame\_LOCATION[89]	
13-7	1792-1796	arch	_	_	_	HAS\_LOCATION[68]	_	
13-8	1797-1799	of	_	_	_	HAS\_LOCATION[68]	_	
13-9	1800-1801	a	_	_	_	HAS\_LOCATION[68]	_	
13-10	1802-1807	small	_	_	_	HAS\_LOCATION[68]|HAS\_SIZE[69]	_	
13-11	1808-1815	natural	_	D.1 Abiotic[24]	_	HAS\_LOCATION[68]|HAS\_CAUSE[70]	_	
13-12	1816-1822	bridge	_	D.1 Abiotic[24]	_	HAS\_LOCATION[68]	_	
13-13	1822-1823	.	_	_	_	_	_	

#Text=zanjon :   In Puerto Pico, solution trench in limestone. Zanjones range from a few centimeters to about 3 meters in width and from about 1 to 4 meters in depth. Apparently they form by the widening and deepening of joints by solution.
14-1	1825-1831	zanjon	_	A.1 Surface landform	DEFINIENDUM	_	_	
14-2	1832-1833	:	_	_	_	_	_	
14-3	1836-1838	In	_	_	_	HAS\_POSITION[71]	_	
14-4	1839-1845	Puerto	_	D.3.1 Geolocation[25]	_	HAS\_POSITION[71]	_	
14-5	1846-1850	Pico	_	D.3.1 Geolocation[25]	_	HAS\_POSITION[71]	_	
14-6	1850-1851	,	_	_	_	_	_	
14-7	1852-1860	solution	_	_	GENUS[41]	HAS\_CAUSE	_	
14-8	1861-1867	trench	_	D.1 Abiotic	GENUS[41]	_	_	
14-9	1868-1870	in	_	_	_	COMPOSITION\_MEDIUM[72]	_	
14-10	1871-1880	limestone	_	D.1 Abiotic	_	COMPOSITION\_MEDIUM[72]	_	
14-11	1880-1881	.	_	_	_	_	_	
14-12	1882-1890	Zanjones	_	_	_	HAS\_SIZE[73]	_	
14-13	1891-1896	range	_	_	_	HAS\_SIZE[73]	_	
14-14	1897-1901	from	_	_	_	HAS\_SIZE[73]	_	
14-15	1902-1903	a	_	_	_	HAS\_SIZE[73]	_	
14-16	1904-1907	few	_	_	_	HAS\_SIZE[73]	_	
14-17	1908-1919	centimeters	_	_	_	HAS\_SIZE[73]	_	
14-18	1920-1922	to	_	_	_	HAS\_SIZE[73]	_	
14-19	1923-1928	about	_	_	_	HAS\_SIZE[73]	_	
14-20	1929-1930	3	_	_	_	HAS\_SIZE[73]	_	
14-21	1931-1937	meters	_	_	_	HAS\_SIZE[73]	_	
14-22	1938-1940	in	_	_	_	HAS\_SIZE[73]	frame\_SIZE[90]	
14-23	1941-1946	width	_	_	_	HAS\_SIZE[73]	frame\_SIZE[90]	
14-24	1947-1950	and	_	_	_	HAS\_SIZE[73]	_	
14-25	1951-1955	from	_	_	_	HAS\_SIZE[73]	_	
14-26	1956-1961	about	_	_	_	HAS\_SIZE[73]	_	
14-27	1962-1963	1	_	_	_	HAS\_SIZE[73]	_	
14-28	1964-1966	to	_	_	_	HAS\_SIZE[73]	_	
14-29	1967-1968	4	_	_	_	HAS\_SIZE[73]	_	
14-30	1969-1975	meters	_	_	_	HAS\_SIZE[73]	_	
14-31	1976-1978	in	_	_	_	HAS\_SIZE[73]	frame\_SIZE[91]	
14-32	1979-1984	depth	_	_	_	HAS\_SIZE[73]	frame\_SIZE[91]	
14-33	1984-1985	.	_	_	_	_	_	
14-34	1986-1996	Apparently	_	_	_	HAS\_CAUSE[74]	_	
14-35	1997-2001	they	_	_	_	HAS\_CAUSE[74]	_	
14-36	2002-2006	form	_	_	_	HAS\_CAUSE[74]	_	
14-37	2007-2009	by	_	_	_	HAS\_CAUSE[74]	_	
14-38	2010-2013	the	_	_	_	HAS\_CAUSE[74]	_	
14-39	2014-2022	widening	_	_	_	HAS\_CAUSE[74]	_	
14-40	2023-2026	and	_	_	_	HAS\_CAUSE[74]	_	
14-41	2027-2036	deepening	_	_	_	HAS\_CAUSE[74]	_	
14-42	2037-2039	of	_	_	_	HAS\_CAUSE[74]	_	
14-43	2040-2046	joints	_	_	_	HAS\_CAUSE[74]	_	
14-44	2047-2049	by	_	_	_	HAS\_CAUSE[74]	_	
14-45	2050-2058	solution	_	B.4 Transformation	_	HAS\_CAUSE[74]	_	
14-46	2058-2059	.	_	_	_	_	_	

#Text=zone of aeration :  The zone in permeable soil or rock that is above the zone saturated with water; the zone of vadose water.
15-1	2061-2065	zone	_	C. Geome[26]	DEFINIENDUM[42]	_	_	
15-2	2066-2068	of	_	C. Geome[26]	DEFINIENDUM[42]	_	_	
15-3	2069-2077	aeration	_	C. Geome[26]	DEFINIENDUM[42]	_	_	
15-4	2078-2079	:	_	_	_	_	_	
15-5	2081-2084	The	_	_	_	_	_	
15-6	2085-2089	zone	_	D.1 Abiotic	GENUS	_	_	
15-7	2090-2092	in	_	_	_	COMPOSITION\_MEDIUM[75]	_	
15-8	2093-2102	permeable	_	D.1 Abiotic[27]	_	COMPOSITION\_MEDIUM[75]	_	
15-9	2103-2107	soil	_	D.1 Abiotic[27]	_	COMPOSITION\_MEDIUM[75]	_	
15-10	2108-2110	or	_	_	_	COMPOSITION\_MEDIUM[75]	_	
15-11	2111-2115	rock	_	D.1 Abiotic	_	COMPOSITION\_MEDIUM[75]	_	
15-12	2116-2120	that	_	_	_	_	frame\_LOCATION[92]	
15-13	2121-2123	is	_	_	_	_	frame\_LOCATION[92]	
15-14	2124-2129	above	_	_	_	HAS\_LOCATION[76]	frame\_LOCATION[92]	
15-15	2130-2133	the	_	_	_	HAS\_LOCATION[76]	frame\_LOCATION[92]	
15-16	2134-2138	zone	_	_	_	HAS\_LOCATION[76]	frame\_LOCATION[92]	
15-17	2139-2148	saturated	_	_	_	HAS\_LOCATION[76]	_	
15-18	2149-2153	with	_	_	_	HAS\_LOCATION[76]	_	
15-19	2154-2159	water	_	_	_	HAS\_LOCATION[76]	_	
15-20	2159-2160	;	_	_	_	_	_	
15-21	2161-2164	the	_	_	_	_	_	
15-22	2165-2169	zone	_	_	_	_	_	
15-23	2170-2172	of	_	_	_	_	_	
15-24	2173-2179	vadose	_	D.1 Abiotic[28]	_	_	_	
15-25	2180-2185	water	_	D.1 Abiotic[28]	_	_	_	
15-26	2185-2186	.	_	_	_	_	_	

#Text=Zwischenhohle :   Cave in which a river passage, or former river passage, is entered from above or laterally and which can be for owed upstream and downstream some distance but not to daylight.
16-1	2187-2200	Zwischenhohle	_	A.2 Underground landform	DEFINIENDUM	_	_	
16-2	2201-2202	:	_	_	_	_	_	
16-3	2205-2209	Cave	_	A.2 Underground landform	GENUS	_	_	
16-4	2210-2212	in	_	_	_	HAS\_FUNCTION[77]	_	
16-5	2213-2218	which	_	_	_	HAS\_FUNCTION[77]	_	
16-6	2219-2220	a	_	_	_	HAS\_FUNCTION[77]	_	
16-7	2221-2226	river	_	_	_	HAS\_FUNCTION[77]	_	
16-8	2227-2234	passage	_	_	_	HAS\_FUNCTION[77]	_	
16-9	2234-2235	,	_	_	_	HAS\_FUNCTION[77]	_	
16-10	2236-2238	or	_	_	_	HAS\_FUNCTION[77]	_	
16-11	2239-2245	former	_	_	_	HAS\_FUNCTION[77]	_	
16-12	2246-2251	river	_	_	_	HAS\_FUNCTION[77]	_	
16-13	2252-2259	passage	_	_	_	HAS\_FUNCTION[77]	_	
16-14	2259-2260	,	_	_	_	HAS\_FUNCTION[77]	_	
16-15	2261-2263	is	_	_	_	HAS\_FUNCTION[77]	_	
16-16	2264-2271	entered	_	_	_	HAS\_FUNCTION[77]	_	
16-17	2272-2276	from	_	_	_	HAS\_FUNCTION[77]	_	
16-18	2277-2282	above	_	_	_	HAS\_FUNCTION[77]	_	
16-19	2283-2285	or	_	_	_	HAS\_FUNCTION[77]	_	
16-20	2286-2295	laterally	_	_	_	HAS\_FUNCTION[77]	_	
16-21	2296-2299	and	_	_	_	HAS\_FUNCTION[77]	_	
16-22	2300-2305	which	_	_	_	HAS\_FUNCTION[77]	_	
16-23	2306-2309	can	_	_	_	HAS\_FUNCTION[77]	_	
16-24	2310-2312	be	_	_	_	HAS\_FUNCTION[77]	_	
16-25	2313-2316	for	_	_	_	HAS\_FUNCTION[77]	_	
16-26	2317-2321	owed	_	_	_	HAS\_FUNCTION[77]	_	
16-27	2322-2330	upstream	_	_	_	HAS\_FUNCTION[77]	_	
16-28	2331-2334	and	_	_	_	HAS\_FUNCTION[77]	_	
16-29	2335-2345	downstream	_	_	_	HAS\_FUNCTION[77]	_	
16-30	2346-2350	some	_	_	_	HAS\_FUNCTION[77]	_	
16-31	2351-2359	distance	_	_	_	HAS\_FUNCTION[77]	_	
16-32	2360-2363	but	_	_	_	HAS\_FUNCTION[77]	_	
16-33	2364-2367	not	_	_	_	HAS\_FUNCTION[77]	_	
16-34	2368-2370	to	_	_	_	HAS\_FUNCTION[77]	_	
16-35	2371-2379	daylight	_	_	_	HAS\_FUNCTION[77]	_	
16-36	2379-2380	.	_	_	_	_	_	
