#FORMAT=WebAnno TSV 3.2
#T_SP=webanno.custom.Canonicalform|Canonical
#T_SP=webanno.custom.Category|Category
#T_SP=webanno.custom.Definitionelement|Def_element
#T_SP=webanno.custom.Relation|Relation
#T_SP=webanno.custom.Relation_definitor|Rel_verb_frame


#Text=struga :   A corridor formed along a bedding plane in karst country.
1-1	0-6	struga	_	A.1 Surface landform	DEFINIENDUM	_	_	
1-2	7-8	:	_	_	_	_	_	
1-3	11-12	A	_	_	_	_	_	
1-4	13-21	corridor	_	D.1 Abiotic	GENUS	_	_	
1-5	22-28	formed	_	_	_	HAS\_LOCATION[43]	frame\_LOCATION[71]	
1-6	29-34	along	_	_	_	HAS\_LOCATION[43]	frame\_LOCATION[71]	
1-7	35-36	a	_	_	_	HAS\_LOCATION[43]	frame\_LOCATION[71]	
1-8	37-44	bedding	_	D.1 Abiotic[2]	_	HAS\_LOCATION[43]	_	
1-9	45-50	plane	_	D.1 Abiotic[2]	_	HAS\_LOCATION[43]	_	
1-10	51-53	in	_	_	_	HAS\_LOCATION[43]	_	
1-11	54-59	karst	_	_	_	HAS\_LOCATION[43]	_	
1-12	60-67	country	_	_	_	HAS\_LOCATION[43]	_	
1-13	67-68	.	_	_	_	_	_	

#Text=subjacent karst :  Karst landscape in noncarbonate rocks due to presence of karstified rocks beneath the surface formation.
2-1	69-78	subjacent	_	C. Geome[3]	DEFINIENDUM[30]	_	_	
2-2	79-84	karst	_	C. Geome[3]	DEFINIENDUM[30]	_	_	
2-3	85-86	:	_	_	_	_	_	
2-4	88-93	Karst	_	C. Geome[4]	GENUS[31]	_	_	
2-5	94-103	landscape	_	C. Geome[4]	GENUS[31]	_	_	
2-6	104-106	in	_	_	_	COMPOSITION\_MEDIUM[44]	_	
2-7	107-119	noncarbonate	_	D.1 Abiotic[5]	_	COMPOSITION\_MEDIUM[44]	_	
2-8	120-125	rocks	_	D.1 Abiotic[5]	_	COMPOSITION\_MEDIUM[44]	_	
2-9	126-129	due	_	_	_	HAS\_CAUSE[45]	frame\_CAUSE[72]	
2-10	130-132	to	_	_	_	HAS\_CAUSE[45]	frame\_CAUSE[72]	
2-11	133-141	presence	_	_	_	HAS\_CAUSE[45]	_	
2-12	142-144	of	_	_	_	HAS\_CAUSE[45]	_	
2-13	145-155	karstified	_	_	_	HAS\_CAUSE[45]	_	
2-14	156-161	rocks	_	_	_	HAS\_CAUSE[45]	_	
2-15	162-169	beneath	_	_	_	HAS\_CAUSE[45]	_	
2-16	170-173	the	_	_	_	HAS\_CAUSE[45]	_	
2-17	174-181	surface	_	_	_	HAS\_CAUSE[45]	_	
2-18	182-191	formation	_	_	_	HAS\_CAUSE[45]	_	
2-19	191-192	.	_	_	_	_	_	

#Text=submarine spring :  Large offshore emergence, generally from cavernous limestone, but in some areas from beds of lava.
3-1	193-202	submarine	_	A.3 Hydrological form[6]	DEFINIENDUM[32]	_	_	
3-2	203-209	spring	_	A.3 Hydrological form[6]	DEFINIENDUM[32]	_	_	
3-3	210-211	:	_	_	_	_	_	
3-4	213-218	Large	_	_	_	HAS\_SIZE	_	
3-5	219-227	offshore	_	_	GENUS[33]	HAS\_LOCATION	_	
3-6	228-237	emergence	_	D.1 Abiotic	GENUS[33]	_	_	
3-7	237-238	,	_	_	_	_	_	
3-8	239-248	generally	_	_	_	COMPOSITION\_MEDIUM[46]	_	
3-9	249-253	from	_	_	_	COMPOSITION\_MEDIUM[46]	_	
3-10	254-263	cavernous	_	D.1 Abiotic[7]	_	COMPOSITION\_MEDIUM[46]	_	
3-11	264-273	limestone	_	D.1 Abiotic[7]	_	COMPOSITION\_MEDIUM[46]	_	
3-12	273-274	,	_	_	_	COMPOSITION\_MEDIUM[46]	_	
3-13	275-278	but	_	_	_	COMPOSITION\_MEDIUM[46]	_	
3-14	279-281	in	_	_	_	COMPOSITION\_MEDIUM[46]	_	
3-15	282-286	some	_	_	_	COMPOSITION\_MEDIUM[46]	_	
3-16	287-292	areas	_	_	_	COMPOSITION\_MEDIUM[46]	_	
3-17	293-297	from	_	_	_	COMPOSITION\_MEDIUM[46]	_	
3-18	298-302	beds	_	D.1 Abiotic[8]	_	COMPOSITION\_MEDIUM[46]	_	
3-19	303-305	of	_	D.1 Abiotic[8]	_	COMPOSITION\_MEDIUM[46]	_	
3-20	306-310	lava	_	D.1 Abiotic[8]	_	COMPOSITION\_MEDIUM[46]	_	
3-21	310-311	.	_	_	_	_	_	

#Text=subsidence :  Lowering of the surface of the ground because of removal of support. Caused in karst areas by subterranean solution or collapse of caves.
4-1	312-322	subsidence	_	B.4 Transformation	DEFINIENDUM	_	_	
4-2	323-324	:	_	_	_	_	_	
4-3	326-334	Lowering	_	B.4 Transformation	_	HAS\_CAUSE[47]	_	
4-4	335-337	of	_	_	_	HAS\_CAUSE[47]	_	
4-5	338-341	the	_	_	_	HAS\_CAUSE[47]	_	
4-6	342-349	surface	_	_	_	HAS\_CAUSE[47]	_	
4-7	350-352	of	_	_	_	HAS\_CAUSE[47]	_	
4-8	353-356	the	_	_	_	HAS\_CAUSE[47]	_	
4-9	357-363	ground	_	_	_	HAS\_CAUSE[47]	_	
4-10	364-371	because	_	_	_	HAS\_CAUSE[47]	frame\_CAUSE[73]	
4-11	372-374	of	_	_	_	HAS\_CAUSE[47]	frame\_CAUSE[73]	
4-12	375-382	removal	_	_	_	HAS\_CAUSE[47]	_	
4-13	383-385	of	_	_	_	HAS\_CAUSE[47]	_	
4-14	386-393	support	_	_	_	HAS\_CAUSE[47]	_	
4-15	393-394	.	_	_	_	_	_	
4-16	395-401	Caused	_	_	_	HAS\_CAUSE[48]	frame\_CAUSE[74]	
4-17	402-404	in	_	_	_	HAS\_CAUSE[48]	frame\_CAUSE[74]	
4-18	405-410	karst	_	_	_	HAS\_CAUSE[48]	_	
4-19	411-416	areas	_	_	_	HAS\_CAUSE[48]	_	
4-20	417-419	by	_	_	_	HAS\_CAUSE[48]	_	
4-21	420-432	subterranean	_	B.4 Transformation[9]	_	HAS\_CAUSE[48]	_	
4-22	433-441	solution	_	B.4 Transformation[9]	_	HAS\_CAUSE[48]	_	
4-23	442-444	or	_	_	_	HAS\_CAUSE[48]	_	
4-24	445-453	collapse	_	B.1 Movement[10]	_	HAS\_CAUSE[48]	_	
4-25	454-456	of	_	B.1 Movement[10]	_	HAS\_CAUSE[48]	_	
4-26	457-462	caves	_	B.1 Movement[10]	_	HAS\_CAUSE[48]	_	
4-27	462-463	.	_	_	_	_	_	

#Text=subterranean river :  Underground stream of flowing water, not necessarily large.
5-1	464-476	subterranean	_	A.3 Hydrological form[11]	DEFINIENDUM[34]	_	_	
5-2	477-482	river	_	A.3 Hydrological form[11]	DEFINIENDUM[34]	_	_	
5-3	483-484	:	_	_	_	_	_	
5-4	486-497	Underground	_	_	GENUS[35]	HAS\_LOCATION	_	
5-5	498-504	stream	_	D.1 Abiotic	GENUS[35]	_	_	
5-6	505-507	of	_	_	_	CONTAINS[49]	_	
5-7	508-515	flowing	_	_	_	CONTAINS[49]	_	
5-8	516-521	water	_	_	_	CONTAINS[49]	_	
5-9	521-522	,	_	_	_	_	_	
5-10	523-526	not	_	_	_	HAS\_SIZE[50]	_	
5-11	527-538	necessarily	_	_	_	HAS\_SIZE[50]	_	
5-12	539-544	large	_	_	_	HAS\_SIZE[50]	_	
5-13	544-545	.	_	_	_	_	_	

#Text=sump :  A pool of underground water or point on an underground stream that has a submerged extension, the nature of which has not been determined.
6-1	547-551	sump	_	A.2 Underground landform	DEFINIENDUM	_	_	
6-2	552-553	:	_	_	_	_	_	
6-3	555-556	A	_	_	_	_	_	
6-4	557-561	pool	_	_	_	HAS\_FORM[51]	_	
6-5	562-564	of	_	_	_	HAS\_FORM[51]	_	
6-6	565-576	underground	_	_	_	HAS\_FORM[51]	_	
6-7	577-582	water	_	_	_	HAS\_FORM[51]	_	
6-8	583-585	or	_	_	_	_	_	
6-9	586-591	point	_	_	_	_	_	
6-10	592-594	on	_	_	_	HAS\_LOCATION[52]	frame\_LOCATION[75]	
6-11	595-597	an	_	_	_	HAS\_LOCATION[52]	frame\_LOCATION[75]	
6-12	598-609	underground	_	_	_	HAS\_LOCATION[52]	_	
6-13	610-616	stream	_	_	_	HAS\_LOCATION[52]	_	
6-14	617-621	that	_	_	_	HAS\_ATTRIBUTE[53]	_	
6-15	622-625	has	_	_	_	HAS\_ATTRIBUTE[53]	_	
6-16	626-627	a	_	_	_	HAS\_ATTRIBUTE[53]	_	
6-17	628-637	submerged	_	_	_	HAS\_ATTRIBUTE[53]	_	
6-18	638-647	extension	_	_	_	HAS\_ATTRIBUTE[53]	_	
6-19	647-648	,	_	_	_	_	_	
6-20	649-652	the	_	_	_	_	_	
6-21	653-659	nature	_	_	_	_	_	
6-22	660-662	of	_	_	_	_	_	
6-23	663-668	which	_	_	_	_	_	
6-24	669-672	has	_	_	_	_	_	
6-25	673-676	not	_	_	_	_	_	
6-26	677-681	been	_	_	_	_	_	
6-27	682-692	determined	_	_	_	_	_	
6-28	692-693	.	_	_	_	_	_	

#Text=swallet, swallow hole :   A place where water disappears urderground in a limestone region. A swallow hole generally implies water loss in a closed depression or blind valley, whereas a swallet may refer to water loss into alluvium at a streambed, even though there is no depression.
7-1	694-701	swallet	_	A.3 Hydrological form	DEFINIENDUM	_	_	
7-2	701-702	,	_	_	_	_	_	
7-3	703-710	swallow	_	A.3 Hydrological form[12]	DEFINIENDUM[36]	_	_	
7-4	711-715	hole	_	A.3 Hydrological form[12]	DEFINIENDUM[36]	_	_	
7-5	716-717	:	_	_	_	_	_	
7-6	720-721	A	_	_	_	_	_	
7-7	722-727	place	_	_	_	HAS\_FUNCTION[54]	_	
7-8	728-733	where	_	_	_	HAS\_FUNCTION[54]	_	
7-9	734-739	water	_	_	_	HAS\_FUNCTION[54]	_	
7-10	740-750	disappears	_	_	_	HAS\_FUNCTION[54]	frame\_FUNCTION	
7-11	751-762	urderground	_	_	_	HAS\_FUNCTION[54]	_	
7-12	763-765	in	_	_	_	COMPOSITION\_MEDIUM[55]	_	
7-13	766-767	a	_	_	_	COMPOSITION\_MEDIUM[55]	_	
7-14	768-777	limestone	_	_	_	COMPOSITION\_MEDIUM[55]	_	
7-15	778-784	region	_	_	_	COMPOSITION\_MEDIUM[55]	_	
7-16	784-785	.	_	_	_	_	_	
7-17	786-787	A	_	_	_	_	_	
7-18	788-795	swallow	_	A.3 Hydrological form[13]	_	_	_	
7-19	796-800	hole	_	A.3 Hydrological form[13]	_	_	_	
7-20	801-810	generally	_	_	_	_	_	
7-21	811-818	implies	_	_	_	HAS\_FUNCTION[56]	_	
7-22	819-824	water	_	D.3 Property[14]	_	HAS\_FUNCTION[56]	_	
7-23	825-829	loss	_	D.3 Property[14]	_	HAS\_FUNCTION[56]	_	
7-24	830-832	in	_	_	_	HAS\_LOCATION[57]	_	
7-25	833-834	a	_	_	_	HAS\_LOCATION[57]	_	
7-26	835-841	closed	_	A.1 Surface landform[15]	_	HAS\_LOCATION[57]	_	
7-27	842-852	depression	_	A.1 Surface landform[15]	_	HAS\_LOCATION[57]	_	
7-28	853-855	or	_	_	_	HAS\_LOCATION[57]	_	
7-29	856-861	blind	_	A.1 Surface landform[16]	_	HAS\_LOCATION[57]	_	
7-30	862-868	valley	_	A.1 Surface landform[16]	_	HAS\_LOCATION[57]	_	
7-31	868-869	,	_	_	_	_	_	
7-32	870-877	whereas	_	_	_	_	_	
7-33	878-879	a	_	_	_	_	_	
7-34	880-887	swallet	_	_	_	_	_	
7-35	888-891	may	_	_	_	_	_	
7-36	892-897	refer	_	_	_	_	_	
7-37	898-900	to	_	_	_	_	_	
7-38	901-906	water	_	_	_	_	_	
7-39	907-911	loss	_	_	_	_	_	
7-40	912-916	into	_	_	_	_	_	
7-41	917-925	alluvium	_	_	_	_	_	
7-42	926-928	at	_	_	_	_	_	
7-43	929-930	a	_	_	_	_	_	
7-44	931-940	streambed	_	_	_	_	_	
7-45	940-941	,	_	_	_	_	_	
7-46	942-946	even	_	_	_	_	_	
7-47	947-953	though	_	_	_	_	_	
7-48	954-959	there	_	_	_	_	_	
7-49	960-962	is	_	_	_	_	_	
7-50	963-965	no	_	_	_	_	_	
7-51	966-976	depression	_	_	_	_	_	
7-52	976-977	.	_	_	_	_	_	

#Text=syngenetic karst :  Karst developed in eolian calcarenite where lithification of dune sands and productior of karst phenomena occurred simultaneously.
8-1	979-989	syngenetic	_	C. Geome[17]	DEFINIENDUM[37]	_	_	
8-2	990-995	karst	_	C. Geome[17]	DEFINIENDUM[37]	_	_	
8-3	996-997	:	_	_	_	_	_	
8-4	999-1004	Karst	_	C. Geome	GENUS	_	_	
8-5	1005-1014	developed	_	_	_	COMPOSITION\_MEDIUM[58]	frame\_COMPOSITION[76]	
8-6	1015-1017	in	_	_	_	COMPOSITION\_MEDIUM[58]	frame\_COMPOSITION[76]	
8-7	1018-1024	eolian	_	D.1 Abiotic[18]	_	COMPOSITION\_MEDIUM[58]	_	
8-8	1025-1036	calcarenite	_	D.1 Abiotic[18]	_	COMPOSITION\_MEDIUM[58]	_	
8-9	1037-1042	where	_	_	_	HAS\_LOCATION[59]	_	
8-10	1043-1056	lithification	_	B.4 Transformation	_	HAS\_LOCATION[59]	_	
8-11	1057-1059	of	_	_	_	HAS\_LOCATION[59]	_	
8-12	1060-1064	dune	_	_	_	HAS\_LOCATION[59]	_	
8-13	1065-1070	sands	_	_	_	HAS\_LOCATION[59]	_	
8-14	1071-1074	and	_	_	_	HAS\_LOCATION[59]	_	
8-15	1075-1085	productior	production of karst phenomena[1]	B.4 Transformation[19]	_	HAS\_LOCATION[59]	_	
8-16	1086-1088	of	production of karst phenomena[1]	B.4 Transformation[19]	_	HAS\_LOCATION[59]	_	
8-17	1089-1094	karst	production of karst phenomena[1]	B.4 Transformation[19]	_	HAS\_LOCATION[59]	_	
8-18	1095-1104	phenomena	production of karst phenomena[1]	B.4 Transformation[19]	_	HAS\_LOCATION[59]	_	
8-19	1105-1113	occurred	_	_	_	HAS\_LOCATION[59]	_	
8-20	1114-1128	simultaneously	_	_	_	HAS\_LOCATION[59]	_	
8-21	1128-1129	.	_	_	_	_	_	

#Text=terraced flowstone :  Shallow rimstone pools on outward-sloping walls.
9-1	1130-1138	terraced	_	D.1 Abiotic[20]	DEFINIENDUM[38]	_	_	
9-2	1139-1148	flowstone	_	D.1 Abiotic[20]	DEFINIENDUM[38]	_	_	
9-3	1149-1150	:	_	_	_	_	_	
9-4	1152-1159	Shallow	_	_	_	HAS\_SIZE	_	
9-5	1160-1168	rimstone	_	_	_	COMPOSITION\_MEDIUM	_	
9-6	1169-1174	pools	_	D.1 Abiotic	_	_	_	
9-7	1175-1177	on	_	_	_	HAS\_LOCATION[60]	_	
9-8	1178-1193	outward-sloping	_	_	_	HAS\_LOCATION[60]	_	
9-9	1194-1199	walls	_	_	_	HAS\_LOCATION[60]	_	
9-10	1199-1200	.	_	_	_	_	_	

#Text=threshold :  That part of a cave system to which light penetrates in some degree.
10-1	1202-1211	threshold	_	D.3 Property	DEFINIENDUM	_	_	
10-2	1212-1213	:	_	_	_	_	_	
10-3	1215-1219	That	_	_	_	_	_	
10-4	1220-1224	part	_	_	_	_	_	
10-5	1225-1227	of	_	_	_	_	_	
10-6	1228-1229	a	_	_	_	_	_	
10-7	1230-1234	cave	_	A.2 Underground landform[21]	_	_	_	
10-8	1235-1241	system	_	A.2 Underground landform[21]	_	_	_	
10-9	1242-1244	to	_	_	_	HAS\_LOCATION[61]	_	
10-10	1245-1250	which	_	_	_	HAS\_LOCATION[61]	_	
10-11	1251-1256	light	_	D.1 Abiotic	_	HAS\_LOCATION[61]	_	
10-12	1257-1267	penetrates	_	_	_	HAS\_LOCATION[61]	_	
10-13	1268-1270	in	_	_	_	HAS\_LOCATION[61]	_	
10-14	1271-1275	some	_	_	_	HAS\_LOCATION[61]	_	
10-15	1276-1282	degree	_	_	_	HAS\_LOCATION[61]	_	
10-16	1282-1283	.	_	_	_	_	_	

#Text=through cave :  Cave through which a stream runs from entrance to exit or formerly did so. Synonym:  Durchgangshohle.
11-1	1284-1291	through	_	A.2 Underground landform[22]	DEFINIENDUM[39]	_	_	
11-2	1292-1296	cave	_	A.2 Underground landform[22]	DEFINIENDUM[39]	_	_	
11-3	1297-1298	:	_	_	_	_	_	
11-4	1300-1304	Cave	_	A.2 Underground landform	GENUS	_	_	
11-5	1305-1312	through	_	_	_	HAS\_FUNCTION[62]	_	
11-6	1313-1318	which	_	_	_	HAS\_FUNCTION[62]	_	
11-7	1319-1320	a	_	_	_	HAS\_FUNCTION[62]	_	
11-8	1321-1327	stream	_	D.1 Abiotic	_	HAS\_FUNCTION[62]	_	
11-9	1328-1332	runs	_	_	_	HAS\_FUNCTION[62]	_	
11-10	1333-1337	from	_	_	_	HAS\_FUNCTION[62]	_	
11-11	1338-1346	entrance	_	_	_	HAS\_FUNCTION[62]	_	
11-12	1347-1349	to	_	_	_	HAS\_FUNCTION[62]	_	
11-13	1350-1354	exit	_	_	_	HAS\_FUNCTION[62]	_	
11-14	1355-1357	or	_	_	_	HAS\_FUNCTION[62]	_	
11-15	1358-1366	formerly	_	_	_	HAS\_FUNCTION[62]	_	
11-16	1367-1370	did	_	_	_	HAS\_FUNCTION[62]	_	
11-17	1371-1373	so	_	_	_	HAS\_FUNCTION[62]	_	
11-18	1373-1374	.	_	_	_	_	_	
11-19	1375-1382	Synonym	_	_	_	_	_	
11-20	1382-1383	:	_	_	_	_	_	
11-21	1385-1400	Durchgangshohle	_	A.2 Underground landform	DEFINIENDUM	_	_	
11-22	1400-1401	.	_	_	_	_	_	

#Text=torca :   Large closed depression, more or less circular; a doline.
12-1	1402-1407	torca	_	A.1 Surface landform	DEFINIENDUM	_	_	
12-2	1408-1409	:	_	_	_	_	_	
12-3	1412-1417	Large	_	_	_	HAS\_SIZE	_	
12-4	1418-1424	closed	_	A.1 Surface landform[23]	GENUS[40]	_	_	
12-5	1425-1435	depression	_	A.1 Surface landform[23]	GENUS[40]	_	_	
12-6	1435-1436	,	_	_	_	_	_	
12-7	1437-1441	more	_	_	_	HAS\_FORM[63]	_	
12-8	1442-1444	or	_	_	_	HAS\_FORM[63]	_	
12-9	1445-1449	less	_	_	_	HAS\_FORM[63]	_	
12-10	1450-1458	circular	_	_	_	HAS\_FORM[63]	_	
12-11	1458-1459	;	_	_	_	_	_	
12-12	1460-1461	a	_	_	_	_	_	
12-13	1462-1468	doline	_	A.1 Surface landform[24]	_	_	_	
12-14	1468-1469	.	_	A.1 Surface landform[24]	_	_	_	

#Text=torricellian chamber :  A submerged airfilled chamber of a cave at a pressure below atmospheric pressure, sealed by water, having an air-water surface above that of adjacent free air-water surfaces.
13-1	1471-1483	torricellian	_	A.2 Underground landform[25]	DEFINIENDUM[41]	_	_	
13-2	1484-1491	chamber	_	A.2 Underground landform[25]	DEFINIENDUM[41]	_	_	
13-3	1492-1493	:	_	_	_	_	_	
13-4	1495-1496	A	_	_	_	_	_	
13-5	1497-1506	submerged	_	_	_	HAS\_LOCATION	_	
13-6	1507-1516	airfilled	_	_	_	CONTAINS	_	
13-7	1517-1524	chamber	_	D.1 Abiotic	_	_	_	
13-8	1525-1527	of	_	_	_	_	_	
13-9	1528-1529	a	_	_	_	_	_	
13-10	1530-1534	cave	_	A.2 Underground landform	_	_	_	
13-11	1535-1537	at	_	_	_	HAS\_ATTRIBUTE[64]	_	
13-12	1538-1539	a	_	_	_	HAS\_ATTRIBUTE[64]	_	
13-13	1540-1548	pressure	_	_	_	HAS\_ATTRIBUTE[64]	_	
13-14	1549-1554	below	_	_	_	HAS\_ATTRIBUTE[64]	_	
13-15	1555-1566	atmospheric	_	D.1 Abiotic[26]	_	HAS\_ATTRIBUTE[64]	_	
13-16	1567-1575	pressure	_	D.1 Abiotic[26]	_	HAS\_ATTRIBUTE[64]	_	
13-17	1575-1576	,	_	_	_	_	_	
13-18	1577-1583	sealed	_	_	_	HAS\_ATTRIBUTE[65]	_	
13-19	1584-1586	by	_	_	_	HAS\_ATTRIBUTE[65]	_	
13-20	1587-1592	water	_	D.1 Abiotic	_	HAS\_ATTRIBUTE[65]	_	
13-21	1592-1593	,	_	_	_	_	_	
13-22	1594-1600	having	_	_	_	HAS\_ATTRIBUTE[66]	_	
13-23	1601-1603	an	_	_	_	HAS\_ATTRIBUTE[66]	_	
13-24	1604-1613	air-water	_	_	_	HAS\_ATTRIBUTE[66]	_	
13-25	1614-1621	surface	_	_	_	HAS\_ATTRIBUTE[66]	_	
13-26	1622-1627	above	_	_	_	HAS\_ATTRIBUTE[66]	_	
13-27	1628-1632	that	_	_	_	HAS\_ATTRIBUTE[66]	_	
13-28	1633-1635	of	_	_	_	HAS\_ATTRIBUTE[66]	_	
13-29	1636-1644	adjacent	_	_	_	HAS\_ATTRIBUTE[66]	_	
13-30	1645-1649	free	_	_	_	HAS\_ATTRIBUTE[66]	_	
13-31	1650-1659	air-water	_	_	_	HAS\_ATTRIBUTE[66]	_	
13-32	1660-1668	surfaces	_	_	_	HAS\_ATTRIBUTE[66]	_	
13-33	1668-1669	.	_	_	_	_	_	

#Text=tourelle :   A little tower; applied to small flat-topped buttes of limestone in karst areas. Contrasted with pitons, which have pointed tops, and with coupoles, which have rounded tops.
14-1	1670-1678	tourelle	_	A.1 Surface landform	DEFINIENDUM	_	_	
14-2	1679-1680	:	_	_	_	_	_	
14-3	1683-1684	A	_	_	_	_	_	
14-4	1685-1691	little	_	_	_	HAS\_SIZE	_	
14-5	1692-1697	tower	_	_	GENUS	_	_	
14-6	1697-1698	;	_	_	_	_	_	
14-7	1699-1706	applied	_	_	_	_	_	
14-8	1707-1709	to	_	_	_	_	_	
14-9	1710-1715	small	_	_	_	HAS\_SIZE	_	
14-10	1716-1727	flat-topped	_	_	_	HAS\_FORM	_	
14-11	1728-1734	buttes	_	D.1 Abiotic	_	_	_	
14-12	1735-1737	of	_	_	_	COMPOSITION\_MEDIUM[67]	_	
14-13	1738-1747	limestone	_	D.1 Abiotic	_	COMPOSITION\_MEDIUM[67]	_	
14-14	1748-1750	in	_	_	_	HAS\_LOCATION[68]	_	
14-15	1751-1756	karst	_	_	_	HAS\_LOCATION[68]	_	
14-16	1757-1762	areas	_	_	_	HAS\_LOCATION[68]	_	
14-17	1762-1763	.	_	_	_	_	_	
14-18	1764-1774	Contrasted	_	_	_	_	_	
14-19	1775-1779	with	_	_	_	_	_	
14-20	1780-1786	pitons	_	A.1 Surface landform	_	_	_	
14-21	1786-1787	,	_	_	_	_	_	
14-22	1788-1793	which	_	_	_	_	_	
14-23	1794-1798	have	_	_	_	_	_	
14-24	1799-1806	pointed	_	_	_	_	_	
14-25	1807-1811	tops	_	_	_	_	_	
14-26	1811-1812	,	_	_	_	_	_	
14-27	1813-1816	and	_	_	_	_	_	
14-28	1817-1821	with	_	_	_	_	_	
14-29	1822-1830	coupoles	_	_	_	_	_	
14-30	1830-1831	,	_	_	_	_	_	
14-31	1832-1837	which	_	_	_	_	_	
14-32	1838-1842	have	_	_	_	_	_	
14-33	1843-1850	rounded	_	_	_	_	_	
14-34	1851-1855	tops	_	_	_	_	_	
14-35	1855-1856	.	_	_	_	_	_	

#Text=tower karst, Turmkarst :  Karst topography characterized by isolated limestone hills separated by areas of alluvium or other detrital sand; towers are generally steep-sided forest-covered hills, and many have flat tops.
15-1	1857-1862	tower	_	C. Geome[27]	DEFINIENDUM[42]	_	_	
15-2	1863-1868	karst	_	C. Geome[27]	DEFINIENDUM[42]	_	_	
15-3	1868-1869	,	_	_	_	_	_	
15-4	1870-1879	Turmkarst	_	C. Geome	DEFINIENDUM	_	_	
15-5	1880-1881	:	_	_	_	_	_	
15-6	1883-1888	Karst	_	C. Geome[28]	GENUS	_	_	
15-7	1889-1899	topography	_	C. Geome[28]	_	_	_	
15-8	1900-1913	characterized	_	_	_	HAS\_FORM[69]	_	
15-9	1914-1916	by	_	_	_	HAS\_FORM[69]	_	
15-10	1917-1925	isolated	_	_	_	HAS\_FORM[69]	_	
15-11	1926-1935	limestone	_	D.1 Abiotic[29]	_	HAS\_FORM[69]	_	
15-12	1936-1941	hills	_	D.1 Abiotic[29]	_	HAS\_FORM[69]	_	
15-13	1942-1951	separated	_	_	_	HAS\_FORM[69]	_	
15-14	1952-1954	by	_	_	_	HAS\_FORM[69]	_	
15-15	1955-1960	areas	_	_	_	HAS\_FORM[69]	_	
15-16	1961-1963	of	_	_	_	HAS\_FORM[69]	_	
15-17	1964-1972	alluvium	_	_	_	HAS\_FORM[69]	_	
15-18	1973-1975	or	_	_	_	HAS\_FORM[69]	_	
15-19	1976-1981	other	_	_	_	HAS\_FORM[69]	_	
15-20	1982-1990	detrital	_	_	_	HAS\_FORM[69]	_	
15-21	1991-1995	sand	_	_	_	HAS\_FORM[69]	_	
15-22	1995-1996	;	_	_	_	_	_	
15-23	1997-2003	towers	_	_	_	HAS\_FORM[70]	_	
15-24	2004-2007	are	_	_	_	HAS\_FORM[70]	_	
15-25	2008-2017	generally	_	_	_	HAS\_FORM[70]	_	
15-26	2018-2029	steep-sided	_	_	_	HAS\_FORM[70]	_	
15-27	2030-2044	forest-covered	_	_	_	HAS\_FORM[70]	_	
15-28	2045-2050	hills	_	_	_	HAS\_FORM[70]	_	
15-29	2050-2051	,	_	_	_	HAS\_FORM[70]	_	
15-30	2052-2055	and	_	_	_	HAS\_FORM[70]	_	
15-31	2056-2060	many	_	_	_	HAS\_FORM[70]	_	
15-32	2061-2065	have	_	_	_	HAS\_FORM[70]	_	
15-33	2066-2070	flat	_	_	_	HAS\_FORM[70]	_	
15-34	2071-2075	tops	_	_	_	HAS\_FORM[70]	_	
15-35	2075-2076	.	_	_	_	_	_	
