#FORMAT=WebAnno TSV 3.2
#T_SP=webanno.custom.Canonicalform|Canonical
#T_SP=webanno.custom.Category|Category
#T_SP=webanno.custom.Definitionelement|Def_element
#T_SP=webanno.custom.Relation|Relation
#T_SP=webanno.custom.Relation_definitor|Rel_verb_frame


#Text=krš - skup pojava koje se odnose na protjecanje voda i oblike reljefa u karbonatnim stijenama. Vode poniru i protječu kroz podzemne šupljine; na površini nastaju međusobno izolirane udubine - egzokrš, a u podzemnlju složeni sustavi šupljina - endokrš. Krš obuhvaća ne samo površinske oblike već i podzemlje; pukotinsko protjecanje voda i podzemne šupljine su temeljne specifičnosti krša. Krš je vezan za otopive stijene. Glavno značenje ima krš na karbonatnim stijenama (vapnenac, dolomit, mramor, kreda) na koje otpada gotovo 30 mil. km2 ili oko petina površine kopna. Dominantno značenje ima vapnenac (CaCO3). Vode (H20) koje sadrže ugljični dioksid (CO2) otapaju vapnenac u nestabilni kalcijev hidrobikarbonat [H20 + CO2 + CaCO3 →← Ca(HCO3)2]. Razumljivo je da tim okršavanjem (v.) vapnenaca, koji sadrže i do 99,5% kalcijeva karbonata (CaCO3), ostaje neznatno trošina, prevladava “kameni kraj” – goli krš. Izmjena u sastavu vapnenaca modificira krški proces, te na laporastim vapnencima (v.) ostaje rahli pokrov; u
1-1	0-3	krš	_	C. Geome	DEFINIENDUM	_	_	
1-2	4-5	-	_	_	_	_	_	
1-3	6-10	skup	_	_	_	DEFINED\_AS[26]	_	
1-4	11-17	pojava	_	_	_	DEFINED\_AS[26]	_	
1-5	18-22	koje	_	_	_	DEFINED\_AS[26]	_	
1-6	23-25	se	_	_	_	DEFINED\_AS[26]	_	
1-7	26-32	odnose	_	_	_	DEFINED\_AS[26]	_	
1-8	33-35	na	_	_	_	DEFINED\_AS[26]	_	
1-9	36-47	protjecanje	_	_	_	DEFINED\_AS[26]	_	
1-10	48-52	voda	_	_	_	DEFINED\_AS[26]	_	
1-11	53-54	i	_	_	_	DEFINED\_AS[26]	_	
1-12	55-61	oblike	_	_	_	DEFINED\_AS[26]	_	
1-13	62-69	reljefa	_	_	_	DEFINED\_AS[26]	_	
1-14	70-71	u	_	_	_	DEFINED\_AS[26]	_	
1-15	72-83	karbonatnim	_	D.1 Abiotic[1]	_	DEFINED\_AS[26]	_	
1-16	84-93	stijenama	_	D.1 Abiotic[1]	_	DEFINED\_AS[26]	_	
1-17	93-94	.	_	_	_	_	_	
1-18	95-99	Vode	_	_	_	_	_	
1-19	100-106	poniru	_	_	_	_	_	
1-20	107-108	i	_	_	_	_	_	
1-21	109-117	protječu	_	_	_	_	_	
1-22	118-122	kroz	_	_	_	_	_	
1-23	123-131	podzemne	_	_	_	_	_	
1-24	132-140	šupljine	_	_	_	_	_	
1-25	140-141	;	_	_	_	_	_	
1-26	142-144	na	_	_	_	_	_	
1-27	145-153	površini	_	_	_	_	_	
1-28	154-161	nastaju	_	_	_	_	_	
1-29	162-171	međusobno	_	_	_	_	_	
1-30	172-181	izolirane	_	_	_	_	_	
1-31	182-189	udubine	_	_	_	_	_	
1-32	190-191	-	_	_	_	_	_	
1-33	192-199	egzokrš	_	C. Geome	SPECIES	_	_	
1-34	199-200	,	_	_	_	_	_	
1-35	201-202	a	_	_	_	_	_	
1-36	203-204	u	_	_	_	_	_	
1-37	205-215	podzemnlju	_	_	_	_	_	
1-38	216-223	složeni	_	_	_	_	_	
1-39	224-231	sustavi	_	_	_	_	_	
1-40	232-240	šupljina	_	_	_	_	_	
1-41	241-242	-	_	_	_	_	_	
1-42	243-250	endokrš	_	C. Geome	SPECIES	_	_	
1-43	250-251	.	_	_	_	_	_	
1-44	252-255	Krš	_	_	_	_	_	
1-45	256-264	obuhvaća	_	_	_	CONTAINS[27]	_	
1-46	265-267	ne	_	_	_	CONTAINS[27]	_	
1-47	268-272	samo	_	_	_	CONTAINS[27]	_	
1-48	273-283	površinske	_	_	_	CONTAINS[27]	_	
1-49	284-290	oblike	_	_	_	CONTAINS[27]	_	
1-50	291-294	već	_	_	_	CONTAINS[27]	_	
1-51	295-296	i	_	_	_	CONTAINS[27]	_	
1-52	297-306	podzemlje	_	_	_	CONTAINS[27]	_	
1-53	306-307	;	_	_	_	CONTAINS[27]	_	
1-54	308-318	pukotinsko	_	_	_	CONTAINS[27]	_	
1-55	319-330	protjecanje	_	_	_	CONTAINS[27]	_	
1-56	331-335	voda	_	_	_	CONTAINS[27]	_	
1-57	336-337	i	_	_	_	CONTAINS[27]	_	
1-58	338-346	podzemne	_	_	_	CONTAINS[27]	_	
1-59	347-355	šupljine	_	_	_	CONTAINS[27]	_	
1-60	356-358	su	_	_	_	CONTAINS[27]	_	
1-61	359-367	temeljne	_	_	_	CONTAINS[27]	_	
1-62	368-381	specifičnosti	_	_	_	CONTAINS[27]	_	
1-63	382-386	krša	_	_	_	CONTAINS[27]	_	
1-64	386-387	.	_	_	_	_	_	
1-65	388-391	Krš	_	_	_	_	_	
1-66	392-394	je	_	_	_	_	_	
1-67	395-400	vezan	_	_	_	_	_	
1-68	401-403	za	_	_	_	_	_	
1-69	404-411	otopive	_	_	_	_	_	
1-70	412-419	stijene	_	_	_	_	_	
1-71	419-420	.	_	_	_	_	_	
1-72	421-427	Glavno	_	_	_	_	_	
1-73	428-436	značenje	_	_	_	_	_	
1-74	437-440	ima	_	_	_	_	_	
1-75	441-444	krš	_	_	_	_	_	
1-76	445-447	na	_	_	_	COMPOSITION\_MEDIUM[28]	_	
1-77	448-459	karbonatnim	_	_	_	COMPOSITION\_MEDIUM[28]	_	
1-78	460-469	stijenama	_	_	_	COMPOSITION\_MEDIUM[28]	_	
1-79	470-471	(	_	_	_	COMPOSITION\_MEDIUM[28]	_	
1-80	471-479	vapnenac	_	_	_	COMPOSITION\_MEDIUM[28]	_	
1-81	479-480	,	_	_	_	COMPOSITION\_MEDIUM[28]	_	
1-82	481-488	dolomit	_	_	_	COMPOSITION\_MEDIUM[28]	_	
1-83	488-489	,	_	_	_	COMPOSITION\_MEDIUM[28]	_	
1-84	490-496	mramor	_	_	_	COMPOSITION\_MEDIUM[28]	_	
1-85	496-497	,	_	_	_	COMPOSITION\_MEDIUM[28]	_	
1-86	498-503	kreda	_	_	_	COMPOSITION\_MEDIUM[28]	_	
1-87	503-504	)	_	_	_	COMPOSITION\_MEDIUM[28]	_	
1-88	505-507	na	_	_	_	_	_	
1-89	508-512	koje	_	_	_	_	_	
1-90	513-519	otpada	_	_	_	_	_	
1-91	520-526	gotovo	_	_	_	_	_	
1-92	527-529	30	_	_	_	_	_	
1-93	530-533	mil	_	_	_	_	_	
1-94	533-534	.	_	_	_	_	_	
1-95	535-538	km2	_	_	_	_	_	
1-96	539-542	ili	_	_	_	_	_	
1-97	543-546	oko	_	_	_	_	_	
1-98	547-553	petina	_	_	_	_	_	
1-99	554-562	površine	_	_	_	_	_	
1-100	563-568	kopna	_	_	_	_	_	
1-101	568-569	.	_	_	_	_	_	
1-102	570-580	Dominantno	_	_	_	_	_	
1-103	581-589	značenje	_	_	_	_	_	
1-104	590-593	ima	_	_	_	_	_	
1-105	594-602	vapnenac	_	_	_	_	_	
1-106	603-604	(	_	_	_	_	_	
1-107	604-609	CaCO3	_	_	_	_	_	
1-108	609-610	)	_	_	_	_	_	
1-109	610-611	.	_	_	_	_	_	
1-110	612-616	Vode	_	_	_	_	_	
1-111	617-618	(	_	_	_	_	_	
1-112	618-621	H20	_	_	_	_	_	
1-113	621-622	)	_	_	_	_	_	
1-114	623-627	koje	_	_	_	_	_	
1-115	628-634	sadrže	_	_	_	_	_	
1-116	635-643	ugljični	_	_	_	_	_	
1-117	644-651	dioksid	_	_	_	_	_	
1-118	652-653	(	_	_	_	_	_	
1-119	653-656	CO2	_	_	_	_	_	
1-120	656-657	)	_	_	_	_	_	
1-121	658-665	otapaju	_	_	_	_	_	
1-122	666-674	vapnenac	_	_	_	_	_	
1-123	675-676	u	_	_	_	_	_	
1-124	677-687	nestabilni	_	_	_	_	_	
1-125	688-696	kalcijev	_	_	_	_	_	
1-126	697-712	hidrobikarbonat	_	_	_	_	_	
1-127	713-714	[	_	_	_	_	_	
1-128	714-717	H20	_	_	_	_	_	
1-129	718-719	+	_	_	_	_	_	
1-130	720-723	CO2	_	_	_	_	_	
1-131	724-725	+	_	_	_	_	_	
1-132	726-731	CaCO3	_	_	_	_	_	
1-133	732-733	→	_	_	_	_	_	
1-134	733-734	←	_	_	_	_	_	
1-135	735-737	Ca	_	_	_	_	_	
1-136	737-738	(	_	_	_	_	_	
1-137	738-742	HCO3	_	_	_	_	_	
1-138	742-743	)	_	_	_	_	_	
1-139	743-744	2	_	_	_	_	_	
1-140	744-745	]	_	_	_	_	_	
1-141	745-746	.	_	_	_	_	_	
1-142	747-757	Razumljivo	_	_	_	_	_	
1-143	758-760	je	_	_	_	_	_	
1-144	761-763	da	_	_	_	_	_	
1-145	764-767	tim	_	_	_	_	_	
1-146	768-779	okršavanjem	_	_	_	_	_	
1-147	780-781	(	_	_	_	_	_	
1-148	781-782	v	_	_	_	_	_	
1-149	782-783	.	_	_	_	_	_	
1-150	783-784	)	_	_	_	_	_	
1-151	785-794	vapnenaca	_	_	_	_	_	
1-152	794-795	,	_	_	_	_	_	
1-153	796-800	koji	_	_	_	_	_	
1-154	801-807	sadrže	_	_	_	_	_	
1-155	808-809	i	_	_	_	_	_	
1-156	810-812	do	_	_	_	_	_	
1-157	813-818	99,5%	_	_	_	_	_	
1-158	819-828	kalcijeva	_	_	_	_	_	
1-159	829-838	karbonata	_	_	_	_	_	
1-160	839-840	(	_	_	_	_	_	
1-161	840-845	CaCO3	_	_	_	_	_	
1-162	845-846	)	_	_	_	_	_	
1-163	846-847	,	_	_	_	_	_	
1-164	848-854	ostaje	_	_	_	_	_	
1-165	855-863	neznatno	_	_	_	_	_	
1-166	864-871	trošina	_	_	_	_	_	
1-167	871-872	,	_	_	_	_	_	
1-168	873-883	prevladava	_	_	_	_	_	
1-169	884-885	“	_	_	_	_	_	
1-170	885-891	kameni	_	_	_	_	_	
1-171	892-896	kraj	_	_	_	_	_	
1-172	896-897	”	_	_	_	_	_	
1-173	898-899	–	_	_	_	_	_	
1-174	900-904	goli	_	_	_	_	_	
1-175	905-908	krš	_	_	_	_	_	
1-176	908-909	.	_	_	_	_	_	
1-177	910-917	Izmjena	_	_	_	_	_	
1-178	918-919	u	_	_	_	_	_	
1-179	920-927	sastavu	_	_	_	_	_	
1-180	928-937	vapnenaca	_	_	_	_	_	
1-181	938-948	modificira	_	_	_	_	_	
1-182	949-954	krški	_	_	_	_	_	
1-183	955-961	proces	_	_	_	_	_	
1-184	961-962	,	_	_	_	_	_	
1-185	963-965	te	_	_	_	_	_	
1-186	966-968	na	_	_	_	_	_	
1-187	969-979	laporastim	_	_	_	_	_	
1-188	980-990	vapnencima	_	_	_	_	_	
1-189	991-992	(	_	_	_	_	_	
1-190	992-993	v	_	_	_	_	_	
1-191	993-994	.	_	_	_	_	_	
1-192	994-995	)	_	_	_	_	_	
1-193	996-1002	ostaje	_	_	_	_	_	
1-194	1003-1008	rahli	_	_	_	_	_	
1-195	1009-1015	pokrov	_	_	_	_	_	
1-196	1015-1016	;	_	_	_	_	_	
1-197	1017-1018	u	_	_	_	_	_	

#Text=modeliranju reljefa na tim stijenama kombiniraju se spiranje padina, površinsko otjecanje, otapanje i poniranje – imamo složeni fluviokrš. Do analognih izmjena dolazi na dolomitu, koji se drobi u pržinu ili fini pijesak. Reljef na dolomitima je raznolik s obzirom na razlike u sastavu i ekološke uvjete (v. dolomit – stijena). I krš u kredi (v.) redovito je prekriven tlom i obrastao kalcikolnom vegetacijom; plitke izolirane udubine su kombinirane s oblicima spiranja; ima osobine fluviokrša. Krške pojave u sadri vezane su za ispiranja i ulijeganja duž pukotina (geološke orgulje, v.), spilje mogu biti znatnih dimenzija. U soli su još intenzivnija ispiranja duž pukotina, i time su uvjetovana ulijeganja pokrova. Klastokrš je zvučan termin za neke krške pojave na klastičnim stijenama (konglomeratima, brečama, pješčenjacima, pra poru i dr.), što je uvjetovano otapanjem vapnenačkog cementa i sufozijskim transportom materijala. Prevladava stanovište da ove oblike treba smatrati pseudokršom. U pseudokrš uvrštavamo
2-1	1021-1032	modeliranju	_	_	_	_	_	
2-2	1033-1040	reljefa	_	_	_	_	_	
2-3	1041-1043	na	_	_	_	_	_	
2-4	1044-1047	tim	_	_	_	_	_	
2-5	1048-1057	stijenama	_	_	_	_	_	
2-6	1058-1069	kombiniraju	_	_	_	_	_	
2-7	1070-1072	se	_	_	_	_	_	
2-8	1073-1081	spiranje	_	_	_	_	_	
2-9	1082-1088	padina	_	_	_	_	_	
2-10	1088-1089	,	_	_	_	_	_	
2-11	1090-1100	površinsko	_	_	_	_	_	
2-12	1101-1110	otjecanje	_	_	_	_	_	
2-13	1110-1111	,	_	_	_	_	_	
2-14	1112-1120	otapanje	_	_	_	_	_	
2-15	1121-1122	i	_	_	_	_	_	
2-16	1123-1132	poniranje	_	_	_	_	_	
2-17	1133-1134	–	_	_	_	_	_	
2-18	1135-1140	imamo	_	_	_	_	_	
2-19	1141-1148	složeni	_	_	_	_	_	
2-20	1149-1158	fluviokrš	_	_	_	_	_	
2-21	1158-1159	.	_	_	_	_	_	
2-22	1160-1162	Do	_	_	_	_	_	
2-23	1163-1172	analognih	_	_	_	_	_	
2-24	1173-1180	izmjena	_	_	_	_	_	
2-25	1181-1187	dolazi	_	_	_	_	_	
2-26	1188-1190	na	_	_	_	_	_	
2-27	1191-1199	dolomitu	_	_	_	_	_	
2-28	1199-1200	,	_	_	_	_	_	
2-29	1201-1205	koji	_	_	_	_	_	
2-30	1206-1208	se	_	_	_	_	_	
2-31	1209-1214	drobi	_	_	_	_	_	
2-32	1215-1216	u	_	_	_	_	_	
2-33	1217-1223	pržinu	_	_	_	_	_	
2-34	1224-1227	ili	_	_	_	_	_	
2-35	1228-1232	fini	_	_	_	_	_	
2-36	1233-1240	pijesak	_	_	_	_	_	
2-37	1240-1241	.	_	_	_	_	_	
2-38	1242-1248	Reljef	_	_	_	_	_	
2-39	1249-1251	na	_	_	_	_	_	
2-40	1252-1262	dolomitima	_	_	_	_	_	
2-41	1263-1265	je	_	_	_	_	_	
2-42	1266-1274	raznolik	_	_	_	_	_	
2-43	1275-1276	s	_	_	_	_	_	
2-44	1277-1284	obzirom	_	_	_	_	_	
2-45	1285-1287	na	_	_	_	_	_	
2-46	1288-1295	razlike	_	_	_	_	_	
2-47	1296-1297	u	_	_	_	_	_	
2-48	1298-1305	sastavu	_	_	_	_	_	
2-49	1306-1307	i	_	_	_	_	_	
2-50	1308-1316	ekološke	_	_	_	_	_	
2-51	1317-1323	uvjete	_	_	_	_	_	
2-52	1324-1325	(	_	_	_	_	_	
2-53	1325-1326	v	_	_	_	_	_	
2-54	1326-1327	.	_	_	_	_	_	
2-55	1328-1335	dolomit	_	_	_	_	_	
2-56	1336-1337	–	_	_	_	_	_	
2-57	1338-1345	stijena	_	_	_	_	_	
2-58	1345-1346	)	_	_	_	_	_	
2-59	1346-1347	.	_	_	_	_	_	
2-60	1348-1349	I	_	_	_	_	_	
2-61	1350-1353	krš	_	_	_	_	_	
2-62	1354-1355	u	_	_	_	_	_	
2-63	1356-1361	kredi	_	_	_	_	_	
2-64	1362-1363	(	_	_	_	_	_	
2-65	1363-1364	v	_	_	_	_	_	
2-66	1364-1365	.	_	_	_	_	_	
2-67	1365-1366	)	_	_	_	_	_	
2-68	1367-1375	redovito	_	_	_	_	_	
2-69	1376-1378	je	_	_	_	_	_	
2-70	1379-1388	prekriven	_	_	_	_	_	
2-71	1389-1393	tlom	_	_	_	_	_	
2-72	1394-1395	i	_	_	_	_	_	
2-73	1396-1404	obrastao	_	_	_	_	_	
2-74	1405-1416	kalcikolnom	_	_	_	_	_	
2-75	1417-1428	vegetacijom	_	_	_	_	_	
2-76	1428-1429	;	_	_	_	_	_	
2-77	1430-1436	plitke	_	_	_	_	_	
2-78	1437-1446	izolirane	_	_	_	_	_	
2-79	1447-1454	udubine	_	_	_	_	_	
2-80	1455-1457	su	_	_	_	_	_	
2-81	1458-1469	kombinirane	_	_	_	_	_	
2-82	1470-1471	s	_	_	_	_	_	
2-83	1472-1480	oblicima	_	_	_	_	_	
2-84	1481-1489	spiranja	_	_	_	_	_	
2-85	1489-1490	;	_	_	_	_	_	
2-86	1491-1494	ima	_	_	_	_	_	
2-87	1495-1502	osobine	_	_	_	_	_	
2-88	1503-1513	fluviokrša	_	_	_	_	_	
2-89	1513-1514	.	_	_	_	_	_	
2-90	1515-1520	Krške	_	_	_	_	_	
2-91	1521-1527	pojave	_	_	_	_	_	
2-92	1528-1529	u	_	_	_	_	_	
2-93	1530-1535	sadri	_	_	_	_	_	
2-94	1536-1542	vezane	_	_	_	_	_	
2-95	1543-1545	su	_	_	_	_	_	
2-96	1546-1548	za	_	_	_	_	_	
2-97	1549-1558	ispiranja	_	_	_	_	_	
2-98	1559-1560	i	_	_	_	_	_	
2-99	1561-1571	ulijeganja	_	_	_	_	_	
2-100	1572-1575	duž	_	_	_	_	_	
2-101	1576-1584	pukotina	_	_	_	_	_	
2-102	1585-1586	(	_	_	_	_	_	
2-103	1586-1594	geološke	_	_	_	_	_	
2-104	1595-1602	orgulje	_	_	_	_	_	
2-105	1602-1603	,	_	_	_	_	_	
2-106	1604-1605	v	_	_	_	_	_	
2-107	1605-1606	.	_	_	_	_	_	
2-108	1606-1607	)	_	_	_	_	_	
2-109	1607-1608	,	_	_	_	_	_	
2-110	1609-1615	spilje	_	_	_	_	_	
2-111	1616-1620	mogu	_	_	_	_	_	
2-112	1621-1625	biti	_	_	_	_	_	
2-113	1626-1633	znatnih	_	_	_	_	_	
2-114	1634-1643	dimenzija	_	_	_	_	_	
2-115	1643-1644	.	_	_	_	_	_	
2-116	1645-1646	U	_	_	_	_	_	
2-117	1647-1651	soli	_	_	_	_	_	
2-118	1652-1654	su	_	_	_	_	_	
2-119	1655-1658	još	_	_	_	_	_	
2-120	1659-1671	intenzivnija	_	_	_	_	_	
2-121	1672-1681	ispiranja	_	_	_	_	_	
2-122	1682-1685	duž	_	_	_	_	_	
2-123	1686-1694	pukotina	_	_	_	_	_	
2-124	1694-1695	,	_	_	_	_	_	
2-125	1696-1697	i	_	_	_	_	_	
2-126	1698-1702	time	_	_	_	_	_	
2-127	1703-1705	su	_	_	_	_	_	
2-128	1706-1716	uvjetovana	_	_	_	_	_	
2-129	1717-1727	ulijeganja	_	_	_	_	_	
2-130	1728-1735	pokrova	_	_	_	_	_	
2-131	1735-1736	.	_	_	_	_	_	
2-132	1737-1746	Klastokrš	_	_	_	_	_	
2-133	1747-1749	je	_	_	_	_	_	
2-134	1750-1756	zvučan	_	_	_	_	_	
2-135	1757-1763	termin	_	_	_	_	_	
2-136	1764-1766	za	_	_	_	_	_	
2-137	1767-1771	neke	_	_	_	_	_	
2-138	1772-1777	krške	_	_	_	_	_	
2-139	1778-1784	pojave	_	_	_	_	_	
2-140	1785-1787	na	_	_	_	_	_	
2-141	1788-1798	klastičnim	_	_	_	_	_	
2-142	1799-1808	stijenama	_	_	_	_	_	
2-143	1809-1810	(	_	_	_	_	_	
2-144	1810-1824	konglomeratima	_	_	_	_	_	
2-145	1824-1825	,	_	_	_	_	_	
2-146	1826-1833	brečama	_	_	_	_	_	
2-147	1833-1834	,	_	_	_	_	_	
2-148	1835-1848	pješčenjacima	_	_	_	_	_	
2-149	1848-1849	,	_	_	_	_	_	
2-150	1850-1853	pra	_	_	_	_	_	
2-151	1854-1858	poru	_	_	_	_	_	
2-152	1859-1860	i	_	_	_	_	_	
2-153	1861-1863	dr	_	_	_	_	_	
2-154	1863-1864	.	_	_	_	_	_	
2-155	1864-1865	)	_	_	_	_	_	
2-156	1865-1866	,	_	_	_	_	_	
2-157	1867-1870	što	_	_	_	_	_	
2-158	1871-1873	je	_	_	_	_	_	
2-159	1874-1884	uvjetovano	_	_	_	_	_	
2-160	1885-1894	otapanjem	_	_	_	_	_	
2-161	1895-1906	vapnenačkog	_	_	_	_	_	
2-162	1907-1914	cementa	_	_	_	_	_	
2-163	1915-1916	i	_	_	_	_	_	
2-164	1917-1928	sufozijskim	_	_	_	_	_	
2-165	1929-1940	transportom	_	_	_	_	_	
2-166	1941-1951	materijala	_	_	_	_	_	
2-167	1951-1952	.	_	_	_	_	_	
2-168	1953-1963	Prevladava	_	_	_	_	_	
2-169	1964-1974	stanovište	_	_	_	_	_	
2-170	1975-1977	da	_	_	_	_	_	
2-171	1978-1981	ove	_	_	_	_	_	
2-172	1982-1988	oblike	_	_	_	_	_	
2-173	1989-1994	treba	_	_	_	_	_	
2-174	1995-2003	smatrati	_	_	_	_	_	
2-175	2004-2015	pseudokršom	_	_	_	_	_	
2-176	2015-2016	.	_	_	_	_	_	
2-177	2017-2018	U	_	_	_	_	_	
2-178	2019-2028	pseudokrš	_	_	_	_	_	
2-179	2029-2039	uvrštavamo	_	_	_	_	_	

#Text=kršolike pojave u tokovima lave (šupljine, uvjetovane plinovima), na eruptivnim stijenama i sl. Ovamo spada i kriokrš, tj. gibanje vode i oblici re ljefa uvjetovani slojem mrzlote ili permafrosta, te naizmjeničnim zamržnjavanjem i odmržnjavanjem. Permafrost zadržava procjeđivanje i uvjetuje sufozijski transport, a zamržnjavanjem i odmržnjavanjem dolazi do površinskog drobljenja stijena i gibanja blokova. Termin “termokrš” za te periglacijalne oblike nije prihvaćen, jer vodi u zabunu; navikli smo da pritom mislimo na više temperature. G. A. Maksimovič uvodi (1963) termin “hidrotermokarst” za krške pojave oko termalnih vrela. Sve navedene pseudokrš ke pojave se bitno razlikuju od procesa na karbonatnim sti jenama, gdje otapanje i pukotinsko protjecanje voda uvjetuju kameno, krško površje; ne pripadaju kršu. Duboki krš je razvijen u debeloj seriji karbonatnih stijena; za duboki k. su karakteristične jame. U dubokom kršu se izuzetno dopire do freatske zone. Plitki krš je razvijen u tanjoj seriji karbonatnih
3-1	2041-2049	kršolike	_	_	_	_	_	
3-2	2050-2056	pojave	_	_	_	_	_	
3-3	2057-2058	u	_	_	_	_	_	
3-4	2059-2067	tokovima	_	_	_	_	_	
3-5	2068-2072	lave	_	_	_	_	_	
3-6	2073-2074	(	_	_	_	_	_	
3-7	2074-2082	šupljine	_	_	_	_	_	
3-8	2082-2083	,	_	_	_	_	_	
3-9	2084-2094	uvjetovane	_	_	_	_	_	
3-10	2095-2104	plinovima	_	_	_	_	_	
3-11	2104-2105	)	_	_	_	_	_	
3-12	2105-2106	,	_	_	_	_	_	
3-13	2107-2109	na	_	_	_	_	_	
3-14	2110-2120	eruptivnim	_	_	_	_	_	
3-15	2121-2130	stijenama	_	_	_	_	_	
3-16	2131-2132	i	_	_	_	_	_	
3-17	2133-2135	sl	_	_	_	_	_	
3-18	2135-2136	.	_	_	_	_	_	
3-19	2137-2142	Ovamo	_	_	_	_	_	
3-20	2143-2148	spada	_	_	_	_	_	
3-21	2149-2150	i	_	_	_	_	_	
3-22	2151-2158	kriokrš	_	_	_	_	_	
3-23	2158-2159	,	_	_	_	_	_	
3-24	2160-2162	tj	_	_	_	_	_	
3-25	2162-2163	.	_	_	_	_	_	
3-26	2164-2171	gibanje	_	_	_	_	_	
3-27	2172-2176	vode	_	_	_	_	_	
3-28	2177-2178	i	_	_	_	_	_	
3-29	2179-2185	oblici	_	_	_	_	_	
3-30	2186-2188	re	_	_	_	_	_	
3-31	2189-2194	ljefa	_	_	_	_	_	
3-32	2195-2205	uvjetovani	_	_	_	_	_	
3-33	2206-2212	slojem	_	_	_	_	_	
3-34	2213-2220	mrzlote	_	_	_	_	_	
3-35	2221-2224	ili	_	_	_	_	_	
3-36	2225-2236	permafrosta	_	_	_	_	_	
3-37	2236-2237	,	_	_	_	_	_	
3-38	2238-2240	te	_	_	_	_	_	
3-39	2241-2254	naizmjeničnim	_	_	_	_	_	
3-40	2255-2269	zamržnjavanjem	_	_	_	_	_	
3-41	2270-2271	i	_	_	_	_	_	
3-42	2272-2286	odmržnjavanjem	_	_	_	_	_	
3-43	2286-2287	.	_	_	_	_	_	
3-44	2288-2298	Permafrost	_	_	_	_	_	
3-45	2299-2307	zadržava	_	_	_	_	_	
3-46	2308-2321	procjeđivanje	_	_	_	_	_	
3-47	2322-2323	i	_	_	_	_	_	
3-48	2324-2332	uvjetuje	_	_	_	_	_	
3-49	2333-2343	sufozijski	_	_	_	_	_	
3-50	2344-2353	transport	_	_	_	_	_	
3-51	2353-2354	,	_	_	_	_	_	
3-52	2355-2356	a	_	_	_	_	_	
3-53	2357-2371	zamržnjavanjem	_	_	_	_	_	
3-54	2372-2373	i	_	_	_	_	_	
3-55	2374-2388	odmržnjavanjem	_	_	_	_	_	
3-56	2389-2395	dolazi	_	_	_	_	_	
3-57	2396-2398	do	_	_	_	_	_	
3-58	2399-2410	površinskog	_	_	_	_	_	
3-59	2411-2421	drobljenja	_	_	_	_	_	
3-60	2422-2429	stijena	_	_	_	_	_	
3-61	2430-2431	i	_	_	_	_	_	
3-62	2432-2439	gibanja	_	_	_	_	_	
3-63	2440-2447	blokova	_	_	_	_	_	
3-64	2447-2448	.	_	_	_	_	_	
3-65	2449-2455	Termin	_	_	_	_	_	
3-66	2456-2457	“	_	_	_	_	_	
3-67	2457-2465	termokrš	_	_	_	_	_	
3-68	2465-2466	”	_	_	_	_	_	
3-69	2467-2469	za	_	_	_	_	_	
3-70	2470-2472	te	_	_	_	_	_	
3-71	2473-2487	periglacijalne	_	_	_	_	_	
3-72	2488-2494	oblike	_	_	_	_	_	
3-73	2495-2499	nije	_	_	_	_	_	
3-74	2500-2509	prihvaćen	_	_	_	_	_	
3-75	2509-2510	,	_	_	_	_	_	
3-76	2511-2514	jer	_	_	_	_	_	
3-77	2515-2519	vodi	_	_	_	_	_	
3-78	2520-2521	u	_	_	_	_	_	
3-79	2522-2528	zabunu	_	_	_	_	_	
3-80	2528-2529	;	_	_	_	_	_	
3-81	2530-2537	navikli	_	_	_	_	_	
3-82	2538-2541	smo	_	_	_	_	_	
3-83	2542-2544	da	_	_	_	_	_	
3-84	2545-2551	pritom	_	_	_	_	_	
3-85	2552-2559	mislimo	_	_	_	_	_	
3-86	2560-2562	na	_	_	_	_	_	
3-87	2563-2567	više	_	_	_	_	_	
3-88	2568-2579	temperature	_	_	_	_	_	
3-89	2579-2580	.	_	_	_	_	_	
3-90	2581-2582	G	_	_	_	_	_	
3-91	2582-2583	.	_	_	_	_	_	
3-92	2584-2585	A	_	_	_	_	_	
3-93	2585-2586	.	_	_	_	_	_	
3-94	2587-2597	Maksimovič	_	_	_	_	_	
3-95	2598-2603	uvodi	_	_	_	_	_	
3-96	2604-2605	(	_	_	_	_	_	
3-97	2605-2609	1963	_	_	_	_	_	
3-98	2609-2610	)	_	_	_	_	_	
3-99	2611-2617	termin	_	_	_	_	_	
3-100	2618-2619	“	_	_	_	_	_	
3-101	2619-2634	hidrotermokarst	_	_	_	_	_	
3-102	2634-2635	”	_	_	_	_	_	
3-103	2636-2638	za	_	_	_	_	_	
3-104	2639-2644	krške	_	_	_	_	_	
3-105	2645-2651	pojave	_	_	_	_	_	
3-106	2652-2655	oko	_	_	_	_	_	
3-107	2656-2665	termalnih	_	_	_	_	_	
3-108	2666-2671	vrela	_	_	_	_	_	
3-109	2671-2672	.	_	_	_	_	_	
3-110	2673-2676	Sve	_	_	_	_	_	
3-111	2677-2685	navedene	_	_	_	_	_	
3-112	2686-2695	pseudokrš	_	_	_	_	_	
3-113	2696-2698	ke	_	_	_	_	_	
3-114	2699-2705	pojave	_	_	_	_	_	
3-115	2706-2708	se	_	_	_	_	_	
3-116	2709-2714	bitno	_	_	_	_	_	
3-117	2715-2724	razlikuju	_	_	_	_	_	
3-118	2725-2727	od	_	_	_	_	_	
3-119	2728-2735	procesa	_	_	_	_	_	
3-120	2736-2738	na	_	_	_	_	_	
3-121	2739-2750	karbonatnim	_	_	_	_	_	
3-122	2751-2754	sti	_	_	_	_	_	
3-123	2755-2761	jenama	_	_	_	_	_	
3-124	2761-2762	,	_	_	_	_	_	
3-125	2763-2767	gdje	_	_	_	_	_	
3-126	2768-2776	otapanje	_	_	_	_	_	
3-127	2777-2778	i	_	_	_	_	_	
3-128	2779-2789	pukotinsko	_	_	_	_	_	
3-129	2790-2801	protjecanje	_	_	_	_	_	
3-130	2802-2806	voda	_	_	_	_	_	
3-131	2807-2815	uvjetuju	_	_	_	_	_	
3-132	2816-2822	kameno	_	_	_	_	_	
3-133	2822-2823	,	_	_	_	_	_	
3-134	2824-2829	krško	_	_	_	_	_	
3-135	2830-2837	površje	_	_	_	_	_	
3-136	2837-2838	;	_	_	_	_	_	
3-137	2839-2841	ne	_	_	_	_	_	
3-138	2842-2851	pripadaju	_	_	_	_	_	
3-139	2852-2856	kršu	_	_	_	_	_	
3-140	2856-2857	.	_	_	_	_	_	
3-141	2858-2864	Duboki	_	_	_	_	_	
3-142	2865-2868	krš	_	_	_	_	_	
3-143	2869-2871	je	_	_	_	_	_	
3-144	2872-2880	razvijen	_	_	_	_	_	
3-145	2881-2882	u	_	_	_	_	_	
3-146	2883-2890	debeloj	_	_	_	_	_	
3-147	2891-2897	seriji	_	_	_	_	_	
3-148	2898-2909	karbonatnih	_	_	_	_	_	
3-149	2910-2917	stijena	_	_	_	_	_	
3-150	2917-2918	;	_	_	_	_	_	
3-151	2919-2921	za	_	_	_	_	_	
3-152	2922-2928	duboki	_	_	_	_	_	
3-153	2929-2930	k	_	_	_	_	_	
3-154	2930-2931	.	_	_	_	_	_	
3-155	2932-2934	su	_	_	_	_	_	
3-156	2935-2950	karakteristične	_	_	_	_	_	
3-157	2951-2955	jame	_	_	_	_	_	
3-158	2955-2956	.	_	_	_	_	_	
3-159	2957-2958	U	_	_	_	_	_	
3-160	2959-2966	dubokom	_	_	_	_	_	
3-161	2967-2971	kršu	_	_	_	_	_	
3-162	2972-2974	se	_	_	_	_	_	
3-163	2975-2983	izuzetno	_	_	_	_	_	
3-164	2984-2990	dopire	_	_	_	_	_	
3-165	2991-2993	do	_	_	_	_	_	
3-166	2994-3002	freatske	_	_	_	_	_	
3-167	3003-3007	zone	_	_	_	_	_	
3-168	3007-3008	.	_	_	_	_	_	
3-169	3009-3015	Plitki	_	_	_	_	_	
3-170	3016-3019	krš	_	_	_	_	_	
3-171	3020-3022	je	_	_	_	_	_	
3-172	3023-3031	razvijen	_	_	_	_	_	
3-173	3032-3033	u	_	_	_	_	_	
3-174	3034-3040	tanjoj	_	_	_	_	_	
3-175	3041-3047	seriji	_	_	_	_	_	
3-176	3048-3059	karbonatnih	_	_	_	_	_	

#Text=stijena, te mnoge krške udubine dopiru do freatske zone. Karakteriziraju ga spilje, nad kojima se urušavaju pokrovi. Zajaženi krš je razvijen u karbonatnim stijenama koje su utonule u nepropusne stijene; nije uvjerljivo definiran. Osamljeni krš je u karbonatnim stijenama koje su izolirane u nepropusnoj okolici. Pokriveni krš je pokriven alogenim nanosima, a krška topografija se djelomično odražava u trošnom pokrovu (provalije i sl.). Subkutani krš se razvija pod pokrovom tla. Dobro je izražen krški reljef; pokrov tla utječe, odnosno ubrzava korozijski proces (v. korozija) i koncentrira ga s obzirom na pukotine u podlozi i vlagu u tlu. Korozija se vrši plošno i oblici se ističu glatkoćom ploha (v. plošna korozija). Boginjavi krš je karakteriziran mnogobrojnim i relativno plitkim ponikvama, koje su nastale pod pokrovom nanosa i tla, a u reljefu ostaju kao naslijeđe i poslije spiranja trošnog pokrova. Ekshumirani krš je otkriven spiranjem ili umjetnim odstranjenjem sloja naplavina, tla ili transgresijskog
4-1	3062-3069	stijena	_	_	_	_	_	
4-2	3069-3070	,	_	_	_	_	_	
4-3	3071-3073	te	_	_	_	_	_	
4-4	3074-3079	mnoge	_	_	_	_	_	
4-5	3080-3085	krške	_	_	_	_	_	
4-6	3086-3093	udubine	_	_	_	_	_	
4-7	3094-3100	dopiru	_	_	_	_	_	
4-8	3101-3103	do	_	_	_	_	_	
4-9	3104-3112	freatske	_	_	_	_	_	
4-10	3113-3117	zone	_	_	_	_	_	
4-11	3117-3118	.	_	_	_	_	_	
4-12	3119-3134	Karakteriziraju	_	_	_	_	_	
4-13	3135-3137	ga	_	_	_	_	_	
4-14	3138-3144	spilje	_	_	_	_	_	
4-15	3144-3145	,	_	_	_	_	_	
4-16	3146-3149	nad	_	_	_	_	_	
4-17	3150-3156	kojima	_	_	_	_	_	
4-18	3157-3159	se	_	_	_	_	_	
4-19	3160-3169	urušavaju	_	_	_	_	_	
4-20	3170-3177	pokrovi	_	_	_	_	_	
4-21	3177-3178	.	_	_	_	_	_	
4-22	3179-3187	Zajaženi	_	C. Geome[2]	_	_	_	
4-23	3188-3191	krš	_	C. Geome[2]	_	_	_	
4-24	3192-3194	je	_	_	_	_	_	
4-25	3195-3203	razvijen	_	_	_	_	_	
4-26	3204-3205	u	_	_	_	_	_	
4-27	3206-3217	karbonatnim	_	_	_	_	_	
4-28	3218-3227	stijenama	_	_	_	_	_	
4-29	3228-3232	koje	_	_	_	_	_	
4-30	3233-3235	su	_	_	_	_	_	
4-31	3236-3243	utonule	_	_	_	_	_	
4-32	3244-3245	u	_	_	_	_	_	
4-33	3246-3256	nepropusne	_	_	_	_	_	
4-34	3257-3264	stijene	_	_	_	_	_	
4-35	3264-3265	;	_	_	_	_	_	
4-36	3266-3270	nije	_	_	_	_	_	
4-37	3271-3281	uvjerljivo	_	_	_	_	_	
4-38	3282-3291	definiran	_	_	_	_	_	
4-39	3291-3292	.	_	_	_	_	_	
4-40	3293-3302	Osamljeni	_	_	_	_	_	
4-41	3303-3306	krš	_	_	_	_	_	
4-42	3307-3309	je	_	_	_	_	_	
4-43	3310-3311	u	_	_	_	_	_	
4-44	3312-3323	karbonatnim	_	_	_	_	_	
4-45	3324-3333	stijenama	_	_	_	_	_	
4-46	3334-3338	koje	_	_	_	_	_	
4-47	3339-3341	su	_	_	_	_	_	
4-48	3342-3351	izolirane	_	_	_	_	_	
4-49	3352-3353	u	_	_	_	_	_	
4-50	3354-3365	nepropusnoj	_	_	_	_	_	
4-51	3366-3373	okolici	_	_	_	_	_	
4-52	3373-3374	.	_	_	_	_	_	
4-53	3375-3384	Pokriveni	_	_	_	_	_	
4-54	3385-3388	krš	_	_	_	_	_	
4-55	3389-3391	je	_	_	_	_	_	
4-56	3392-3400	pokriven	_	_	_	_	_	
4-57	3401-3409	alogenim	_	_	_	_	_	
4-58	3410-3418	nanosima	_	_	_	_	_	
4-59	3418-3419	,	_	_	_	_	_	
4-60	3420-3421	a	_	_	_	_	_	
4-61	3422-3427	krška	_	_	_	_	_	
4-62	3428-3439	topografija	_	_	_	_	_	
4-63	3440-3442	se	_	_	_	_	_	
4-64	3443-3453	djelomično	_	_	_	_	_	
4-65	3454-3462	odražava	_	_	_	_	_	
4-66	3463-3464	u	_	_	_	_	_	
4-67	3465-3472	trošnom	_	_	_	_	_	
4-68	3473-3480	pokrovu	_	_	_	_	_	
4-69	3481-3482	(	_	_	_	_	_	
4-70	3482-3491	provalije	_	_	_	_	_	
4-71	3492-3493	i	_	_	_	_	_	
4-72	3494-3496	sl	_	_	_	_	_	
4-73	3496-3497	.	_	_	_	_	_	
4-74	3497-3498	)	_	_	_	_	_	
4-75	3498-3499	.	_	_	_	_	_	
4-76	3500-3509	Subkutani	_	_	_	_	_	
4-77	3510-3513	krš	_	_	_	_	_	
4-78	3514-3516	se	_	_	_	_	_	
4-79	3517-3524	razvija	_	_	_	_	_	
4-80	3525-3528	pod	_	_	_	_	_	
4-81	3529-3537	pokrovom	_	_	_	_	_	
4-82	3538-3541	tla	_	_	_	_	_	
4-83	3541-3542	.	_	_	_	_	_	
4-84	3543-3548	Dobro	_	_	_	_	_	
4-85	3549-3551	je	_	_	_	_	_	
4-86	3552-3559	izražen	_	_	_	_	_	
4-87	3560-3565	krški	_	_	_	_	_	
4-88	3566-3572	reljef	_	_	_	_	_	
4-89	3572-3573	;	_	_	_	_	_	
4-90	3574-3580	pokrov	_	_	_	_	_	
4-91	3581-3584	tla	_	_	_	_	_	
4-92	3585-3591	utječe	_	_	_	_	_	
4-93	3591-3592	,	_	_	_	_	_	
4-94	3593-3600	odnosno	_	_	_	_	_	
4-95	3601-3608	ubrzava	_	_	_	_	_	
4-96	3609-3619	korozijski	_	_	_	_	_	
4-97	3620-3626	proces	_	_	_	_	_	
4-98	3627-3628	(	_	_	_	_	_	
4-99	3628-3629	v	_	_	_	_	_	
4-100	3629-3630	.	_	_	_	_	_	
4-101	3631-3639	korozija	_	_	_	_	_	
4-102	3639-3640	)	_	_	_	_	_	
4-103	3641-3642	i	_	_	_	_	_	
4-104	3643-3654	koncentrira	_	_	_	_	_	
4-105	3655-3657	ga	_	_	_	_	_	
4-106	3658-3659	s	_	_	_	_	_	
4-107	3660-3667	obzirom	_	_	_	_	_	
4-108	3668-3670	na	_	_	_	_	_	
4-109	3671-3679	pukotine	_	_	_	_	_	
4-110	3680-3681	u	_	_	_	_	_	
4-111	3682-3689	podlozi	_	_	_	_	_	
4-112	3690-3691	i	_	_	_	_	_	
4-113	3692-3697	vlagu	_	_	_	_	_	
4-114	3698-3699	u	_	_	_	_	_	
4-115	3700-3703	tlu	_	_	_	_	_	
4-116	3703-3704	.	_	_	_	_	_	
4-117	3705-3713	Korozija	_	_	_	_	_	
4-118	3714-3716	se	_	_	_	_	_	
4-119	3717-3721	vrši	_	_	_	_	_	
4-120	3722-3728	plošno	_	_	_	_	_	
4-121	3729-3730	i	_	_	_	_	_	
4-122	3731-3737	oblici	_	_	_	_	_	
4-123	3738-3740	se	_	_	_	_	_	
4-124	3741-3747	ističu	_	_	_	_	_	
4-125	3748-3757	glatkoćom	_	_	_	_	_	
4-126	3758-3763	ploha	_	_	_	_	_	
4-127	3764-3765	(	_	_	_	_	_	
4-128	3765-3766	v	_	_	_	_	_	
4-129	3766-3767	.	_	_	_	_	_	
4-130	3768-3774	plošna	_	_	_	_	_	
4-131	3775-3783	korozija	_	_	_	_	_	
4-132	3783-3784	)	_	_	_	_	_	
4-133	3784-3785	.	_	_	_	_	_	
4-134	3786-3795	Boginjavi	_	C. Geome[3]	DEFINIENDUM[16]	_	_	
4-135	3796-3799	krš	_	C. Geome[3]	DEFINIENDUM[16]	_	_	
4-136	3800-3802	je	_	_	_	_	_	
4-137	3803-3817	karakteriziran	_	_	_	CONTAINS[29]	_	
4-138	3818-3830	mnogobrojnim	_	_	_	CONTAINS[29]	_	
4-139	3831-3832	i	_	_	_	CONTAINS[29]	_	
4-140	3833-3842	relativno	_	_	_	CONTAINS[29]	_	
4-141	3843-3850	plitkim	_	_	_	CONTAINS[29]	_	
4-142	3851-3860	ponikvama	_	_	_	CONTAINS[29]	_	
4-143	3860-3861	,	_	_	_	_	_	
4-144	3862-3866	koje	_	_	_	_	_	
4-145	3867-3869	su	_	_	_	_	_	
4-146	3870-3877	nastale	_	_	_	_	_	
4-147	3878-3881	pod	_	_	_	_	_	
4-148	3882-3890	pokrovom	_	_	_	_	_	
4-149	3891-3897	nanosa	_	_	_	_	_	
4-150	3898-3899	i	_	_	_	_	_	
4-151	3900-3903	tla	_	_	_	_	_	
4-152	3903-3904	,	_	_	_	_	_	
4-153	3905-3906	a	_	_	_	_	_	
4-154	3907-3908	u	_	_	_	_	_	
4-155	3909-3916	reljefu	_	_	_	_	_	
4-156	3917-3923	ostaju	_	_	_	_	_	
4-157	3924-3927	kao	_	_	_	_	_	
4-158	3928-3937	naslijeđe	_	_	_	_	_	
4-159	3938-3939	i	_	_	_	_	_	
4-160	3940-3947	poslije	_	_	_	_	_	
4-161	3948-3956	spiranja	_	_	_	_	_	
4-162	3957-3964	trošnog	_	_	_	_	_	
4-163	3965-3972	pokrova	_	_	_	_	_	
4-164	3972-3973	.	_	_	_	_	_	
4-165	3974-3985	Ekshumirani	_	_	_	_	_	
4-166	3986-3989	krš	_	_	_	_	_	
4-167	3990-3992	je	_	_	_	_	_	
4-168	3993-4001	otkriven	_	_	_	_	_	
4-169	4002-4011	spiranjem	_	_	_	_	_	
4-170	4012-4015	ili	_	_	_	_	_	
4-171	4016-4024	umjetnim	_	_	_	_	_	
4-172	4025-4038	odstranjenjem	_	_	_	_	_	
4-173	4039-4044	sloja	_	_	_	_	_	
4-174	4045-4054	naplavina	_	_	_	_	_	
4-175	4054-4055	,	_	_	_	_	_	
4-176	4056-4059	tla	_	_	_	_	_	
4-177	4060-4063	ili	_	_	_	_	_	
4-178	4064-4079	transgresijskog	_	_	_	_	_	

#Text=pokrova; u posljednjem slučaju su otkriveni oblici paleokrša. Podzemni krš (A. Penck, 1924) je razvijen ispod stratigrafskog pokrova, kroz koji se procjeđuje agresivna voda (v.); nije bio na površini. “Fosilni krš” je prekriven nepropusnim pokrovom; ne odrazuje se u reljefu i cirkuliranju vode, te nema razloga da se taj “fosilizirani” k. izdvaja. Akumulirani krš se u podzemlju razvijao dalje, iako je proces na površini prekinut taložinama mlađe transgresije ili nanosom nepropusnog pokrova. Dubinski krš – krš u podzemlju krajeva koji nisu krški i konstatira se bušenjem ili rudarskim radovima. Umrtvljeni krš, nazivaju ga i “aridni krš”; prestao se razvijati zbog nastupa aridne klime; tome doprinose i otporne kore koje u tim klimama prekriju stijene.
5-1	4082-4089	pokrova	_	_	_	_	_	
5-2	4089-4090	;	_	_	_	_	_	
5-3	4091-4092	u	_	_	_	_	_	
5-4	4093-4104	posljednjem	_	_	_	_	_	
5-5	4105-4112	slučaju	_	_	_	_	_	
5-6	4113-4115	su	_	_	_	_	_	
5-7	4116-4125	otkriveni	_	_	_	_	_	
5-8	4126-4132	oblici	_	_	_	_	_	
5-9	4133-4142	paleokrša	_	_	_	_	_	
5-10	4142-4143	.	_	_	_	_	_	
5-11	4144-4152	Podzemni	_	C. Geome[4]	DEFINIENDUM[17]	_	_	
5-12	4153-4156	krš	_	C. Geome[4]	DEFINIENDUM[17]	_	_	
5-13	4157-4158	(	_	_	_	_	_	
5-14	4158-4159	A	_	_	_	_	_	
5-15	4159-4160	.	_	_	_	_	_	
5-16	4161-4166	Penck	_	_	_	_	_	
5-17	4166-4167	,	_	_	_	_	_	
5-18	4168-4172	1924	_	_	_	_	_	
5-19	4172-4173	)	_	_	_	_	_	
5-20	4174-4176	je	_	_	_	_	_	
5-21	4177-4185	razvijen	_	_	_	HAS\_LOCATION[30]	_	
5-22	4186-4191	ispod	_	_	_	HAS\_LOCATION[30]	_	
5-23	4192-4206	stratigrafskog	_	D.1 Abiotic[5]	_	HAS\_LOCATION[30]	_	
5-24	4207-4214	pokrova	_	D.1 Abiotic[5]	_	HAS\_LOCATION[30]	_	
5-25	4214-4215	,	_	_	_	HAS\_LOCATION[30]	_	
5-26	4216-4220	kroz	_	_	_	HAS\_LOCATION[30]	_	
5-27	4221-4225	koji	_	_	_	HAS\_LOCATION[30]	_	
5-28	4226-4228	se	_	_	_	HAS\_LOCATION[30]	_	
5-29	4229-4239	procjeđuje	_	_	_	HAS\_LOCATION[30]	_	
5-30	4240-4249	agresivna	_	D.1 Abiotic[6]	_	HAS\_LOCATION[30]	_	
5-31	4250-4254	voda	_	D.1 Abiotic[6]	_	HAS\_LOCATION[30]	_	
5-32	4255-4256	(	_	_	_	_	_	
5-33	4256-4257	v	_	_	_	_	_	
5-34	4257-4258	.	_	_	_	_	_	
5-35	4258-4259	)	_	_	_	_	_	
5-36	4259-4260	;	_	_	_	_	_	
5-37	4261-4265	nije	_	_	_	_	_	
5-38	4266-4269	bio	_	_	_	_	_	
5-39	4270-4272	na	_	_	_	_	_	
5-40	4273-4281	površini	_	_	_	_	_	
5-41	4281-4282	.	_	_	_	_	_	
5-42	4283-4284	“	_	_	_	_	_	
5-43	4284-4291	Fosilni	_	_	_	_	_	
5-44	4292-4295	krš	_	_	_	_	_	
5-45	4295-4296	”	_	_	_	_	_	
5-46	4297-4299	je	_	_	_	_	_	
5-47	4300-4309	prekriven	_	_	_	_	_	
5-48	4310-4321	nepropusnim	_	_	_	_	_	
5-49	4322-4330	pokrovom	_	_	_	_	_	
5-50	4330-4331	;	_	_	_	_	_	
5-51	4332-4334	ne	_	_	_	_	_	
5-52	4335-4343	odrazuje	_	_	_	_	_	
5-53	4344-4346	se	_	_	_	_	_	
5-54	4347-4348	u	_	_	_	_	_	
5-55	4349-4356	reljefu	_	_	_	_	_	
5-56	4357-4358	i	_	_	_	_	_	
5-57	4359-4371	cirkuliranju	_	_	_	_	_	
5-58	4372-4376	vode	_	_	_	_	_	
5-59	4376-4377	,	_	_	_	_	_	
5-60	4378-4380	te	_	_	_	_	_	
5-61	4381-4385	nema	_	_	_	_	_	
5-62	4386-4393	razloga	_	_	_	_	_	
5-63	4394-4396	da	_	_	_	_	_	
5-64	4397-4399	se	_	_	_	_	_	
5-65	4400-4403	taj	_	_	_	_	_	
5-66	4404-4405	“	_	_	_	_	_	
5-67	4405-4417	fosilizirani	_	_	_	_	_	
5-68	4417-4418	”	_	_	_	_	_	
5-69	4419-4420	k	_	_	_	_	_	
5-70	4420-4421	.	_	_	_	_	_	
5-71	4422-4429	izdvaja	_	_	_	_	_	
5-72	4429-4430	.	_	_	_	_	_	
5-73	4431-4442	Akumulirani	_	_	_	_	_	
5-74	4443-4446	krš	_	_	_	_	_	
5-75	4447-4449	se	_	_	_	_	_	
5-76	4450-4451	u	_	_	_	_	_	
5-77	4452-4461	podzemlju	_	_	_	_	_	
5-78	4462-4470	razvijao	_	_	_	_	_	
5-79	4471-4476	dalje	_	_	_	_	_	
5-80	4476-4477	,	_	_	_	_	_	
5-81	4478-4482	iako	_	_	_	_	_	
5-82	4483-4485	je	_	_	_	_	_	
5-83	4486-4492	proces	_	_	_	_	_	
5-84	4493-4495	na	_	_	_	_	_	
5-85	4496-4504	površini	_	_	_	_	_	
5-86	4505-4513	prekinut	_	_	_	_	_	
5-87	4514-4524	taložinama	_	_	_	_	_	
5-88	4525-4530	mlađe	_	_	_	_	_	
5-89	4531-4543	transgresije	_	_	_	_	_	
5-90	4544-4547	ili	_	_	_	_	_	
5-91	4548-4555	nanosom	_	_	_	_	_	
5-92	4556-4567	nepropusnog	_	_	_	_	_	
5-93	4568-4575	pokrova	_	_	_	_	_	
5-94	4575-4576	.	_	_	_	_	_	
5-95	4577-4585	Dubinski	_	_	_	_	_	
5-96	4586-4589	krš	_	_	_	_	_	
5-97	4590-4591	–	_	_	_	_	_	
5-98	4592-4595	krš	_	_	_	_	_	
5-99	4596-4597	u	_	_	_	_	_	
5-100	4598-4607	podzemlju	_	_	_	_	_	
5-101	4608-4615	krajeva	_	_	_	_	_	
5-102	4616-4620	koji	_	_	_	_	_	
5-103	4621-4625	nisu	_	_	_	_	_	
5-104	4626-4631	krški	_	_	_	_	_	
5-105	4632-4633	i	_	_	_	_	_	
5-106	4634-4644	konstatira	_	_	_	_	_	
5-107	4645-4647	se	_	_	_	_	_	
5-108	4648-4656	bušenjem	_	_	_	_	_	
5-109	4657-4660	ili	_	_	_	_	_	
5-110	4661-4670	rudarskim	_	_	_	_	_	
5-111	4671-4679	radovima	_	_	_	_	_	
5-112	4679-4680	.	_	_	_	_	_	
5-113	4681-4691	Umrtvljeni	_	_	_	_	_	
5-114	4692-4695	krš	_	_	_	_	_	
5-115	4695-4696	,	_	_	_	_	_	
5-116	4697-4705	nazivaju	_	_	_	_	_	
5-117	4706-4708	ga	_	_	_	_	_	
5-118	4709-4710	i	_	_	_	_	_	
5-119	4711-4712	“	_	_	_	_	_	
5-120	4712-4718	aridni	_	_	_	_	_	
5-121	4719-4722	krš	_	_	_	_	_	
5-122	4722-4723	”	_	_	_	_	_	
5-123	4723-4724	;	_	_	_	_	_	
5-124	4725-4732	prestao	_	_	_	_	_	
5-125	4733-4735	se	_	_	_	_	_	
5-126	4736-4745	razvijati	_	_	_	_	_	
5-127	4746-4750	zbog	_	_	_	_	_	
5-128	4751-4758	nastupa	_	_	_	_	_	
5-129	4759-4765	aridne	_	_	_	_	_	
5-130	4766-4771	klime	_	_	_	_	_	
5-131	4771-4772	;	_	_	_	_	_	
5-132	4773-4777	tome	_	_	_	_	_	
5-133	4778-4787	doprinose	_	_	_	_	_	
5-134	4788-4789	i	_	_	_	_	_	
5-135	4790-4797	otporne	_	_	_	_	_	
5-136	4798-4802	kore	_	_	_	_	_	
5-137	4803-4807	koje	_	_	_	_	_	
5-138	4808-4809	u	_	_	_	_	_	
5-139	4810-4813	tim	_	_	_	_	_	
5-140	4814-4821	klimama	_	_	_	_	_	
5-141	4822-4830	prekriju	_	_	_	_	_	
5-142	4831-4838	stijene	_	_	_	_	_	
5-143	4838-4839	.	_	_	_	_	_	

#Text=u izgledu ponikvastog krša dominiraju ponikve. Postojala je tendencija da se tako okarakterizira krš umje renih širina, posebno dinarski. Ponikava ima i u vlažnim i toplim klimama: “cocpit country” (v.) na Jamajci. Za opći izgled Dinarskog krša izolirane glavice su vjerojatno značajnije od ponikava – krš glavica. “Stožasti krš” je okarakteriziran izoliranim glavicama, stošcima (na Javi: Gunung Sevu = tisuću bregova). Postoji ten dencija da se genetski veže za toplu i vlažnu klimu, tj. krajeve jače rubne korozije (v.). Krš kukova karakteriziraju i do 100 m visoki kukovi (“mogote” na Kubi). Karakterističan je za tople i vlažne klime. Uz rubnu koroziju, koja je izdvojila kukove, izgleda da njihovu očuvanju pridonose otporne konkrecijske kore koje ih prekrivaju. Pejzaž kukova je česta pojava na dolomitima. Šumoviti krš je pokriven šumskom vegetacijom, u kojoj je dobro zastupljen i pokrov korozijski aktivnog tla. Ogoljeni krš, u kojemu naslijeđeni oblici (glatke plohe, korozijske cijevi, prsteni, kotlaste kamenice,gljivasti blokovi, mosni oblici i sl.) ukazuju na nedavno postojanje pokrova tla, odnosno vegetacije. Krš s ogradama je pejzaž golog ili ogoljenog krša, na kojemu se ističu suhozidinama obzidane ograde s regeneriranom vegetacijom; to je karakterističan pejzaž primorskog pojasa Dinarskog krša. Kamenjara (f), na rodni izraz, populariziran od botaničara, za kamene površine bez vegetacije.
6-1	4841-4842	u	_	_	_	_	_	
6-2	4843-4850	izgledu	_	_	_	_	_	
6-3	4851-4862	ponikvastog	_	_	_	_	_	
6-4	4863-4867	krša	_	_	_	_	_	
6-5	4868-4878	dominiraju	_	_	_	_	_	
6-6	4879-4886	ponikve	_	_	_	_	_	
6-7	4886-4887	.	_	_	_	_	_	
6-8	4888-4897	Postojala	_	_	_	_	_	
6-9	4898-4900	je	_	_	_	_	_	
6-10	4901-4911	tendencija	_	_	_	_	_	
6-11	4912-4914	da	_	_	_	_	_	
6-12	4915-4917	se	_	_	_	_	_	
6-13	4918-4922	tako	_	_	_	_	_	
6-14	4923-4937	okarakterizira	_	_	_	_	_	
6-15	4938-4941	krš	_	_	_	_	_	
6-16	4942-4946	umje	_	_	_	_	_	
6-17	4947-4952	renih	_	_	_	_	_	
6-18	4953-4959	širina	_	_	_	_	_	
6-19	4959-4960	,	_	_	_	_	_	
6-20	4961-4968	posebno	_	_	_	_	_	
6-21	4969-4977	dinarski	_	_	_	_	_	
6-22	4977-4978	.	_	_	_	_	_	
6-23	4979-4987	Ponikava	_	_	_	_	_	
6-24	4988-4991	ima	_	_	_	_	_	
6-25	4992-4993	i	_	_	_	_	_	
6-26	4994-4995	u	_	_	_	_	_	
6-27	4996-5003	vlažnim	_	_	_	_	_	
6-28	5004-5005	i	_	_	_	_	_	
6-29	5006-5012	toplim	_	_	_	_	_	
6-30	5013-5020	klimama	_	_	_	_	_	
6-31	5020-5021	:	_	_	_	_	_	
6-32	5022-5023	“	_	_	_	_	_	
6-33	5023-5029	cocpit	_	_	_	_	_	
6-34	5030-5037	country	_	_	_	_	_	
6-35	5037-5038	”	_	_	_	_	_	
6-36	5039-5040	(	_	_	_	_	_	
6-37	5040-5041	v	_	_	_	_	_	
6-38	5041-5042	.	_	_	_	_	_	
6-39	5042-5043	)	_	_	_	_	_	
6-40	5044-5046	na	_	_	_	_	_	
6-41	5047-5054	Jamajci	_	_	_	_	_	
6-42	5054-5055	.	_	_	_	_	_	
6-43	5056-5058	Za	_	_	_	_	_	
6-44	5059-5063	opći	_	_	_	_	_	
6-45	5064-5070	izgled	_	_	_	_	_	
6-46	5071-5080	Dinarskog	_	_	_	_	_	
6-47	5081-5085	krša	_	_	_	_	_	
6-48	5086-5095	izolirane	_	_	_	_	_	
6-49	5096-5103	glavice	_	_	_	_	_	
6-50	5104-5106	su	_	_	_	_	_	
6-51	5107-5117	vjerojatno	_	_	_	_	_	
6-52	5118-5128	značajnije	_	_	_	_	_	
6-53	5129-5131	od	_	_	_	_	_	
6-54	5132-5140	ponikava	_	_	_	_	_	
6-55	5141-5142	–	_	_	_	_	_	
6-56	5143-5146	krš	_	_	_	_	_	
6-57	5147-5154	glavica	_	_	_	_	_	
6-58	5154-5155	.	_	_	_	_	_	
6-59	5156-5157	“	_	_	_	_	_	
6-60	5157-5165	Stožasti	_	_	_	_	_	
6-61	5166-5169	krš	_	_	_	_	_	
6-62	5169-5170	”	_	_	_	_	_	
6-63	5171-5173	je	_	_	_	_	_	
6-64	5174-5189	okarakteriziran	_	_	_	_	_	
6-65	5190-5200	izoliranim	_	_	_	_	_	
6-66	5201-5210	glavicama	_	_	_	_	_	
6-67	5210-5211	,	_	_	_	_	_	
6-68	5212-5220	stošcima	_	_	_	_	_	
6-69	5221-5222	(	_	_	_	_	_	
6-70	5222-5224	na	_	_	_	_	_	
6-71	5225-5229	Javi	_	_	_	_	_	
6-72	5229-5230	:	_	_	_	_	_	
6-73	5231-5237	Gunung	_	_	_	_	_	
6-74	5238-5242	Sevu	_	_	_	_	_	
6-75	5243-5244	=	_	_	_	_	_	
6-76	5245-5251	tisuću	_	_	_	_	_	
6-77	5252-5259	bregova	_	_	_	_	_	
6-78	5259-5260	)	_	_	_	_	_	
6-79	5260-5261	.	_	_	_	_	_	
6-80	5262-5269	Postoji	_	_	_	_	_	
6-81	5270-5273	ten	_	_	_	_	_	
6-82	5274-5281	dencija	_	_	_	_	_	
6-83	5282-5284	da	_	_	_	_	_	
6-84	5285-5287	se	_	_	_	_	_	
6-85	5288-5296	genetski	_	_	_	_	_	
6-86	5297-5301	veže	_	_	_	_	_	
6-87	5302-5304	za	_	_	_	_	_	
6-88	5305-5310	toplu	_	_	_	_	_	
6-89	5311-5312	i	_	_	_	_	_	
6-90	5313-5319	vlažnu	_	_	_	_	_	
6-91	5320-5325	klimu	_	_	_	_	_	
6-92	5325-5326	,	_	_	_	_	_	
6-93	5327-5329	tj	_	_	_	_	_	
6-94	5329-5330	.	_	_	_	_	_	
6-95	5331-5338	krajeve	_	_	_	_	_	
6-96	5339-5343	jače	_	_	_	_	_	
6-97	5344-5349	rubne	_	_	_	_	_	
6-98	5350-5358	korozije	_	_	_	_	_	
6-99	5359-5360	(	_	_	_	_	_	
6-100	5360-5361	v	_	_	_	_	_	
6-101	5361-5362	.	_	_	_	_	_	
6-102	5362-5363	)	_	_	_	_	_	
6-103	5363-5364	.	_	_	_	_	_	
6-104	5365-5368	Krš	_	_	_	_	_	
6-105	5369-5375	kukova	_	_	_	_	_	
6-106	5376-5391	karakteriziraju	_	_	_	_	_	
6-107	5392-5393	i	_	_	_	_	_	
6-108	5394-5396	do	_	_	_	_	_	
6-109	5397-5400	100	_	_	_	_	_	
6-110	5401-5402	m	_	_	_	_	_	
6-111	5403-5409	visoki	_	_	_	_	_	
6-112	5410-5416	kukovi	_	_	_	_	_	
6-113	5417-5418	(	_	_	_	_	_	
6-114	5418-5419	“	_	_	_	_	_	
6-115	5419-5425	mogote	_	_	_	_	_	
6-116	5425-5426	”	_	_	_	_	_	
6-117	5427-5429	na	_	_	_	_	_	
6-118	5430-5434	Kubi	_	_	_	_	_	
6-119	5434-5435	)	_	_	_	_	_	
6-120	5435-5436	.	_	_	_	_	_	
6-121	5437-5452	Karakterističan	_	_	_	_	_	
6-122	5453-5455	je	_	_	_	_	_	
6-123	5456-5458	za	_	_	_	_	_	
6-124	5459-5464	tople	_	_	_	_	_	
6-125	5465-5466	i	_	_	_	_	_	
6-126	5467-5473	vlažne	_	_	_	_	_	
6-127	5474-5479	klime	_	_	_	_	_	
6-128	5479-5480	.	_	_	_	_	_	
6-129	5481-5483	Uz	_	_	_	_	_	
6-130	5484-5489	rubnu	_	_	_	_	_	
6-131	5490-5498	koroziju	_	_	_	_	_	
6-132	5498-5499	,	_	_	_	_	_	
6-133	5500-5504	koja	_	_	_	_	_	
6-134	5505-5507	je	_	_	_	_	_	
6-135	5508-5517	izdvojila	_	_	_	_	_	
6-136	5518-5524	kukove	_	_	_	_	_	
6-137	5524-5525	,	_	_	_	_	_	
6-138	5526-5533	izgleda	_	_	_	_	_	
6-139	5534-5536	da	_	_	_	_	_	
6-140	5537-5544	njihovu	_	_	_	_	_	
6-141	5545-5553	očuvanju	_	_	_	_	_	
6-142	5554-5563	pridonose	_	_	_	_	_	
6-143	5564-5571	otporne	_	_	_	_	_	
6-144	5572-5584	konkrecijske	_	_	_	_	_	
6-145	5585-5589	kore	_	_	_	_	_	
6-146	5590-5594	koje	_	_	_	_	_	
6-147	5595-5597	ih	_	_	_	_	_	
6-148	5598-5608	prekrivaju	_	_	_	_	_	
6-149	5608-5609	.	_	_	_	_	_	
6-150	5610-5616	Pejzaž	_	_	_	_	_	
6-151	5617-5623	kukova	_	_	_	_	_	
6-152	5624-5626	je	_	_	_	_	_	
6-153	5627-5632	česta	_	_	_	_	_	
6-154	5633-5639	pojava	_	_	_	_	_	
6-155	5640-5642	na	_	_	_	_	_	
6-156	5643-5653	dolomitima	_	_	_	_	_	
6-157	5653-5654	.	_	_	_	_	_	
6-158	5655-5663	Šumoviti	_	_	_	_	_	
6-159	5664-5667	krš	_	_	_	_	_	
6-160	5668-5670	je	_	_	_	_	_	
6-161	5671-5679	pokriven	_	_	_	_	_	
6-162	5680-5687	šumskom	_	_	_	_	_	
6-163	5688-5699	vegetacijom	_	_	_	_	_	
6-164	5699-5700	,	_	_	_	_	_	
6-165	5701-5702	u	_	_	_	_	_	
6-166	5703-5708	kojoj	_	_	_	_	_	
6-167	5709-5711	je	_	_	_	_	_	
6-168	5712-5717	dobro	_	_	_	_	_	
6-169	5718-5728	zastupljen	_	_	_	_	_	
6-170	5729-5730	i	_	_	_	_	_	
6-171	5731-5737	pokrov	_	_	_	_	_	
6-172	5738-5748	korozijski	_	_	_	_	_	
6-173	5749-5757	aktivnog	_	_	_	_	_	
6-174	5758-5761	tla	_	_	_	_	_	
6-175	5761-5762	.	_	_	_	_	_	
6-176	5763-5771	Ogoljeni	_	_	_	_	_	
6-177	5772-5775	krš	_	_	_	_	_	
6-178	5775-5776	,	_	_	_	_	_	
6-179	5777-5778	u	_	_	_	_	_	
6-180	5779-5785	kojemu	_	_	_	_	_	
6-181	5786-5797	naslijeđeni	_	_	_	_	_	
6-182	5798-5804	oblici	_	_	_	_	_	
6-183	5805-5806	(	_	_	_	_	_	
6-184	5806-5812	glatke	_	_	_	_	_	
6-185	5813-5818	plohe	_	_	_	_	_	
6-186	5818-5819	,	_	_	_	_	_	
6-187	5820-5830	korozijske	_	_	_	_	_	
6-188	5831-5837	cijevi	_	_	_	_	_	
6-189	5837-5838	,	_	_	_	_	_	
6-190	5839-5846	prsteni	_	_	_	_	_	
6-191	5846-5847	,	_	_	_	_	_	
6-192	5848-5856	kotlaste	_	_	_	_	_	
6-193	5857-5865	kamenice	_	_	_	_	_	
6-194	5865-5866	,	_	_	_	_	_	
6-195	5866-5875	gljivasti	_	_	_	_	_	
6-196	5876-5883	blokovi	_	_	_	_	_	
6-197	5883-5884	,	_	_	_	_	_	
6-198	5885-5890	mosni	_	_	_	_	_	
6-199	5891-5897	oblici	_	_	_	_	_	
6-200	5898-5899	i	_	_	_	_	_	
6-201	5900-5902	sl	_	_	_	_	_	
6-202	5902-5903	.	_	_	_	_	_	
6-203	5903-5904	)	_	_	_	_	_	
6-204	5905-5912	ukazuju	_	_	_	_	_	
6-205	5913-5915	na	_	_	_	_	_	
6-206	5916-5923	nedavno	_	_	_	_	_	
6-207	5924-5934	postojanje	_	_	_	_	_	
6-208	5935-5942	pokrova	_	_	_	_	_	
6-209	5943-5946	tla	_	_	_	_	_	
6-210	5946-5947	,	_	_	_	_	_	
6-211	5948-5955	odnosno	_	_	_	_	_	
6-212	5956-5966	vegetacije	_	_	_	_	_	
6-213	5966-5967	.	_	_	_	_	_	
6-214	5968-5971	Krš	_	_	_	_	_	
6-215	5972-5973	s	_	_	_	_	_	
6-216	5974-5982	ogradama	_	_	_	_	_	
6-217	5983-5985	je	_	_	_	_	_	
6-218	5986-5992	pejzaž	_	_	_	_	_	
6-219	5993-5998	golog	_	_	_	_	_	
6-220	5999-6002	ili	_	_	_	_	_	
6-221	6003-6012	ogoljenog	_	_	_	_	_	
6-222	6013-6017	krša	_	_	_	_	_	
6-223	6017-6018	,	_	_	_	_	_	
6-224	6019-6021	na	_	_	_	_	_	
6-225	6022-6028	kojemu	_	_	_	_	_	
6-226	6029-6031	se	_	_	_	_	_	
6-227	6032-6038	ističu	_	_	_	_	_	
6-228	6039-6051	suhozidinama	_	_	_	_	_	
6-229	6052-6060	obzidane	_	_	_	_	_	
6-230	6061-6067	ograde	_	_	_	_	_	
6-231	6068-6069	s	_	_	_	_	_	
6-232	6070-6083	regeneriranom	_	_	_	_	_	
6-233	6084-6095	vegetacijom	_	_	_	_	_	
6-234	6095-6096	;	_	_	_	_	_	
6-235	6097-6099	to	_	_	_	_	_	
6-236	6100-6102	je	_	_	_	_	_	
6-237	6103-6118	karakterističan	_	_	_	_	_	
6-238	6119-6125	pejzaž	_	_	_	_	_	
6-239	6126-6136	primorskog	_	_	_	_	_	
6-240	6137-6143	pojasa	_	_	_	_	_	
6-241	6144-6153	Dinarskog	_	_	_	_	_	
6-242	6154-6158	krša	_	_	_	_	_	
6-243	6158-6159	.	_	_	_	_	_	
6-244	6160-6169	Kamenjara	_	_	_	_	_	
6-245	6170-6171	(	_	_	_	_	_	
6-246	6171-6172	f	_	_	_	_	_	
6-247	6172-6173	)	_	_	_	_	_	
6-248	6173-6174	,	_	_	_	_	_	
6-249	6175-6177	na	_	_	_	_	_	
6-250	6178-6183	rodni	_	_	_	_	_	
6-251	6184-6189	izraz	_	_	_	_	_	
6-252	6189-6190	,	_	_	_	_	_	
6-253	6191-6204	populariziran	_	_	_	_	_	
6-254	6205-6207	od	_	_	_	_	_	
6-255	6208-6218	botaničara	_	_	_	_	_	
6-256	6218-6219	,	_	_	_	_	_	
6-257	6220-6222	za	_	_	_	_	_	
6-258	6223-6229	kamene	_	_	_	_	_	
6-259	6230-6238	površine	_	_	_	_	_	
6-260	6239-6242	bez	_	_	_	_	_	
6-261	6243-6253	vegetacije	_	_	_	_	_	
6-262	6253-6254	.	_	_	_	_	_	

#Text=termini: visokoplaninski krš, subarktički krš: nivalni krš i glacijalni krš nisu dovoljno specificirani i razlučeni. Odnose se na krajeve u kojima niske temperature pogoduju agresivnosti voda, tj. koroziji (v.). Dugo otapanje snijega i leda dalji je element koji treba uzeti u obzir. Zamržnjavanje vode širi pukotine i drobi stijene, te prevladava kameniti pejzaž; time se povećavaju izložene plohe, što pogoduje koroziji. Led vrši i mehaničko trošenje stijena, a posebno su važni oblici glacijalnog modeliranja, naslijeđeni iz pleistocenske oledbe.
7-1	6256-6263	termini	_	_	_	_	_	
7-2	6263-6264	:	_	_	_	_	_	
7-3	6265-6280	visokoplaninski	_	_	_	_	_	
7-4	6281-6284	krš	_	_	_	_	_	
7-5	6284-6285	,	_	_	_	_	_	
7-6	6286-6297	subarktički	_	_	_	_	_	
7-7	6298-6301	krš	_	_	_	_	_	
7-8	6301-6302	:	_	_	_	_	_	
7-9	6303-6310	nivalni	_	_	_	_	_	
7-10	6311-6314	krš	_	_	_	_	_	
7-11	6315-6316	i	_	_	_	_	_	
7-12	6317-6327	glacijalni	_	_	_	_	_	
7-13	6328-6331	krš	_	_	_	_	_	
7-14	6332-6336	nisu	_	_	_	_	_	
7-15	6337-6345	dovoljno	_	_	_	_	_	
7-16	6346-6359	specificirani	_	_	_	_	_	
7-17	6360-6361	i	_	_	_	_	_	
7-18	6362-6371	razlučeni	_	_	_	_	_	
7-19	6371-6372	.	_	_	_	_	_	
7-20	6373-6379	Odnose	_	_	_	_	_	
7-21	6380-6382	se	_	_	_	_	_	
7-22	6383-6385	na	_	_	_	_	_	
7-23	6386-6393	krajeve	_	_	_	_	_	
7-24	6394-6395	u	_	_	_	_	_	
7-25	6396-6402	kojima	_	_	_	_	_	
7-26	6403-6408	niske	_	_	_	_	_	
7-27	6409-6420	temperature	_	_	_	_	_	
7-28	6421-6429	pogoduju	_	_	_	_	_	
7-29	6430-6442	agresivnosti	_	_	_	_	_	
7-30	6443-6447	voda	_	_	_	_	_	
7-31	6447-6448	,	_	_	_	_	_	
7-32	6449-6451	tj	_	_	_	_	_	
7-33	6451-6452	.	_	_	_	_	_	
7-34	6453-6461	koroziji	_	_	_	_	_	
7-35	6462-6463	(	_	_	_	_	_	
7-36	6463-6464	v	_	_	_	_	_	
7-37	6464-6465	.	_	_	_	_	_	
7-38	6465-6466	)	_	_	_	_	_	
7-39	6466-6467	.	_	_	_	_	_	
7-40	6468-6472	Dugo	_	_	_	_	_	
7-41	6473-6481	otapanje	_	_	_	_	_	
7-42	6482-6489	snijega	_	_	_	_	_	
7-43	6490-6491	i	_	_	_	_	_	
7-44	6492-6496	leda	_	_	_	_	_	
7-45	6497-6502	dalji	_	_	_	_	_	
7-46	6503-6505	je	_	_	_	_	_	
7-47	6506-6513	element	_	_	_	_	_	
7-48	6514-6518	koji	_	_	_	_	_	
7-49	6519-6524	treba	_	_	_	_	_	
7-50	6525-6530	uzeti	_	_	_	_	_	
7-51	6531-6532	u	_	_	_	_	_	
7-52	6533-6538	obzir	_	_	_	_	_	
7-53	6538-6539	.	_	_	_	_	_	
7-54	6540-6553	Zamržnjavanje	_	_	_	_	_	
7-55	6554-6558	vode	_	_	_	_	_	
7-56	6559-6563	širi	_	_	_	_	_	
7-57	6564-6572	pukotine	_	_	_	_	_	
7-58	6573-6574	i	_	_	_	_	_	
7-59	6575-6580	drobi	_	_	_	_	_	
7-60	6581-6588	stijene	_	_	_	_	_	
7-61	6588-6589	,	_	_	_	_	_	
7-62	6590-6592	te	_	_	_	_	_	
7-63	6593-6603	prevladava	_	_	_	_	_	
7-64	6604-6612	kameniti	_	_	_	_	_	
7-65	6613-6619	pejzaž	_	_	_	_	_	
7-66	6619-6620	;	_	_	_	_	_	
7-67	6621-6625	time	_	_	_	_	_	
7-68	6626-6628	se	_	_	_	_	_	
7-69	6629-6639	povećavaju	_	_	_	_	_	
7-70	6640-6648	izložene	_	_	_	_	_	
7-71	6649-6654	plohe	_	_	_	_	_	
7-72	6654-6655	,	_	_	_	_	_	
7-73	6656-6659	što	_	_	_	_	_	
7-74	6660-6668	pogoduje	_	_	_	_	_	
7-75	6669-6677	koroziji	_	_	_	_	_	
7-76	6677-6678	.	_	_	_	_	_	
7-77	6679-6682	Led	_	_	_	_	_	
7-78	6683-6687	vrši	_	_	_	_	_	
7-79	6688-6689	i	_	_	_	_	_	
7-80	6690-6699	mehaničko	_	_	_	_	_	
7-81	6700-6708	trošenje	_	_	_	_	_	
7-82	6709-6716	stijena	_	_	_	_	_	
7-83	6716-6717	,	_	_	_	_	_	
7-84	6718-6719	a	_	_	_	_	_	
7-85	6720-6727	posebno	_	_	_	_	_	
7-86	6728-6730	su	_	_	_	_	_	
7-87	6731-6736	važni	_	_	_	_	_	
7-88	6737-6743	oblici	_	_	_	_	_	
7-89	6744-6755	glacijalnog	_	_	_	_	_	
7-90	6756-6767	modeliranja	_	_	_	_	_	
7-91	6767-6768	,	_	_	_	_	_	
7-92	6769-6780	naslijeđeni	_	_	_	_	_	
7-93	6781-6783	iz	_	_	_	_	_	
7-94	6784-6797	pleistocenske	_	_	_	_	_	
7-95	6798-6804	oledbe	_	_	_	_	_	
7-96	6804-6805	.	_	_	_	_	_	

#Text=polukrš – A. Grund (1914) pod tim nazivom razumijeva reljef na dolomitima, a J. Cvijić (1924) tako naziva (“merokarst”) terene karbonatnih stijena na kojima su krški oblici “djelomično i nepotpuno razvijeni”; termin “fluviokrš” je kompleksniji i adekvatniji. Potpuni krš ili “holokarst” bio bi, prema Cvijiću, krš u kome su razvijeni i pretpostavljeni završni ciklički oblici, tj. polja (v.); taj bi epitet pripadao samo Dinarskom kršu. Makro – i mikro krš su teoretsko-deskriptivni termini koji, s obzirom na nevidljivo podzemlje, malo kažu; u nabrojenim terminima imamo kompleksnije i adekvatnije izraze. Termin “rudimentni krš” netočno se upotrebljava za početnu fazu okršavanja, tj. orimentni krš, a rudimentni krš bi značio ostatak krškog terena. “Mediteranski krš” i “srednjoeuropski krš” su termini koje je J. Cvijić upotrijebio u svom prvom radu (1893), ali ih je kasnije zamjenjivao s holokarstom i merokarstom. Ti regionalni nazivi ne mogu se primjeniti, jer u tim krajevima imamo različite tipove krša. Obalni krš,termin koji se upotrebljava za krške obalne oblike griža (v.), spilja (v.) i garma (v.). Kontaktni krš je karakteriziran pojavama i oblicima uvjetovanim susjedstvom karbonatnih i klastičnih stijena: zaravni (v.), spilje (v.), pokriveni krš (v.) i sl. linearni krš, naziv za krški pejzaž u kojemu su oblici linearno raspoređeni što je uvjetovano sastavom i građom stijena te tektonskim pukotinama. Rebrasti krš je okarakteriziran nizovima usporednih uzvišenja, redovito od otpornijih slojeva. Tektokrš je krš u kojemu bi glavne reljefne osobine bile određene građom zemljišta, posebno rasjednim linijama.
8-1	6807-6814	polukrš	_	C. Geome	DEFINIENDUM	_	_	
8-2	6815-6816	–	_	_	_	_	_	
8-3	6817-6818	A	_	_	_	_	_	
8-4	6818-6819	.	_	_	_	_	_	
8-5	6820-6825	Grund	_	_	_	_	_	
8-6	6826-6827	(	_	_	_	_	_	
8-7	6827-6831	1914	_	_	_	_	_	
8-8	6831-6832	)	_	_	_	_	_	
8-9	6833-6836	pod	_	_	_	_	_	
8-10	6837-6840	tim	_	_	_	_	_	
8-11	6841-6848	nazivom	_	_	_	_	_	
8-12	6849-6859	razumijeva	_	_	_	_	_	
8-13	6860-6866	reljef	_	_	GENUS	_	_	
8-14	6867-6869	na	_	_	_	HAS\_LOCATION[31]	_	
8-15	6870-6880	dolomitima	_	D.1 Abiotic	_	HAS\_LOCATION[31]	_	
8-16	6880-6881	,	_	_	_	_	_	
8-17	6882-6883	a	_	_	_	_	_	
8-18	6884-6885	J	_	_	_	_	_	
8-19	6885-6886	.	_	_	_	_	_	
8-20	6887-6893	Cvijić	_	_	_	_	_	
8-21	6894-6895	(	_	_	_	_	_	
8-22	6895-6899	1924	_	_	_	_	_	
8-23	6899-6900	)	_	_	_	_	_	
8-24	6901-6905	tako	_	_	_	_	_	
8-25	6906-6912	naziva	_	_	_	_	_	
8-26	6913-6914	(	_	_	_	_	_	
8-27	6914-6915	“	_	_	_	_	_	
8-28	6915-6924	merokarst	_	C. Geome	DEFINIENDUM	_	_	
8-29	6924-6925	”	_	_	_	_	_	
8-30	6925-6926	)	_	_	_	_	_	
8-31	6927-6933	terene	_	_	_	DEFINED\_AS[32]	_	
8-32	6934-6945	karbonatnih	_	_	_	DEFINED\_AS[32]	_	
8-33	6946-6953	stijena	_	_	_	DEFINED\_AS[32]	_	
8-34	6954-6956	na	_	_	_	CONTAINS[33]	frame\_CONTAINS[53]	
8-35	6957-6963	kojima	_	_	_	CONTAINS[33]	frame\_CONTAINS[53]	
8-36	6964-6966	su	_	_	_	CONTAINS[33]	frame\_CONTAINS[53]	
8-37	6967-6972	krški	_	_	_	CONTAINS[33]	_	
8-38	6973-6979	oblici	_	_	_	CONTAINS[33]	_	
8-39	6980-6981	“	_	_	_	CONTAINS[33]	_	
8-40	6981-6991	djelomično	_	_	_	CONTAINS[33]	_	
8-41	6992-6993	i	_	_	_	CONTAINS[33]	_	
8-42	6994-7003	nepotpuno	_	_	_	CONTAINS[33]	_	
8-43	7004-7013	razvijeni	_	_	_	CONTAINS[33]	_	
8-44	7013-7014	”	_	_	_	CONTAINS[33]	_	
8-45	7014-7015	;	_	_	_	_	_	
8-46	7016-7022	termin	_	_	_	_	_	
8-47	7023-7024	“	_	_	_	_	_	
8-48	7024-7033	fluviokrš	_	_	_	_	_	
8-49	7033-7034	”	_	_	_	_	_	
8-50	7035-7037	je	_	_	_	_	_	
8-51	7038-7050	kompleksniji	_	_	_	_	_	
8-52	7051-7052	i	_	_	_	_	_	
8-53	7053-7064	adekvatniji	_	_	_	_	_	
8-54	7064-7065	.	_	_	_	_	_	
8-55	7066-7073	Potpuni	_	_	_	_	_	
8-56	7074-7077	krš	_	_	_	_	_	
8-57	7078-7081	ili	_	_	_	_	_	
8-58	7082-7083	“	_	_	_	_	_	
8-59	7083-7092	holokarst	_	_	_	_	_	
8-60	7092-7093	”	_	_	_	_	_	
8-61	7094-7097	bio	_	_	_	_	_	
8-62	7098-7100	bi	_	_	_	_	_	
8-63	7100-7101	,	_	_	_	_	_	
8-64	7102-7107	prema	_	_	_	_	_	
8-65	7108-7115	Cvijiću	_	_	_	_	_	
8-66	7115-7116	,	_	_	_	_	_	
8-67	7117-7120	krš	_	_	_	_	_	
8-68	7121-7122	u	_	_	_	_	_	
8-69	7123-7127	kome	_	_	_	_	_	
8-70	7128-7130	su	_	_	_	_	_	
8-71	7131-7140	razvijeni	_	_	_	_	_	
8-72	7141-7142	i	_	_	_	_	_	
8-73	7143-7158	pretpostavljeni	_	_	_	_	_	
8-74	7159-7166	završni	_	_	_	_	_	
8-75	7167-7175	ciklički	_	_	_	_	_	
8-76	7176-7182	oblici	_	_	_	_	_	
8-77	7182-7183	,	_	_	_	_	_	
8-78	7184-7186	tj	_	_	_	_	_	
8-79	7186-7187	.	_	_	_	_	_	
8-80	7188-7193	polja	_	_	_	_	_	
8-81	7194-7195	(	_	_	_	_	_	
8-82	7195-7196	v	_	_	_	_	_	
8-83	7196-7197	.	_	_	_	_	_	
8-84	7197-7198	)	_	_	_	_	_	
8-85	7198-7199	;	_	_	_	_	_	
8-86	7200-7203	taj	_	_	_	_	_	
8-87	7204-7206	bi	_	_	_	_	_	
8-88	7207-7213	epitet	_	_	_	_	_	
8-89	7214-7222	pripadao	_	_	_	_	_	
8-90	7223-7227	samo	_	_	_	_	_	
8-91	7228-7237	Dinarskom	_	_	_	_	_	
8-92	7238-7242	kršu	_	_	_	_	_	
8-93	7242-7243	.	_	_	_	_	_	
8-94	7244-7249	Makro	_	_	_	_	_	
8-95	7250-7251	–	_	_	_	_	_	
8-96	7252-7253	i	_	_	_	_	_	
8-97	7254-7259	mikro	_	_	_	_	_	
8-98	7260-7263	krš	_	_	_	_	_	
8-99	7264-7266	su	_	_	_	_	_	
8-100	7267-7289	teoretsko-deskriptivni	_	_	_	_	_	
8-101	7290-7297	termini	_	_	_	_	_	
8-102	7298-7302	koji	_	_	_	_	_	
8-103	7302-7303	,	_	_	_	_	_	
8-104	7304-7305	s	_	_	_	_	_	
8-105	7306-7313	obzirom	_	_	_	_	_	
8-106	7314-7316	na	_	_	_	_	_	
8-107	7317-7327	nevidljivo	_	_	_	_	_	
8-108	7328-7337	podzemlje	_	_	_	_	_	
8-109	7337-7338	,	_	_	_	_	_	
8-110	7339-7343	malo	_	_	_	_	_	
8-111	7344-7348	kažu	_	_	_	_	_	
8-112	7348-7349	;	_	_	_	_	_	
8-113	7350-7351	u	_	_	_	_	_	
8-114	7352-7362	nabrojenim	_	_	_	_	_	
8-115	7363-7372	terminima	_	_	_	_	_	
8-116	7373-7378	imamo	_	_	_	_	_	
8-117	7379-7391	kompleksnije	_	_	_	_	_	
8-118	7392-7393	i	_	_	_	_	_	
8-119	7394-7405	adekvatnije	_	_	_	_	_	
8-120	7406-7412	izraze	_	_	_	_	_	
8-121	7412-7413	.	_	_	_	_	_	
8-122	7414-7420	Termin	_	_	_	_	_	
8-123	7421-7422	“	_	_	_	_	_	
8-124	7422-7432	rudimentni	_	_	_	_	_	
8-125	7433-7436	krš	_	_	_	_	_	
8-126	7436-7437	”	_	_	_	_	_	
8-127	7438-7445	netočno	_	_	_	_	_	
8-128	7446-7448	se	_	_	_	_	_	
8-129	7449-7461	upotrebljava	_	_	_	_	_	
8-130	7462-7464	za	_	_	_	_	_	
8-131	7465-7472	početnu	_	_	_	_	_	
8-132	7473-7477	fazu	_	_	_	_	_	
8-133	7478-7488	okršavanja	_	_	_	_	_	
8-134	7488-7489	,	_	_	_	_	_	
8-135	7490-7492	tj	_	_	_	_	_	
8-136	7492-7493	.	_	_	_	_	_	
8-137	7494-7503	orimentni	_	_	_	_	_	
8-138	7504-7507	krš	_	_	_	_	_	
8-139	7507-7508	,	_	_	_	_	_	
8-140	7509-7510	a	_	_	_	_	_	
8-141	7511-7521	rudimentni	_	_	_	_	_	
8-142	7522-7525	krš	_	_	_	_	_	
8-143	7526-7528	bi	_	_	_	_	_	
8-144	7529-7535	značio	_	_	_	_	_	
8-145	7536-7543	ostatak	_	_	_	_	_	
8-146	7544-7550	krškog	_	_	_	_	_	
8-147	7551-7557	terena	_	_	_	_	_	
8-148	7557-7558	.	_	_	_	_	_	
8-149	7559-7560	“	_	_	_	_	_	
8-150	7560-7572	Mediteranski	_	_	_	_	_	
8-151	7573-7576	krš	_	_	_	_	_	
8-152	7576-7577	”	_	_	_	_	_	
8-153	7578-7579	i	_	_	_	_	_	
8-154	7580-7581	“	_	_	_	_	_	
8-155	7581-7596	srednjoeuropski	_	_	_	_	_	
8-156	7597-7600	krš	_	_	_	_	_	
8-157	7600-7601	”	_	_	_	_	_	
8-158	7602-7604	su	_	_	_	_	_	
8-159	7605-7612	termini	_	_	_	_	_	
8-160	7613-7617	koje	_	_	_	_	_	
8-161	7618-7620	je	_	_	_	_	_	
8-162	7621-7622	J	_	_	_	_	_	
8-163	7622-7623	.	_	_	_	_	_	
8-164	7624-7630	Cvijić	_	_	_	_	_	
8-165	7631-7642	upotrijebio	_	_	_	_	_	
8-166	7643-7644	u	_	_	_	_	_	
8-167	7645-7649	svom	_	_	_	_	_	
8-168	7650-7655	prvom	_	_	_	_	_	
8-169	7656-7660	radu	_	_	_	_	_	
8-170	7661-7662	(	_	_	_	_	_	
8-171	7662-7666	1893	_	_	_	_	_	
8-172	7666-7667	)	_	_	_	_	_	
8-173	7667-7668	,	_	_	_	_	_	
8-174	7669-7672	ali	_	_	_	_	_	
8-175	7673-7675	ih	_	_	_	_	_	
8-176	7676-7678	je	_	_	_	_	_	
8-177	7679-7686	kasnije	_	_	_	_	_	
8-178	7687-7698	zamjenjivao	_	_	_	_	_	
8-179	7699-7700	s	_	_	_	_	_	
8-180	7701-7712	holokarstom	_	_	_	_	_	
8-181	7713-7714	i	_	_	_	_	_	
8-182	7715-7726	merokarstom	_	_	_	_	_	
8-183	7726-7727	.	_	_	_	_	_	
8-184	7728-7730	Ti	_	_	_	_	_	
8-185	7731-7741	regionalni	_	_	_	_	_	
8-186	7742-7748	nazivi	_	_	_	_	_	
8-187	7749-7751	ne	_	_	_	_	_	
8-188	7752-7756	mogu	_	_	_	_	_	
8-189	7757-7759	se	_	_	_	_	_	
8-190	7760-7770	primjeniti	_	_	_	_	_	
8-191	7770-7771	,	_	_	_	_	_	
8-192	7772-7775	jer	_	_	_	_	_	
8-193	7776-7777	u	_	_	_	_	_	
8-194	7778-7781	tim	_	_	_	_	_	
8-195	7782-7791	krajevima	_	_	_	_	_	
8-196	7792-7797	imamo	_	_	_	_	_	
8-197	7798-7807	različite	_	_	_	_	_	
8-198	7808-7814	tipove	_	_	_	_	_	
8-199	7815-7819	krša	_	_	_	_	_	
8-200	7819-7820	.	_	_	_	_	_	
8-201	7821-7827	Obalni	_	_	_	_	_	
8-202	7828-7831	krš	_	_	_	_	_	
8-203	7831-7832	,	_	_	_	_	_	
8-204	7832-7838	termin	_	_	_	_	_	
8-205	7839-7843	koji	_	_	_	_	_	
8-206	7844-7846	se	_	_	_	_	_	
8-207	7847-7859	upotrebljava	_	_	_	_	_	
8-208	7860-7862	za	_	_	_	_	_	
8-209	7863-7868	krške	_	_	_	_	_	
8-210	7869-7875	obalne	_	_	_	_	_	
8-211	7876-7882	oblike	_	_	_	_	_	
8-212	7883-7888	griža	_	_	_	_	_	
8-213	7889-7890	(	_	_	_	_	_	
8-214	7890-7891	v	_	_	_	_	_	
8-215	7891-7892	.	_	_	_	_	_	
8-216	7892-7893	)	_	_	_	_	_	
8-217	7893-7894	,	_	_	_	_	_	
8-218	7895-7901	spilja	_	_	_	_	_	
8-219	7902-7903	(	_	_	_	_	_	
8-220	7903-7904	v	_	_	_	_	_	
8-221	7904-7905	.	_	_	_	_	_	
8-222	7905-7906	)	_	_	_	_	_	
8-223	7907-7908	i	_	_	_	_	_	
8-224	7909-7914	garma	_	_	_	_	_	
8-225	7915-7916	(	_	_	_	_	_	
8-226	7916-7917	v	_	_	_	_	_	
8-227	7917-7918	.	_	_	_	_	_	
8-228	7918-7919	)	_	_	_	_	_	
8-229	7919-7920	.	_	_	_	_	_	
8-230	7921-7930	Kontaktni	_	_	_	_	_	
8-231	7931-7934	krš	_	_	_	_	_	
8-232	7935-7937	je	_	_	_	_	_	
8-233	7938-7952	karakteriziran	_	_	_	_	_	
8-234	7953-7961	pojavama	_	_	_	_	_	
8-235	7962-7963	i	_	_	_	_	_	
8-236	7964-7972	oblicima	_	_	_	_	_	
8-237	7973-7984	uvjetovanim	_	_	_	_	_	
8-238	7985-7996	susjedstvom	_	_	_	_	_	
8-239	7997-8008	karbonatnih	_	_	_	_	_	
8-240	8009-8010	i	_	_	_	_	_	
8-241	8011-8021	klastičnih	_	_	_	_	_	
8-242	8022-8029	stijena	_	_	_	_	_	
8-243	8029-8030	:	_	_	_	_	_	
8-244	8031-8038	zaravni	_	_	_	_	_	
8-245	8039-8040	(	_	_	_	_	_	
8-246	8040-8041	v	_	_	_	_	_	
8-247	8041-8042	.	_	_	_	_	_	
8-248	8042-8043	)	_	_	_	_	_	
8-249	8043-8044	,	_	_	_	_	_	
8-250	8045-8051	spilje	_	_	_	_	_	
8-251	8052-8053	(	_	_	_	_	_	
8-252	8053-8054	v	_	_	_	_	_	
8-253	8054-8055	.	_	_	_	_	_	
8-254	8055-8056	)	_	_	_	_	_	
8-255	8056-8057	,	_	_	_	_	_	
8-256	8058-8067	pokriveni	_	_	_	_	_	
8-257	8068-8071	krš	_	_	_	_	_	
8-258	8072-8073	(	_	_	_	_	_	
8-259	8073-8074	v	_	_	_	_	_	
8-260	8074-8075	.	_	_	_	_	_	
8-261	8075-8076	)	_	_	_	_	_	
8-262	8077-8078	i	_	_	_	_	_	
8-263	8079-8081	sl	_	_	_	_	_	
8-264	8081-8082	.	_	_	_	_	_	
8-265	8083-8091	linearni	_	_	_	_	_	
8-266	8092-8095	krš	_	_	_	_	_	
8-267	8095-8096	,	_	_	_	_	_	
8-268	8097-8102	naziv	_	_	_	_	_	
8-269	8103-8105	za	_	_	_	_	_	
8-270	8106-8111	krški	_	_	_	_	_	
8-271	8112-8118	pejzaž	_	_	_	_	_	
8-272	8119-8120	u	_	_	_	_	_	
8-273	8121-8127	kojemu	_	_	_	_	_	
8-274	8128-8130	su	_	_	_	_	_	
8-275	8131-8137	oblici	_	_	_	_	_	
8-276	8138-8146	linearno	_	_	_	_	_	
8-277	8147-8158	raspoređeni	_	_	_	_	_	
8-278	8159-8162	što	_	_	_	_	_	
8-279	8163-8165	je	_	_	_	_	_	
8-280	8166-8176	uvjetovano	_	_	_	_	_	
8-281	8177-8185	sastavom	_	_	_	_	_	
8-282	8186-8187	i	_	_	_	_	_	
8-283	8188-8194	građom	_	_	_	_	_	
8-284	8195-8202	stijena	_	_	_	_	_	
8-285	8203-8205	te	_	_	_	_	_	
8-286	8206-8216	tektonskim	_	_	_	_	_	
8-287	8217-8227	pukotinama	_	_	_	_	_	
8-288	8227-8228	.	_	_	_	_	_	
8-289	8229-8237	Rebrasti	_	_	_	_	_	
8-290	8238-8241	krš	_	_	_	_	_	
8-291	8242-8244	je	_	_	_	_	_	
8-292	8245-8260	okarakteriziran	_	_	_	_	_	
8-293	8261-8269	nizovima	_	_	_	_	_	
8-294	8270-8280	usporednih	_	_	_	_	_	
8-295	8281-8290	uzvišenja	_	_	_	_	_	
8-296	8290-8291	,	_	_	_	_	_	
8-297	8292-8300	redovito	_	_	_	_	_	
8-298	8301-8303	od	_	_	_	_	_	
8-299	8304-8314	otpornijih	_	_	_	_	_	
8-300	8315-8322	slojeva	_	_	_	_	_	
8-301	8322-8323	.	_	_	_	_	_	
8-302	8324-8332	Tektokrš	_	_	_	_	_	
8-303	8333-8335	je	_	_	_	_	_	
8-304	8336-8339	krš	_	_	_	_	_	
8-305	8340-8341	u	_	_	_	_	_	
8-306	8342-8348	kojemu	_	_	_	_	_	
8-307	8349-8351	bi	_	_	_	_	_	
8-308	8352-8358	glavne	_	_	_	_	_	
8-309	8359-8367	reljefne	_	_	_	_	_	
8-310	8368-8375	osobine	_	_	_	_	_	
8-311	8376-8380	bile	_	_	_	_	_	
8-312	8381-8389	određene	_	_	_	_	_	
8-313	8390-8396	građom	_	_	_	_	_	
8-314	8397-8406	zemljišta	_	_	_	_	_	
8-315	8406-8407	,	_	_	_	_	_	
8-316	8408-8415	posebno	_	_	_	_	_	
8-317	8416-8425	rasjednim	_	_	_	_	_	
8-318	8426-8434	linijama	_	_	_	_	_	
8-319	8434-8435	.	_	_	_	_	_	

#Text=krški proces – tok i uvjeti okršavanja s prostornim raznolikostima i vremenskim izmjenama. Na razvoj utječu litološke osobine, građa i debljina karbonatnih stijena i alogeni nanosi, te ekološke prilike i njihovo vremensko kolebanje. Navedene posebnosti utječu na poniranje i pukotinsko protjecanje vode, te intenzitet korozije, cijepanje kalcijeva bikarbonata i taloženje kalcijeva karbonata. Nedovoljno su poznati dimenzije i način širenja podzemnih šupljina.
9-1	8437-8442	krški	_	B. Process[7]	DEFINIENDUM[18]	_	_	
9-2	8443-8449	proces	_	B. Process[7]	DEFINIENDUM[18]	_	_	
9-3	8450-8451	–	_	_	_	_	_	
9-4	8452-8455	tok	_	_	_	DEFINED\_AS[34]	_	
9-5	8456-8457	i	_	_	_	DEFINED\_AS[34]	_	
9-6	8458-8464	uvjeti	_	_	_	DEFINED\_AS[34]	_	
9-7	8465-8475	okršavanja	_	B.4 Transformation	_	DEFINED\_AS[34]	_	
9-8	8476-8477	s	_	_	_	DEFINED\_AS[34]	_	
9-9	8478-8488	prostornim	_	_	_	DEFINED\_AS[34]	_	
9-10	8489-8503	raznolikostima	_	_	_	DEFINED\_AS[34]	_	
9-11	8504-8505	i	_	_	_	DEFINED\_AS[34]	_	
9-12	8506-8516	vremenskim	_	_	_	DEFINED\_AS[34]	_	
9-13	8517-8526	izmjenama	_	_	_	DEFINED\_AS[34]	_	
9-14	8526-8527	.	_	_	_	_	_	
9-15	8528-8530	Na	_	_	_	_	_	
9-16	8531-8537	razvoj	_	_	_	_	_	
9-17	8538-8544	utječu	_	_	_	_	_	
9-18	8545-8554	litološke	_	_	_	_	_	
9-19	8555-8562	osobine	_	_	_	_	_	
9-20	8562-8563	,	_	_	_	_	_	
9-21	8564-8569	građa	_	_	_	_	_	
9-22	8570-8571	i	_	_	_	_	_	
9-23	8572-8580	debljina	_	_	_	_	_	
9-24	8581-8592	karbonatnih	_	_	_	_	_	
9-25	8593-8600	stijena	_	_	_	_	_	
9-26	8601-8602	i	_	_	_	_	_	
9-27	8603-8610	alogeni	_	_	_	_	_	
9-28	8611-8617	nanosi	_	_	_	_	_	
9-29	8617-8618	,	_	_	_	_	_	
9-30	8619-8621	te	_	_	_	_	_	
9-31	8622-8630	ekološke	_	_	_	_	_	
9-32	8631-8638	prilike	_	_	_	_	_	
9-33	8639-8640	i	_	_	_	_	_	
9-34	8641-8648	njihovo	_	_	_	_	_	
9-35	8649-8658	vremensko	_	_	_	_	_	
9-36	8659-8668	kolebanje	_	_	_	_	_	
9-37	8668-8669	.	_	_	_	_	_	
9-38	8670-8678	Navedene	_	_	_	_	_	
9-39	8679-8689	posebnosti	_	_	_	_	_	
9-40	8690-8696	utječu	_	_	_	_	_	
9-41	8697-8699	na	_	_	_	_	_	
9-42	8700-8709	poniranje	_	_	_	CONTAINS[35]	_	
9-43	8710-8711	i	_	_	_	CONTAINS[35]	_	
9-44	8712-8722	pukotinsko	_	_	_	CONTAINS[35]	_	
9-45	8723-8734	protjecanje	_	_	_	CONTAINS[35]	_	
9-46	8735-8739	vode	_	_	_	CONTAINS[35]	_	
9-47	8739-8740	,	_	_	_	CONTAINS[35]	_	
9-48	8741-8743	te	_	_	_	CONTAINS[35]	_	
9-49	8744-8754	intenzitet	_	_	_	CONTAINS[35]	_	
9-50	8755-8763	korozije	_	_	_	CONTAINS[35]	_	
9-51	8763-8764	,	_	_	_	CONTAINS[35]	_	
9-52	8765-8774	cijepanje	_	_	_	CONTAINS[35]	_	
9-53	8775-8784	kalcijeva	_	_	_	CONTAINS[35]	_	
9-54	8785-8796	bikarbonata	_	_	_	CONTAINS[35]	_	
9-55	8797-8798	i	_	_	_	CONTAINS[35]	_	
9-56	8799-8808	taloženje	_	_	_	CONTAINS[35]	_	
9-57	8809-8818	kalcijeva	_	_	_	CONTAINS[35]	_	
9-58	8819-8828	karbonata	_	_	_	CONTAINS[35]	_	
9-59	8828-8829	.	_	_	_	_	_	
9-60	8830-8840	Nedovoljno	_	_	_	_	_	
9-61	8841-8843	su	_	_	_	_	_	
9-62	8844-8851	poznati	_	_	_	_	_	
9-63	8852-8861	dimenzije	_	_	_	_	_	
9-64	8862-8863	i	_	_	_	_	_	
9-65	8864-8869	način	_	_	_	_	_	
9-66	8870-8877	širenja	_	_	_	_	_	
9-67	8878-8887	podzemnih	_	_	_	_	_	
9-68	8888-8896	šupljina	_	_	_	_	_	
9-69	8896-8897	.	_	_	_	_	_	

#Text=krško modeliranje – poniranje i pukotinsko protjecanje vode uvjetuju složeno modeliranje površja i podzemlja, čime se krš bitno razlikuje od drugih terena. Različite posebnosti uvjetuju prostorne razlike (v. krški proces), a vremenske izmjene modificiraju krški proces (v.). Specifičnost je krškog modeliranja relativno mali opseg akumuliranih oblika ako se usporedi s golemim količinama korodiranih stijena.
10-1	8899-8904	krško	_	B.4 Transformation[8]	DEFINIENDUM[19]	_	_	
10-2	8905-8916	modeliranje	_	B.4 Transformation[8]	DEFINIENDUM[19]	_	_	
10-3	8917-8918	–	_	_	_	_	_	
10-4	8919-8928	poniranje	_	B.1 Movement	_	HAS\_CAUSE[36]	_	
10-5	8929-8930	i	_	_	_	HAS\_CAUSE[36]	_	
10-6	8931-8941	pukotinsko	_	B.1 Movement[9]	_	HAS\_CAUSE[36]	_	
10-7	8942-8953	protjecanje	_	B.1 Movement[9]	_	HAS\_CAUSE[36]	_	
10-8	8954-8958	vode	_	B.1 Movement[9]	_	HAS\_CAUSE[36]	_	
10-9	8959-8967	uvjetuju	_	_	_	_	_	
10-10	8968-8975	složeno	_	_	_	_	_	
10-11	8976-8987	modeliranje	_	_	GENUS[20]	_	_	
10-12	8988-8995	površja	_	_	GENUS[20]	_	_	
10-13	8996-8997	i	_	_	GENUS[20]	_	_	
10-14	8998-9007	podzemlja	_	_	GENUS[20]	_	_	
10-15	9007-9008	,	_	_	_	_	_	
10-16	9009-9013	čime	_	_	_	_	_	
10-17	9014-9016	se	_	_	_	_	_	
10-18	9017-9020	krš	_	_	_	_	_	
10-19	9021-9026	bitno	_	_	_	_	_	
10-20	9027-9036	razlikuje	_	_	_	_	_	
10-21	9037-9039	od	_	_	_	_	_	
10-22	9040-9046	drugih	_	_	_	_	_	
10-23	9047-9053	terena	_	_	_	_	_	
10-24	9053-9054	.	_	_	_	_	_	
10-25	9055-9064	Različite	_	_	_	_	_	
10-26	9065-9075	posebnosti	_	_	_	_	_	
10-27	9076-9084	uvjetuju	_	_	_	_	_	
10-28	9085-9094	prostorne	_	_	_	_	_	
10-29	9095-9102	razlike	_	_	_	_	_	
10-30	9103-9104	(	_	_	_	_	_	
10-31	9104-9105	v	_	_	_	_	_	
10-32	9105-9106	.	_	_	_	_	_	
10-33	9107-9112	krški	_	_	_	_	_	
10-34	9113-9119	proces	_	_	_	_	_	
10-35	9119-9120	)	_	_	_	_	_	
10-36	9120-9121	,	_	_	_	_	_	
10-37	9122-9123	a	_	_	_	_	_	
10-38	9124-9133	vremenske	_	_	_	_	_	
10-39	9134-9141	izmjene	_	_	_	_	_	
10-40	9142-9154	modificiraju	_	_	_	_	_	
10-41	9155-9160	krški	_	_	_	_	_	
10-42	9161-9167	proces	_	_	_	_	_	
10-43	9168-9169	(	_	_	_	_	_	
10-44	9169-9170	v	_	_	_	_	_	
10-45	9170-9171	.	_	_	_	_	_	
10-46	9171-9172	)	_	_	_	_	_	
10-47	9172-9173	.	_	_	_	_	_	
10-48	9174-9186	Specifičnost	_	_	_	_	_	
10-49	9187-9189	je	_	_	_	_	_	
10-50	9190-9196	krškog	_	_	_	_	_	
10-51	9197-9208	modeliranja	_	_	_	_	_	
10-52	9209-9218	relativno	_	_	_	HAS\_ATTRIBUTE[37]	_	
10-53	9219-9223	mali	_	_	_	HAS\_ATTRIBUTE[37]	_	
10-54	9224-9229	opseg	_	_	_	HAS\_ATTRIBUTE[37]	_	
10-55	9230-9242	akumuliranih	_	_	_	HAS\_ATTRIBUTE[37]	_	
10-56	9243-9249	oblika	_	_	_	HAS\_ATTRIBUTE[37]	_	
10-57	9250-9253	ako	_	_	_	_	_	
10-58	9254-9256	se	_	_	_	_	_	
10-59	9257-9265	usporedi	_	_	_	_	_	
10-60	9266-9267	s	_	_	_	_	_	
10-61	9268-9275	golemim	_	_	_	_	_	
10-62	9276-9286	količinama	_	_	_	_	_	
10-63	9287-9298	korodiranih	_	_	_	_	_	
10-64	9299-9306	stijena	_	_	_	_	_	
10-65	9306-9307	.	_	_	_	_	_	

#Text=kuk –  istaknuti monolit sastavljen od kompaktnije i otpornije stijene, osobito karbonatne; čest je oblik i toponim u Dinarskom kršu. K. je posebno karakterističan za krške pejzaže u toplim i vlažnim klimama, zbog čega je i postao popularan, osobito pod kubanskim nazivom “mogote”. K. su značajni i za dolomitske pejzaže, gdje pri drobljenju kompaktniji dijelovi zaostaju i slikovito se ističu (kao ruševine).
11-1	9309-9312	kuk	_	A.1 Surface landform	DEFINIENDUM	_	_	
11-2	9313-9314	–	_	_	_	_	_	
11-3	9316-9325	istaknuti	_	_	_	_	_	
11-4	9326-9333	monolit	_	A.1 Surface landform	GENUS	_	_	
11-5	9334-9344	sastavljen	_	_	_	COMPOSITION\_MEDIUM[38]	_	
11-6	9345-9347	od	_	_	_	COMPOSITION\_MEDIUM[38]	_	
11-7	9348-9359	kompaktnije	_	_	_	COMPOSITION\_MEDIUM[38]	_	
11-8	9360-9361	i	_	_	_	COMPOSITION\_MEDIUM[38]	_	
11-9	9362-9371	otpornije	_	_	_	COMPOSITION\_MEDIUM[38]	_	
11-10	9372-9379	stijene	_	_	_	COMPOSITION\_MEDIUM[38]	_	
11-11	9379-9380	,	_	_	_	COMPOSITION\_MEDIUM[38]	_	
11-12	9381-9388	osobito	_	_	_	COMPOSITION\_MEDIUM[38]	_	
11-13	9389-9399	karbonatne	karbonatna stijena	_	_	COMPOSITION\_MEDIUM[38]	_	
11-14	9399-9400	;	_	_	_	_	_	
11-15	9401-9405	čest	_	_	_	_	_	
11-16	9406-9408	je	_	_	_	_	_	
11-17	9409-9414	oblik	_	_	_	_	_	
11-18	9415-9416	i	_	_	_	_	_	
11-19	9417-9424	toponim	_	_	_	_	_	
11-20	9425-9426	u	_	_	_	HAS\_POSITION[39]	_	
11-21	9427-9436	Dinarskom	_	_	_	HAS\_POSITION[39]	_	
11-22	9437-9441	kršu	_	_	_	HAS\_POSITION[39]	_	
11-23	9441-9442	.	_	_	_	_	_	
11-24	9443-9444	K	_	_	_	_	_	
11-25	9444-9445	.	_	_	_	_	_	
11-26	9446-9448	je	_	_	_	_	_	
11-27	9449-9456	posebno	_	_	_	_	_	
11-28	9457-9472	karakterističan	_	_	_	HAS\_LOCATION[40]	_	
11-29	9473-9475	za	_	_	_	HAS\_LOCATION[40]	_	
11-30	9476-9481	krške	_	_	_	HAS\_LOCATION[40]	_	
11-31	9482-9489	pejzaže	_	_	_	HAS\_LOCATION[40]	_	
11-32	9490-9491	u	_	_	_	HAS\_LOCATION[40]	_	
11-33	9492-9498	toplim	_	_	_	HAS\_LOCATION[40]	_	
11-34	9499-9500	i	_	_	_	HAS\_LOCATION[40]	_	
11-35	9501-9508	vlažnim	_	_	_	HAS\_LOCATION[40]	_	
11-36	9509-9516	klimama	_	_	_	HAS\_LOCATION[40]	_	
11-37	9516-9517	,	_	_	_	_	_	
11-38	9518-9522	zbog	_	_	_	_	_	
11-39	9523-9527	čega	_	_	_	_	_	
11-40	9528-9530	je	_	_	_	_	_	
11-41	9531-9532	i	_	_	_	_	_	
11-42	9533-9539	postao	_	_	_	_	_	
11-43	9540-9549	popularan	_	_	_	_	_	
11-44	9549-9550	,	_	_	_	_	_	
11-45	9551-9558	osobito	_	_	_	_	_	
11-46	9559-9562	pod	_	_	_	_	_	
11-47	9563-9572	kubanskim	_	_	_	_	_	
11-48	9573-9580	nazivom	_	_	_	_	_	
11-49	9581-9582	“	_	_	_	_	_	
11-50	9582-9588	mogote	_	_	DEFINIENDUM	_	_	
11-51	9588-9589	”	_	_	_	_	_	
11-52	9589-9590	.	_	_	_	_	_	
11-53	9591-9592	K	_	_	_	_	_	
11-54	9592-9593	.	_	_	_	_	_	
11-55	9594-9596	su	_	_	_	_	_	
11-56	9597-9605	značajni	_	_	_	_	_	
11-57	9606-9607	i	_	_	_	_	_	
11-58	9608-9610	za	_	_	_	_	_	
11-59	9611-9621	dolomitske	_	_	_	_	_	
11-60	9622-9629	pejzaže	_	_	_	_	_	
11-61	9629-9630	,	_	_	_	_	_	
11-62	9631-9635	gdje	_	_	_	_	_	
11-63	9636-9639	pri	_	_	_	_	_	
11-64	9640-9650	drobljenju	_	_	_	_	_	
11-65	9651-9662	kompaktniji	_	_	_	_	_	
11-66	9663-9671	dijelovi	_	_	_	_	_	
11-67	9672-9680	zaostaju	_	_	_	_	_	
11-68	9681-9682	i	_	_	_	_	_	
11-69	9683-9692	slikovito	_	_	_	_	_	
11-70	9693-9695	se	_	_	_	_	_	
11-71	9696-9702	ističu	_	_	_	_	_	
11-72	9703-9704	(	_	_	_	_	_	
11-73	9704-9707	kao	_	_	_	_	_	
11-74	9708-9716	ruševine	_	_	_	_	_	
11-75	9716-9717	)	_	_	_	_	_	
11-76	9717-9718	.	_	_	_	_	_	

#Text=lapor – slojevita stijena, smjesa gline i kalcita (rjeđe dolomita), deponirana je u jezerima i moru tokom mlađih geoloških razdoblja. Udio gline koleba između 25-75%; povećanjem tog udjela prelazi u vapnene lapore, a smanjenjem u laporaste vapnence.
12-1	9720-9725	lapor	_	D.1 Abiotic	DEFINIENDUM	_	_	
12-2	9726-9727	–	_	_	_	_	_	
12-3	9728-9737	slojevita	_	D.1 Abiotic[10]	GENUS[21]	_	_	
12-4	9738-9745	stijena	_	D.1 Abiotic[10]	GENUS[21]	_	_	
12-5	9745-9746	,	_	_	_	_	_	
12-6	9747-9753	smjesa	_	_	_	COMPOSITION\_MEDIUM[41]	_	
12-7	9754-9759	gline	_	_	_	COMPOSITION\_MEDIUM[41]	_	
12-8	9760-9761	i	_	_	_	COMPOSITION\_MEDIUM[41]	_	
12-9	9762-9769	kalcita	_	_	_	COMPOSITION\_MEDIUM[41]	_	
12-10	9770-9771	(	_	_	_	COMPOSITION\_MEDIUM[41]	_	
12-11	9771-9776	rjeđe	_	_	_	COMPOSITION\_MEDIUM[41]	_	
12-12	9777-9785	dolomita	_	_	_	COMPOSITION\_MEDIUM[41]	_	
12-13	9785-9786	)	_	_	_	COMPOSITION\_MEDIUM[41]	_	
12-14	9786-9787	,	_	_	_	_	_	
12-15	9788-9798	deponirana	_	_	_	_	_	
12-16	9799-9801	je	_	_	_	_	_	
12-17	9802-9803	u	_	_	_	_	_	
12-18	9804-9812	jezerima	_	_	_	_	_	
12-19	9813-9814	i	_	_	_	_	_	
12-20	9815-9819	moru	_	_	_	_	_	
12-21	9820-9825	tokom	_	_	_	_	_	
12-22	9826-9832	mlađih	_	_	_	_	_	
12-23	9833-9842	geoloških	_	_	_	_	_	
12-24	9843-9852	razdoblja	_	_	_	_	_	
12-25	9852-9853	.	_	_	_	_	_	
12-26	9854-9858	Udio	_	_	_	_	_	
12-27	9859-9864	gline	_	_	_	_	_	
12-28	9865-9871	koleba	_	_	_	_	_	
12-29	9872-9878	između	_	_	_	_	_	
12-30	9879-9881	25	_	_	_	_	_	
12-31	9881-9882	-	_	_	_	_	_	
12-32	9882-9885	75%	_	_	_	_	_	
12-33	9885-9886	;	_	_	_	_	_	
12-34	9887-9897	povećanjem	_	_	_	_	_	
12-35	9898-9901	tog	_	_	_	_	_	
12-36	9902-9908	udjela	_	_	_	_	_	
12-37	9909-9916	prelazi	_	_	_	_	_	
12-38	9917-9918	u	_	_	_	_	_	
12-39	9919-9926	vapnene	_	_	_	_	_	
12-40	9927-9933	lapore	_	_	_	_	_	
12-41	9933-9934	,	_	_	_	_	_	
12-42	9935-9936	a	_	_	_	_	_	
12-43	9937-9947	smanjenjem	_	_	_	_	_	
12-44	9948-9949	u	_	_	_	_	_	
12-45	9950-9959	laporaste	_	_	_	_	_	
12-46	9960-9968	vapnence	_	_	_	_	_	
12-47	9968-9969	.	_	_	_	_	_	

#Text=ledenica – spilja ili japaga u kojoj se održava led. To su hladne spilje i kapnica se zaleđuje, prekrivajući pod i strane ledenom korom i ukrasujući cjelinu slikovitim mosurima i ledenim stupovima.U japage se preko zime navije snijeg koji se preko ljeta postepeno otapa i održi (v. sniježnica). Otapanjem površinskog dijela voda se u dubljim dijelovima, gdje je temperatura ispod 0°C, pretvara u led. Ekspozicija i kosi položaj udubine imaju znatnu ulogu.
13-1	9972-9980	ledenica	_	A. Landform	DEFINIENDUM	_	_	
13-2	9981-9982	–	_	_	_	_	_	
13-3	9983-9989	spilja	_	A.2 Underground landform	GENUS	_	_	
13-4	9990-9993	ili	_	_	_	_	_	
13-5	9994-10000	japaga	_	A.1 Surface landform	GENUS	_	_	
13-6	10001-10002	u	_	_	_	HAS\_FUNCTION[42]	_	
13-7	10003-10008	kojoj	_	_	_	HAS\_FUNCTION[42]	_	
13-8	10009-10011	se	_	_	_	HAS\_FUNCTION[42]	_	
13-9	10012-10019	održava	_	_	_	HAS\_FUNCTION[42]	_	
13-10	10020-10023	led	_	_	_	HAS\_FUNCTION[42]	_	
13-11	10023-10024	.	_	_	_	_	_	
13-12	10025-10027	To	_	_	_	_	_	
13-13	10028-10030	su	_	_	_	_	_	
13-14	10031-10037	hladne	_	_	_	HAS\_ATTRIBUTE[43]	_	
13-15	10038-10044	spilje	_	_	_	HAS\_ATTRIBUTE[43]	_	
13-16	10045-10046	i	_	_	_	_	_	
13-17	10047-10054	kapnica	_	_	_	_	_	
13-18	10055-10057	se	_	_	_	_	_	
13-19	10058-10066	zaleđuje	_	_	_	_	_	
13-20	10066-10067	,	_	_	_	_	_	
13-21	10068-10080	prekrivajući	_	_	_	_	_	
13-22	10081-10084	pod	_	_	_	_	_	
13-23	10085-10086	i	_	_	_	_	_	
13-24	10087-10093	strane	_	_	_	_	_	
13-25	10094-10101	ledenom	_	_	_	_	_	
13-26	10102-10107	korom	_	_	_	_	_	
13-27	10108-10109	i	_	_	_	_	_	
13-28	10110-10120	ukrasujući	_	_	_	_	_	
13-29	10121-10128	cjelinu	_	_	_	_	_	
13-30	10129-10139	slikovitim	_	_	_	_	_	
13-31	10140-10148	mosurima	_	_	_	_	_	
13-32	10149-10150	i	_	_	_	_	_	
13-33	10151-10158	ledenim	_	_	_	_	_	
13-34	10159-10170	stupovima.U	_	_	_	_	_	
13-35	10171-10177	japage	_	_	_	_	_	
13-36	10178-10180	se	_	_	_	_	_	
13-37	10181-10186	preko	_	_	_	_	_	
13-38	10187-10191	zime	_	_	_	_	_	
13-39	10192-10198	navije	_	_	_	CONTAINS[44]	_	
13-40	10199-10205	snijeg	_	_	_	CONTAINS[44]	_	
13-41	10206-10210	koji	_	_	_	CONTAINS[44]	_	
13-42	10211-10213	se	_	_	_	CONTAINS[44]	_	
13-43	10214-10219	preko	_	_	_	CONTAINS[44]	_	
13-44	10220-10225	ljeta	_	_	_	CONTAINS[44]	_	
13-45	10226-10235	postepeno	_	_	_	CONTAINS[44]	_	
13-46	10236-10241	otapa	_	_	_	CONTAINS[44]	_	
13-47	10242-10243	i	_	_	_	CONTAINS[44]	_	
13-48	10244-10249	održi	_	_	_	CONTAINS[44]	_	
13-49	10250-10251	(	_	_	_	_	_	
13-50	10251-10252	v	_	_	_	_	_	
13-51	10252-10253	.	_	_	_	_	_	
13-52	10254-10264	sniježnica	_	_	_	_	_	
13-53	10264-10265	)	_	_	_	_	_	
13-54	10265-10266	.	_	_	_	_	_	
13-55	10267-10276	Otapanjem	_	_	_	_	_	
13-56	10277-10288	površinskog	_	_	_	_	_	
13-57	10289-10295	dijela	_	_	_	_	_	
13-58	10296-10300	voda	_	_	_	_	_	
13-59	10301-10303	se	_	_	_	_	_	
13-60	10304-10305	u	_	_	_	_	_	
13-61	10306-10313	dubljim	_	_	_	_	_	
13-62	10314-10324	dijelovima	_	_	_	_	_	
13-63	10324-10325	,	_	_	_	_	_	
13-64	10326-10330	gdje	_	_	_	_	_	
13-65	10331-10333	je	_	_	_	_	_	
13-66	10334-10345	temperatura	_	_	_	_	_	
13-67	10346-10351	ispod	_	_	_	_	_	
13-68	10352-10353	0	_	_	_	_	_	
13-69	10353-10354	°	_	_	_	_	_	
13-70	10354-10355	C	_	_	_	_	_	
13-71	10355-10356	,	_	_	_	_	_	
13-72	10357-10365	pretvara	_	_	_	_	_	
13-73	10366-10367	u	_	_	_	_	_	
13-74	10368-10371	led	_	_	_	_	_	
13-75	10371-10372	.	_	_	_	_	_	
13-76	10373-10384	Ekspozicija	_	_	_	_	_	
13-77	10385-10386	i	_	_	_	_	_	
13-78	10387-10391	kosi	_	_	_	_	_	
13-79	10392-10399	položaj	_	_	_	_	_	
13-80	10400-10407	udubine	_	_	_	_	_	
13-81	10408-10413	imaju	_	_	_	_	_	
13-82	10414-10420	znatnu	_	_	_	_	_	
13-83	10421-10426	ulogu	_	_	_	_	_	
13-84	10426-10427	.	_	_	_	_	_	

#Text=lokva – umjetne udubine u glinovitom zemljištu (najčešće crvenici) radi zadržavanja padalina, kojima se napaja stoka, a u prošlosti i bezvodici koristilo se njima i stanovništvo.
14-1	10429-10434	lokva	_	A.1 Surface landform	DEFINIENDUM	_	_	
14-2	10435-10436	–	_	_	_	_	_	
14-3	10437-10444	umjetne	_	A.1 Surface landform[11]	GENUS[22]	_	_	
14-4	10445-10452	udubine	_	A.1 Surface landform[11]	GENUS[22]	_	_	
14-5	10453-10454	u	_	_	_	HAS\_LOCATION[45]	_	
14-6	10455-10465	glinovitom	_	_	_	HAS\_LOCATION[45]	_	
14-7	10466-10475	zemljištu	_	_	_	HAS\_LOCATION[45]	_	
14-8	10476-10477	(	_	_	_	HAS\_LOCATION[45]	_	
14-9	10477-10485	najčešće	_	_	_	HAS\_LOCATION[45]	_	
14-10	10486-10494	crvenici	_	_	_	HAS\_LOCATION[45]	_	
14-11	10494-10495	)	_	_	_	HAS\_LOCATION[45]	_	
14-12	10496-10500	radi	_	_	_	_	_	
14-13	10501-10512	zadržavanja	_	_	_	HAS\_FUNCTION[46]	_	
14-14	10513-10521	padalina	_	_	_	HAS\_FUNCTION[46]	_	
14-15	10521-10522	,	_	_	_	HAS\_FUNCTION[46]	_	
14-16	10523-10529	kojima	_	_	_	HAS\_FUNCTION[46]	_	
14-17	10530-10532	se	_	_	_	HAS\_FUNCTION[46]	_	
14-18	10533-10539	napaja	_	_	_	HAS\_FUNCTION[46]	_	
14-19	10540-10545	stoka	_	_	_	HAS\_FUNCTION[46]	_	
14-20	10545-10546	,	_	_	_	_	_	
14-21	10547-10548	a	_	_	_	_	_	
14-22	10549-10550	u	_	_	_	_	_	
14-23	10551-10560	prošlosti	_	_	_	_	_	
14-24	10561-10562	i	_	_	_	_	_	
14-25	10563-10572	bezvodici	_	_	_	_	_	
14-26	10573-10582	koristilo	_	_	_	_	_	
14-27	10583-10585	se	_	_	_	_	_	
14-28	10586-10591	njima	_	_	_	_	_	
14-29	10592-10593	i	_	_	_	_	_	
14-30	10594-10606	stanovništvo	_	_	_	_	_	
14-31	10606-10607	.	_	_	_	_	_	

#Text=maglenica – spilja ili jama na čijem otvoru, zbog miješanja zraka različite topline i vlažnosti, dolazi do kondenziranja vodene pare, tj. maglice.
15-1	10610-10619	maglenica	_	A.2 Underground landform	DEFINIENDUM	_	_	
15-2	10620-10621	–	_	_	_	_	_	
15-3	10622-10628	spilja	_	A.2 Underground landform	GENUS	_	_	
15-4	10629-10632	ili	_	_	_	_	_	
15-5	10633-10637	jama	_	A.2 Underground landform	GENUS	_	_	
15-6	10638-10640	na	_	_	_	HAS\_FORM[47]	_	
15-7	10641-10646	čijem	_	_	_	HAS\_FORM[47]	_	
15-8	10647-10653	otvoru	_	_	_	HAS\_FORM[47]	_	
15-9	10653-10654	,	_	_	_	HAS\_FORM[47]	_	
15-10	10655-10659	zbog	_	_	_	HAS\_FORM[47]	_	
15-11	10660-10669	miješanja	_	_	_	HAS\_FORM[47]	_	
15-12	10670-10675	zraka	_	_	_	HAS\_FORM[47]	_	
15-13	10676-10685	različite	_	_	_	HAS\_FORM[47]	_	
15-14	10686-10693	topline	_	_	_	HAS\_FORM[47]	_	
15-15	10694-10695	i	_	_	_	HAS\_FORM[47]	_	
15-16	10696-10705	vlažnosti	_	_	_	HAS\_FORM[47]	_	
15-17	10705-10706	,	_	_	_	HAS\_FORM[47]	_	
15-18	10707-10713	dolazi	_	_	_	HAS\_FORM[47]	_	
15-19	10714-10716	do	_	_	_	HAS\_FORM[47]	_	
15-20	10717-10730	kondenziranja	_	_	_	HAS\_FORM[47]	_	
15-21	10731-10737	vodene	_	_	_	HAS\_FORM[47]	_	
15-22	10738-10742	pare	_	_	_	HAS\_FORM[47]	_	
15-23	10742-10743	,	_	_	_	HAS\_FORM[47]	_	
15-24	10744-10746	tj	_	_	_	HAS\_FORM[47]	_	
15-25	10746-10747	.	_	_	_	HAS\_FORM[47]	_	
15-26	10748-10755	maglice	_	_	_	HAS\_FORM[47]	_	
15-27	10755-10756	.	_	_	_	_	_	

#Text=magnezij – kemijski element (Mg) koji čini 2-3% sastava stijena Zemljine kore. U karbonatnim stijenama ga nalazimo kao dvojni karbonat kalcija i magnezija. CaMg(CO3)2 (dolomit, v.).
16-1	10758-10766	magnezij	_	D.1 Abiotic	DEFINIENDUM	_	_	
16-2	10767-10768	–	_	_	_	_	_	
16-3	10769-10777	kemijski	_	D.1 Abiotic[12]	GENUS[23]	_	_	
16-4	10778-10785	element	_	D.1 Abiotic[12]	GENUS[23]	_	_	
16-5	10786-10787	(	_	_	_	_	_	
16-6	10787-10789	Mg	_	_	_	_	_	
16-7	10789-10790	)	_	_	_	_	_	
16-8	10791-10795	koji	_	_	_	_	_	
16-9	10796-10800	čini	_	_	_	_	_	
16-10	10801-10802	2	_	_	_	_	_	
16-11	10802-10803	-	_	_	_	_	_	
16-12	10803-10805	3%	_	_	_	_	_	
16-13	10806-10813	sastava	_	_	_	_	_	
16-14	10814-10821	stijena	_	_	_	_	_	
16-15	10822-10830	Zemljine	_	_	_	_	_	
16-16	10831-10835	kore	_	_	_	_	_	
16-17	10835-10836	.	_	_	_	_	_	
16-18	10837-10838	U	_	_	_	_	_	
16-19	10839-10850	karbonatnim	_	_	_	_	_	
16-20	10851-10860	stijenama	_	_	_	_	_	
16-21	10861-10863	ga	_	_	_	_	_	
16-22	10864-10872	nalazimo	_	_	_	_	_	
16-23	10873-10876	kao	_	_	_	_	_	
16-24	10877-10883	dvojni	_	_	_	_	_	
16-25	10884-10892	karbonat	_	_	_	_	_	
16-26	10893-10900	kalcija	_	_	_	_	_	
16-27	10901-10902	i	_	_	_	_	_	
16-28	10903-10912	magnezija	_	_	_	_	_	
16-29	10912-10913	.	_	_	_	_	_	
16-30	10914-10918	CaMg	_	_	_	_	_	
16-31	10918-10919	(	_	_	_	_	_	
16-32	10919-10922	CO3	_	_	_	_	_	
16-33	10922-10923	)	_	_	_	_	_	
16-34	10923-10924	2	_	_	_	_	_	
16-35	10925-10926	(	_	_	_	_	_	
16-36	10926-10933	dolomit	_	_	_	_	_	
16-37	10933-10934	,	_	_	_	_	_	
16-38	10935-10936	v	_	_	_	_	_	
16-39	10936-10937	.	_	_	_	_	_	
16-40	10937-10938	)	_	_	_	_	_	
16-41	10938-10939	.	_	_	_	_	_	

#Text=metamorfoza – izmjena strukture stijena pod utjecajem tlaka, temperature itd.; vapnenac prelazi u mramor (oba se sastoje od CaCO3).
17-1	10941-10952	metamorfoza	_	B.4 Transformation	DEFINIENDUM	_	_	
17-2	10953-10954	–	_	_	_	_	_	
17-3	10955-10962	izmjena	_	B.4 Transformation[13]	_	DEFINED\_AS[48]	_	
17-4	10963-10972	strukture	_	B.4 Transformation[13]	_	DEFINED\_AS[48]	_	
17-5	10973-10980	stijena	_	B.4 Transformation[13]	_	DEFINED\_AS[48]	_	
17-6	10981-10984	pod	_	_	_	HAS\_CAUSE[49]	_	
17-7	10985-10994	utjecajem	_	_	_	HAS\_CAUSE[49]	_	
17-8	10995-11000	tlaka	_	_	_	HAS\_CAUSE[49]	_	
17-9	11000-11001	,	_	_	_	HAS\_CAUSE[49]	_	
17-10	11002-11013	temperature	_	_	_	HAS\_CAUSE[49]	_	
17-11	11014-11017	itd	_	_	_	_	_	
17-12	11017-11018	.	_	_	_	_	_	
17-13	11018-11019	;	_	_	_	_	_	
17-14	11020-11028	vapnenac	_	_	_	HAS\_RESULT[50]	_	
17-15	11029-11036	prelazi	_	_	_	HAS\_RESULT[50]	_	
17-16	11037-11038	u	_	_	_	HAS\_RESULT[50]	_	
17-17	11039-11045	mramor	_	_	_	HAS\_RESULT[50]	_	
17-18	11046-11047	(	_	_	_	_	_	
17-19	11047-11050	oba	_	_	_	_	_	
17-20	11051-11053	se	_	_	_	_	_	
17-21	11054-11061	sastoje	_	_	_	_	_	
17-22	11062-11064	od	_	_	_	_	_	
17-23	11065-11070	CaCO3	_	_	_	_	_	
17-24	11070-11071	)	_	_	_	_	_	
17-25	11071-11072	.	_	_	_	_	_	

#Text=morfologija krša - disciplina koja istražuje oblike i načine modeliranja krškog površja te razvoj podzemnih šupljina kao i njihove međusobne veze.
18-1	11074-11085	morfologija	_	E.2 Method[14]	DEFINIENDUM[24]	_	_	
18-2	11086-11090	krša	_	E.2 Method[14]	DEFINIENDUM[24]	_	_	
18-3	11091-11092	-	_	_	_	_	_	
18-4	11093-11103	disciplina	_	_	_	STUDIES[51]	_	
18-5	11104-11108	koja	_	_	_	STUDIES[51]	_	
18-6	11109-11118	istražuje	_	_	_	STUDIES[51]	_	
18-7	11119-11125	oblike	_	_	_	STUDIES[51]	_	
18-8	11126-11127	i	_	_	_	STUDIES[51]	_	
18-9	11128-11134	načine	_	_	_	STUDIES[51]	_	
18-10	11135-11146	modeliranja	_	_	_	STUDIES[51]	_	
18-11	11147-11153	krškog	_	_	_	STUDIES[51]	_	
18-12	11154-11161	površja	_	_	_	STUDIES[51]	_	
18-13	11162-11164	te	_	_	_	STUDIES[51]	_	
18-14	11165-11171	razvoj	_	_	_	STUDIES[51]	_	
18-15	11172-11181	podzemnih	_	_	_	STUDIES[51]	_	
18-16	11182-11190	šupljina	_	_	_	STUDIES[51]	_	
18-17	11191-11194	kao	_	_	_	_	_	
18-18	11195-11196	i	_	_	_	_	_	
18-19	11197-11204	njihove	_	_	_	_	_	
18-20	11205-11214	međusobne	_	_	_	_	_	
18-21	11215-11219	veze	_	_	_	_	_	
18-22	11219-11220	.	_	_	_	_	_	

#Text=odron – stjenovita gomila koja je produkt odronjavanja
19-1	11222-11227	odron	_	D.1 Abiotic	DEFINIENDUM	_	_	
19-2	11228-11229	–	_	_	_	_	_	
19-3	11230-11240	stjenovita	_	D.1 Abiotic[15]	GENUS[25]	_	_	
19-4	11241-11247	gomila	_	D.1 Abiotic[15]	GENUS[25]	_	_	
19-5	11248-11252	koja	_	_	_	_	_	
19-6	11253-11255	je	_	_	_	_	_	
19-7	11256-11263	produkt	_	_	_	HAS\_CAUSE[52]	_	
19-8	11264-11276	odronjavanja	_	B.1 Movement	_	HAS\_CAUSE[52]	_	
