#FORMAT=WebAnno TSV 3.2
#T_SP=webanno.custom.Canonicalform|Canonical
#T_SP=webanno.custom.Category|Category
#T_SP=webanno.custom.Definitionelement|Def_element
#T_SP=webanno.custom.Relation|Relation
#T_SP=webanno.custom.Relation_definitor|Rel_verb_frame


#Text=hidrološka sanacija (f), m. hidrološka sanacija – umjetno tlačno ispunjavanje pukotina u kršu različitim smjesama; na taj način se sprečava poniranje i pukotinsko protjecanje vode (v. injekcijska zavjesa).
1-1	0-10	hidrološka	_	E.2 Method[3]	DEFINIENDUM[17]	_	_	
1-2	11-19	sanacija	_	E.2 Method[3]	DEFINIENDUM[17]	_	_	
1-3	20-21	(	_	_	_	_	_	
1-4	21-22	f	_	_	_	_	_	
1-5	22-23	)	_	_	_	_	_	
1-6	23-24	,	_	_	_	_	_	
1-7	25-26	m	_	_	_	_	_	
1-8	26-27	.	_	_	_	_	_	
1-9	28-38	hidrološka	_	_	_	_	_	
1-10	39-47	sanacija	_	_	_	_	_	
1-11	48-49	–	_	_	_	_	_	
1-12	50-57	umjetno	_	_	_	DEFINED\_AS[28]	_	
1-13	58-64	tlačno	_	_	_	DEFINED\_AS[28]	_	
1-14	65-77	ispunjavanje	_	_	_	DEFINED\_AS[28]	_	
1-15	78-86	pukotina	_	_	_	DEFINED\_AS[28]	_	
1-16	87-88	u	_	_	_	HAS\_LOCATION[29]	_	
1-17	89-93	kršu	_	C. Geome	_	HAS\_LOCATION[29]	_	
1-18	94-104	različitim	_	_	_	COMPOSITION\_MEDIUM[30]	_	
1-19	105-113	smjesama	_	_	_	COMPOSITION\_MEDIUM[30]	_	
1-20	113-114	;	_	_	_	_	_	
1-21	115-117	na	_	_	_	_	_	
1-22	118-121	taj	_	_	_	_	_	
1-23	122-127	način	_	_	_	_	_	
1-24	128-130	se	_	_	_	_	_	
1-25	131-139	sprečava	_	_	_	HAS\_FUNCTION[31]	_	
1-26	140-149	poniranje	_	B. Process	_	HAS\_FUNCTION[31]	_	
1-27	150-151	i	_	_	_	HAS\_FUNCTION[31]	_	
1-28	152-162	pukotinsko	_	_	_	HAS\_FUNCTION[31]	_	
1-29	163-174	protjecanje	_	B.1 Movement	_	HAS\_FUNCTION[31]	_	
1-30	175-179	vode	_	_	_	HAS\_FUNCTION[31]	_	
1-31	180-181	(	_	_	_	_	_	
1-32	181-182	v	_	_	_	_	_	
1-33	182-183	.	_	_	_	_	_	
1-34	184-195	injekcijska	_	_	_	_	_	
1-35	196-203	zavjesa	_	_	_	_	_	
1-36	203-204	)	_	_	_	_	_	
1-37	204-205	.	_	_	_	_	_	

#Text=hum – općeslavenski naziv (i u oblicima kum, hom i holm) za osamljena i istaknuta uzvišenja, bez obzira na vrstu reljefa. Dolazi do izražaja i u mnogobrojnim toponimima. H. su posebno rašireni u Dinarskom kršu (v. glavica); u stručnoj literaturi je zastupano mišljenja da se radi o specifičnom obliku cikličkog razvoja krškog reljefa, te je termin preuzet u međunarodnu znanstvenu terminologiju. Davana su različita mišljenja o postanku huma: ostatak grebena među ponikvama, ostatak razvodnica “mosor” (v.), otporniji dio zemljišta “monadnock” (v.) itd. Suvremena karstologija ograničava termin h. na osamljena uzvišenja na naplavnim ravnicama i korozijskim zaravnima (v.).
2-1	207-210	hum	_	A.1 Surface landform	DEFINIENDUM	_	_	
2-2	211-212	–	_	_	_	_	_	
2-3	213-226	općeslavenski	_	_	_	_	_	
2-4	227-232	naziv	_	_	_	_	_	
2-5	233-234	(	_	_	_	_	_	
2-6	234-235	i	_	_	_	_	_	
2-7	236-237	u	_	_	_	_	_	
2-8	238-246	oblicima	_	_	_	_	_	
2-9	247-250	kum	_	A.1 Surface landform	DEFINIENDUM	_	_	
2-10	250-251	,	_	_	_	_	_	
2-11	252-255	hom	_	A.1 Surface landform	DEFINIENDUM	_	_	
2-12	256-257	i	_	_	_	_	_	
2-13	258-262	holm	_	A.1 Surface landform	DEFINIENDUM	_	_	
2-14	262-263	)	_	_	_	_	_	
2-15	264-266	za	_	_	_	_	_	
2-16	267-276	osamljena	_	_	_	HAS\_FORM[32]	_	
2-17	277-278	i	_	_	_	HAS\_FORM[32]	_	
2-18	279-288	istaknuta	_	_	_	HAS\_FORM[32]	_	
2-19	289-298	uzvišenja	_	_	GENUS	_	_	
2-20	298-299	,	_	_	_	_	_	
2-21	300-303	bez	_	_	_	_	_	
2-22	304-310	obzira	_	_	_	_	_	
2-23	311-313	na	_	_	_	_	_	
2-24	314-319	vrstu	_	_	_	_	_	
2-25	320-327	reljefa	_	_	_	_	_	
2-26	327-328	.	_	_	_	_	_	
2-27	329-335	Dolazi	_	_	_	_	_	
2-28	336-338	do	_	_	_	_	_	
2-29	339-347	izražaja	_	_	_	_	_	
2-30	348-349	i	_	_	_	_	_	
2-31	350-351	u	_	_	_	_	_	
2-32	352-364	mnogobrojnim	_	_	_	_	_	
2-33	365-375	toponimima	_	_	_	_	_	
2-34	375-376	.	_	_	_	_	_	
2-35	377-378	H	_	_	_	_	_	
2-36	378-379	.	_	_	_	_	_	
2-37	380-382	su	_	_	_	_	_	
2-38	383-390	posebno	_	_	_	_	_	
2-39	391-399	rašireni	_	_	_	_	_	
2-40	400-401	u	_	_	_	HAS\_POSITION[33]	frame\_POSITION	
2-41	402-411	Dinarskom	_	D.3.1 Geolocation[4]	_	HAS\_POSITION[33]	_	
2-42	412-416	kršu	_	D.3.1 Geolocation[4]	_	HAS\_POSITION[33]	_	
2-43	417-418	(	_	_	_	_	_	
2-44	418-419	v	_	_	_	_	_	
2-45	419-420	.	_	_	_	_	_	
2-46	421-428	glavica	_	A.1 Surface landform	SPECIES	_	_	
2-47	428-429	)	_	_	_	_	_	
2-48	429-430	;	_	_	_	_	_	
2-49	431-432	u	_	_	_	_	_	
2-50	433-441	stručnoj	_	_	_	_	_	
2-51	442-452	literaturi	_	_	_	_	_	
2-52	453-455	je	_	_	_	_	_	
2-53	456-465	zastupano	_	_	_	_	_	
2-54	466-475	mišljenja	_	_	_	_	_	
2-55	476-478	da	_	_	_	_	_	
2-56	479-481	se	_	_	_	_	_	
2-57	482-486	radi	_	_	_	_	_	
2-58	487-488	o	_	_	_	_	_	
2-59	489-500	specifičnom	_	_	_	_	_	
2-60	501-507	obliku	_	_	_	_	_	
2-61	508-517	cikličkog	_	_	_	_	_	
2-62	518-525	razvoja	_	_	_	_	_	
2-63	526-532	krškog	_	_	_	_	_	
2-64	533-540	reljefa	_	_	_	_	_	
2-65	540-541	,	_	_	_	_	_	
2-66	542-544	te	_	_	_	_	_	
2-67	545-547	je	_	_	_	_	_	
2-68	548-554	termin	_	_	_	_	_	
2-69	555-562	preuzet	_	_	_	_	_	
2-70	563-564	u	_	_	_	_	_	
2-71	565-576	međunarodnu	_	_	_	_	_	
2-72	577-587	znanstvenu	_	_	_	_	_	
2-73	588-601	terminologiju	_	_	_	_	_	
2-74	601-602	.	_	_	_	_	_	
2-75	603-609	Davana	_	_	_	_	_	
2-76	610-612	su	_	_	_	_	_	
2-77	613-622	različita	_	_	_	_	_	
2-78	623-632	mišljenja	_	_	_	_	_	
2-79	633-634	o	_	_	_	_	_	
2-80	635-643	postanku	_	_	_	_	_	
2-81	644-648	huma	_	_	_	_	_	
2-82	648-649	:	_	_	_	_	_	
2-83	650-657	ostatak	_	_	_	HAS\_CAUSE[34]	_	
2-84	658-665	grebena	_	_	_	HAS\_CAUSE[34]	_	
2-85	666-670	među	_	_	_	HAS\_CAUSE[34]	_	
2-86	671-680	ponikvama	_	_	_	HAS\_CAUSE[34]	_	
2-87	680-681	,	_	_	_	_	_	
2-88	682-689	ostatak	_	_	_	HAS\_CAUSE[35]	_	
2-89	690-700	razvodnica	_	_	_	HAS\_CAUSE[35]	_	
2-90	701-702	“	_	_	_	HAS\_CAUSE[35]	_	
2-91	702-707	mosor	_	_	_	HAS\_CAUSE[35]	_	
2-92	707-708	”	_	_	_	_	_	
2-93	709-710	(	_	_	_	_	_	
2-94	710-711	v	_	_	_	_	_	
2-95	711-712	.	_	_	_	_	_	
2-96	712-713	)	_	_	_	_	_	
2-97	713-714	,	_	_	_	_	_	
2-98	715-724	otporniji	_	_	_	HAS\_CAUSE[36]	_	
2-99	725-728	dio	_	_	_	HAS\_CAUSE[36]	_	
2-100	729-738	zemljišta	_	_	_	HAS\_CAUSE[36]	_	
2-101	739-740	“	_	_	_	HAS\_CAUSE[36]	_	
2-102	740-749	monadnock	_	_	_	HAS\_CAUSE[36]	_	
2-103	749-750	”	_	_	_	HAS\_CAUSE[36]	_	
2-104	751-752	(	_	_	_	_	_	
2-105	752-753	v	_	_	_	_	_	
2-106	753-754	.	_	_	_	_	_	
2-107	754-755	)	_	_	_	_	_	
2-108	756-759	itd	_	_	_	_	_	
2-109	759-760	.	_	_	_	_	_	
2-110	761-770	Suvremena	_	_	_	_	_	
2-111	771-783	karstologija	_	_	_	_	_	
2-112	784-794	ograničava	_	_	_	_	_	
2-113	795-801	termin	_	_	_	_	_	
2-114	802-803	h	_	_	_	_	_	
2-115	803-804	.	_	_	_	_	_	
2-116	805-807	na	_	_	_	_	_	
2-117	808-817	osamljena	_	_	_	DEFINED\_AS[37]	_	
2-118	818-827	uzvišenja	_	_	_	DEFINED\_AS[37]	_	
2-119	828-830	na	_	_	_	DEFINED\_AS[37]|HAS\_LOCATION[38]	_	
2-120	831-840	naplavnim	_	_	_	DEFINED\_AS[37]|HAS\_LOCATION[38]	_	
2-121	841-850	ravnicama	_	_	_	DEFINED\_AS[37]|HAS\_LOCATION[38]	_	
2-122	851-852	i	_	_	_	DEFINED\_AS[37]	_	
2-123	853-864	korozijskim	_	_	_	DEFINED\_AS[37]|HAS\_LOCATION[39]	_	
2-124	865-874	zaravnima	_	_	_	DEFINED\_AS[37]|HAS\_LOCATION[39]	_	
2-125	875-876	(	_	_	_	_	_	
2-126	876-877	v	_	_	_	_	_	
2-127	877-878	.	_	_	_	_	_	
2-128	878-879	)	_	_	_	_	_	
2-129	879-880	.	_	_	_	_	_	

#Text=iluvij – termin obuhvaća naslage koje su nanijete i nataložene u krškim šupljinama.
3-1	882-888	iluvij	_	D.1 Abiotic	DEFINIENDUM	_	_	
3-2	889-890	–	_	_	_	_	_	
3-3	891-897	termin	_	_	_	_	_	
3-4	898-906	obuhvaća	_	_	_	_	_	
3-5	907-914	naslage	_	D.1 Abiotic	GENUS	_	_	
3-6	915-919	koje	_	_	_	_	_	
3-7	920-922	su	_	_	_	_	_	
3-8	923-931	nanijete	_	_	_	HAS\_FORM[40]	_	
3-9	932-933	i	_	_	_	HAS\_FORM[40]	_	
3-10	934-944	nataložene	_	_	_	HAS\_FORM[40]	_	
3-11	945-946	u	_	_	_	HAS\_LOCATION[41]	frame\_LOCATION	
3-12	947-953	krškim	_	A.1 Surface landform[5]	_	HAS\_LOCATION[41]	_	
3-13	954-964	šupljinama	_	A.1 Surface landform[5]	_	HAS\_LOCATION[41]	_	
3-14	964-965	.	_	_	_	_	_	

#Text=incizija – korozijsko usijecanje u karbonatnim stijenama ispod tla (subkutana korozija, v.) ili naplavnog pokrova (pokriveni krš, v.). Zbog nejednakih osobina pokrova i koncentracije vlage u njemu, te razlika u stjenovitoj podlozi, dolazi do različitog iznosa incizije i stvaranja neravnina u reljefu podloge. Može se i cijeli ovlaživani pokrov incizijski usijecati u podlogu i tako dolazi do reljefnih razlika prema okolici.
4-1	967-975	incizija	_	B.4 Transformation	DEFINIENDUM	_	_	
4-2	976-977	–	_	_	_	_	_	
4-3	978-988	korozijsko	_	_	_	DEFINED\_AS[42]	_	
4-4	989-999	usijecanje	_	_	_	DEFINED\_AS[42]	_	
4-5	1000-1001	u	_	_	_	HAS\_LOCATION[43]	_	
4-6	1002-1013	karbonatnim	_	_	_	HAS\_LOCATION[43]	_	
4-7	1014-1023	stijenama	_	_	_	HAS\_LOCATION[43]	_	
4-8	1024-1029	ispod	_	_	_	HAS\_LOCATION[43]	_	
4-9	1030-1033	tla	_	_	_	HAS\_LOCATION[43]	_	
4-10	1034-1035	(	_	_	_	_	_	
4-11	1035-1044	subkutana	_	_	_	_	_	
4-12	1045-1053	korozija	_	_	_	_	_	
4-13	1053-1054	,	_	_	_	_	_	
4-14	1055-1056	v	_	_	_	_	_	
4-15	1056-1057	.	_	_	_	_	_	
4-16	1057-1058	)	_	_	_	_	_	
4-17	1059-1062	ili	_	_	_	_	_	
4-18	1063-1072	naplavnog	_	_	_	HAS\_LOCATION[44]	_	
4-19	1073-1080	pokrova	_	_	_	HAS\_LOCATION[44]	_	
4-20	1081-1082	(	_	_	_	_	_	
4-21	1082-1091	pokriveni	_	_	_	_	_	
4-22	1092-1095	krš	_	_	_	_	_	
4-23	1095-1096	,	_	_	_	_	_	
4-24	1097-1098	v	_	_	_	_	_	
4-25	1098-1099	.	_	_	_	_	_	
4-26	1099-1100	)	_	_	_	_	_	
4-27	1100-1101	.	_	_	_	_	_	
4-28	1102-1106	Zbog	_	_	_	_	_	
4-29	1107-1117	nejednakih	_	_	_	_	_	
4-30	1118-1125	osobina	_	_	_	_	_	
4-31	1126-1133	pokrova	_	_	_	_	_	
4-32	1134-1135	i	_	_	_	_	_	
4-33	1136-1149	koncentracije	_	_	_	_	_	
4-34	1150-1155	vlage	_	_	_	_	_	
4-35	1156-1157	u	_	_	_	_	_	
4-36	1158-1163	njemu	_	_	_	_	_	
4-37	1163-1164	,	_	_	_	_	_	
4-38	1165-1167	te	_	_	_	_	_	
4-39	1168-1175	razlika	_	_	_	_	_	
4-40	1176-1177	u	_	_	_	_	_	
4-41	1178-1189	stjenovitoj	_	_	_	_	_	
4-42	1190-1197	podlozi	_	_	_	_	_	
4-43	1197-1198	,	_	_	_	_	_	
4-44	1199-1205	dolazi	_	_	_	_	_	
4-45	1206-1208	do	_	_	_	_	_	
4-46	1209-1219	različitog	_	_	_	_	_	
4-47	1220-1226	iznosa	_	_	_	_	_	
4-48	1227-1235	incizije	_	_	_	_	_	
4-49	1236-1237	i	_	_	_	_	_	
4-50	1238-1247	stvaranja	_	_	_	HAS\_RESULT[45]	_	
4-51	1248-1257	neravnina	_	_	_	HAS\_RESULT[45]	_	
4-52	1258-1259	u	_	_	_	HAS\_RESULT[45]	_	
4-53	1260-1267	reljefu	_	_	_	HAS\_RESULT[45]	_	
4-54	1268-1275	podloge	_	_	_	HAS\_RESULT[45]	_	
4-55	1275-1276	.	_	_	_	_	_	
4-56	1277-1281	Može	_	_	_	_	_	
4-57	1282-1284	se	_	_	_	_	_	
4-58	1285-1286	i	_	_	_	_	_	
4-59	1287-1293	cijeli	_	_	_	_	_	
4-60	1294-1304	ovlaživani	_	_	_	_	_	
4-61	1305-1311	pokrov	_	_	_	_	_	
4-62	1312-1322	incizijski	_	_	_	_	_	
4-63	1323-1332	usijecati	_	_	_	_	_	
4-64	1333-1334	u	_	_	_	_	_	
4-65	1335-1342	podlogu	_	_	_	_	_	
4-66	1343-1344	i	_	_	_	_	_	
4-67	1345-1349	tako	_	_	_	_	_	
4-68	1350-1356	dolazi	_	_	_	_	_	
4-69	1357-1359	do	_	_	_	_	_	
4-70	1360-1369	reljefnih	_	_	_	HAS\_RESULT[46]	_	
4-71	1370-1377	razlika	_	_	_	HAS\_RESULT[46]	_	
4-72	1378-1383	prema	_	_	_	HAS\_RESULT[46]	_	
4-73	1384-1391	okolici	_	_	_	HAS\_RESULT[46]	_	
4-74	1391-1392	.	_	_	_	_	_	

#Text=inkrustacija – izlučivanje sedrenih i sigastih kora na stijenama, oko biljnih dijelova i drugih predmeta (v. se drene i sigaste tvorevine).
5-1	1394-1406	inkrustacija	_	B.4 Transformation	DEFINIENDUM	_	_	
5-2	1407-1408	–	_	_	_	_	_	
5-3	1409-1420	izlučivanje	_	B.4 Transformation	_	DEFINED\_AS[47]	_	
5-4	1421-1429	sedrenih	sedrene kore	_	_	DEFINED\_AS[47]	_	
5-5	1430-1431	i	_	_	_	DEFINED\_AS[47]	_	
5-6	1432-1440	sigastih	_	_	_	DEFINED\_AS[47]	_	
5-7	1441-1445	kora	_	_	_	DEFINED\_AS[47]	_	
5-8	1446-1448	na	_	_	_	HAS\_LOCATION[48]	_	
5-9	1449-1458	stijenama	_	_	_	HAS\_LOCATION[48]	_	
5-10	1458-1459	,	_	_	_	HAS\_LOCATION[48]	_	
5-11	1460-1463	oko	_	_	_	HAS\_LOCATION[48]	_	
5-12	1464-1471	biljnih	_	_	_	HAS\_LOCATION[48]	_	
5-13	1472-1480	dijelova	_	_	_	HAS\_LOCATION[48]	_	
5-14	1481-1482	i	_	_	_	HAS\_LOCATION[48]	_	
5-15	1483-1489	drugih	_	_	_	HAS\_LOCATION[48]	_	
5-16	1490-1498	predmeta	_	_	_	HAS\_LOCATION[48]	_	
5-17	1499-1500	(	_	_	_	_	_	
5-18	1500-1501	v	_	_	_	_	_	
5-19	1501-1502	.	_	_	_	_	_	
5-20	1503-1505	se	_	_	_	_	_	
5-21	1506-1511	drene	_	_	_	_	_	
5-22	1512-1513	i	_	_	_	_	_	
5-23	1514-1521	sigaste	_	_	_	_	_	
5-24	1522-1531	tvorevine	_	_	_	_	_	
5-25	1531-1532	)	_	_	_	_	_	
5-26	1532-1533	.	_	_	_	_	_	

#Text=inkrustirajuće vrelo – iz vrela, posebno toplih, bogatih kalcijevim bi karbonatom [(Ca(HC03)2] izdvaja se, pri izviranju i prozračivanju, kalcijev karbonat (CaC03) i inkrustira oko uronjenih predmeta, npr. u Karlovim Varima, ČSSR.
6-1	1535-1549	inkrustirajuće	_	A.3 Hydrological form[6]	DEFINIENDUM[18]	_	_	
6-2	1550-1555	vrelo	_	A.3 Hydrological form[6]	DEFINIENDUM[18]	_	_	
6-3	1556-1557	–	_	_	_	_	_	
6-4	1558-1560	iz	_	_	_	_	_	
6-5	1561-1566	vrela	_	A.3 Hydrological form	GENUS	_	_	
6-6	1566-1567	,	_	_	_	_	_	
6-7	1568-1575	posebno	_	_	_	_	_	
6-8	1576-1582	toplih	_	_	_	HAS\_ATTRIBUTE[49]	_	
6-9	1582-1583	,	_	_	_	HAS\_ATTRIBUTE[49]	_	
6-10	1584-1591	bogatih	_	_	_	HAS\_ATTRIBUTE[49]	_	
6-11	1592-1602	kalcijevim	kalcijev bikarbonat[1]	_	_	HAS\_ATTRIBUTE[49]	_	
6-12	1603-1605	bi	kalcijev bikarbonat[1]	_	_	HAS\_ATTRIBUTE[49]	_	
6-13	1606-1616	karbonatom	kalcijev bikarbonat[1]	_	_	HAS\_ATTRIBUTE[49]	_	
6-14	1617-1618	[	_	_	_	HAS\_ATTRIBUTE[49]	_	
6-15	1618-1619	(	_	_	_	HAS\_ATTRIBUTE[49]	_	
6-16	1619-1621	Ca	_	_	_	HAS\_ATTRIBUTE[49]	_	
6-17	1621-1622	(	_	_	_	HAS\_ATTRIBUTE[49]	_	
6-18	1622-1626	HC03	_	_	_	HAS\_ATTRIBUTE[49]	_	
6-19	1626-1627	)	_	_	_	HAS\_ATTRIBUTE[49]	_	
6-20	1627-1628	2	_	_	_	HAS\_ATTRIBUTE[49]	_	
6-21	1628-1629	]	_	_	_	HAS\_ATTRIBUTE[49]	_	
6-22	1630-1637	izdvaja	_	_	_	HAS\_RESULT[50]	_	
6-23	1638-1640	se	_	_	_	HAS\_RESULT[50]	_	
6-24	1640-1641	,	_	_	_	HAS\_RESULT[50]	_	
6-25	1642-1645	pri	_	_	_	HAS\_RESULT[50]	_	
6-26	1646-1655	izviranju	_	_	_	HAS\_RESULT[50]	_	
6-27	1656-1657	i	_	_	_	HAS\_RESULT[50]	_	
6-28	1658-1671	prozračivanju	_	_	_	HAS\_RESULT[50]	_	
6-29	1671-1672	,	_	_	_	HAS\_RESULT[50]	_	
6-30	1673-1681	kalcijev	_	_	_	HAS\_RESULT[50]	_	
6-31	1682-1690	karbonat	_	_	_	HAS\_RESULT[50]	_	
6-32	1691-1692	(	_	_	_	HAS\_RESULT[50]	_	
6-33	1692-1697	CaC03	_	_	_	HAS\_RESULT[50]	_	
6-34	1697-1698	)	_	_	_	HAS\_RESULT[50]	_	
6-35	1699-1700	i	_	_	_	HAS\_RESULT[50]	_	
6-36	1701-1711	inkrustira	_	_	_	HAS\_RESULT[50]	_	
6-37	1712-1715	oko	_	_	_	HAS\_RESULT[50]	_	
6-38	1716-1725	uronjenih	_	_	_	HAS\_RESULT[50]	_	
6-39	1726-1734	predmeta	_	_	_	HAS\_RESULT[50]	_	
6-40	1734-1735	,	_	_	_	_	_	
6-41	1736-1739	npr	_	_	_	_	_	
6-42	1739-1740	.	_	_	_	_	_	
6-43	1741-1742	u	_	_	_	HAS\_POSITION[51]	_	
6-44	1743-1751	Karlovim	_	D.3.1 Geolocation[7]	_	HAS\_POSITION[51]	_	
6-45	1752-1758	Varima	_	D.3.1 Geolocation[7]	_	HAS\_POSITION[51]	_	
6-46	1758-1759	,	_	D.3.1 Geolocation[7]	_	HAS\_POSITION[51]	_	
6-47	1760-1764	ČSSR	_	D.3.1 Geolocation[7]	_	HAS\_POSITION[51]	_	
6-48	1764-1765	.	_	_	_	_	_	

#Text=intermitentno vrelo – vrelo koje istječe u vremenskim razmacima; J. Poljak je upotrijebio i termin “vrelo na preskoke”. Pojava se objašnjava postojanjem podzemne šupljine koja se puni vodom i potom tlačno prazni kroz sisteme sifona.
7-1	1767-1780	intermitentno	_	A.3 Hydrological form[8]	DEFINIENDUM[19]	_	_	
7-2	1781-1786	vrelo	_	A.3 Hydrological form[8]	DEFINIENDUM[19]	_	_	
7-3	1787-1788	–	_	_	_	_	_	
7-4	1789-1794	vrelo	_	A.3 Hydrological form	GENUS	_	_	
7-5	1795-1799	koje	_	_	_	_	_	
7-6	1800-1807	istječe	_	_	_	HAS\_ATTRIBUTE[52]	_	
7-7	1808-1809	u	_	_	_	HAS\_ATTRIBUTE[52]	_	
7-8	1810-1820	vremenskim	_	_	_	HAS\_ATTRIBUTE[52]	_	
7-9	1821-1830	razmacima	_	_	_	HAS\_ATTRIBUTE[52]	_	
7-10	1830-1831	;	_	_	_	_	_	
7-11	1832-1833	J	_	_	_	_	_	
7-12	1833-1834	.	_	_	_	_	_	
7-13	1835-1841	Poljak	_	_	_	_	_	
7-14	1842-1844	je	_	_	_	_	_	
7-15	1845-1856	upotrijebio	_	_	_	_	_	
7-16	1857-1858	i	_	_	_	_	_	
7-17	1859-1865	termin	_	_	_	_	_	
7-18	1866-1867	“	_	_	_	_	_	
7-19	1867-1872	vrelo	_	A.3 Hydrological form[9]	DEFINIENDUM[20]	_	_	
7-20	1873-1875	na	_	A.3 Hydrological form[9]	DEFINIENDUM[20]	_	_	
7-21	1876-1884	preskoke	_	A.3 Hydrological form[9]	DEFINIENDUM[20]	_	_	
7-22	1884-1885	”	_	_	_	_	_	
7-23	1885-1886	.	_	_	_	_	_	
7-24	1887-1893	Pojava	_	_	_	_	_	
7-25	1894-1896	se	_	_	_	_	_	
7-26	1897-1907	objašnjava	_	_	_	_	_	
7-27	1908-1919	postojanjem	_	_	_	HAS\_CAUSE[53]	_	
7-28	1920-1928	podzemne	_	A.2 Underground landform[10]	_	HAS\_CAUSE[53]	_	
7-29	1929-1937	šupljine	_	A.2 Underground landform[10]	_	HAS\_CAUSE[53]	_	
7-30	1938-1942	koja	_	_	_	HAS\_CAUSE[53]	_	
7-31	1943-1945	se	_	_	_	HAS\_CAUSE[53]	_	
7-32	1946-1950	puni	_	_	_	HAS\_CAUSE[53]	_	
7-33	1951-1956	vodom	_	_	_	HAS\_CAUSE[53]	_	
7-34	1957-1958	i	_	_	_	HAS\_CAUSE[53]	_	
7-35	1959-1964	potom	_	_	_	HAS\_CAUSE[53]	_	
7-36	1965-1971	tlačno	_	_	_	HAS\_CAUSE[53]	_	
7-37	1972-1978	prazni	_	_	_	HAS\_CAUSE[53]	_	
7-38	1979-1983	kroz	_	_	_	HAS\_CAUSE[53]	_	
7-39	1984-1991	sisteme	_	A.2 Underground landform[11]	_	HAS\_CAUSE[53]	_	
7-40	1992-1998	sifona	_	A.2 Underground landform[11]	_	HAS\_CAUSE[53]	_	
7-41	1998-1999	.	_	_	_	_	_	

#Text=injekcijska zavjesa – nepropustan pojas koji se postiže tlačnim utiskivanjem različitih smjesa i tako ispune podzemne krške šupljine (v. hidrološka sanacija).
8-1	2001-2012	injekcijska	_	A.2 Underground landform[12]	DEFINIENDUM[21]	_	_	
8-2	2013-2020	zavjesa	_	A.2 Underground landform[12]	DEFINIENDUM[21]	_	_	
8-3	2021-2022	–	_	_	_	_	_	
8-4	2023-2034	nepropustan	_	_	_	DEFINED\_AS[54]	_	
8-5	2035-2040	pojas	_	_	_	DEFINED\_AS[54]	_	
8-6	2041-2045	koji	_	_	_	_	_	
8-7	2046-2048	se	_	_	_	_	_	
8-8	2049-2056	postiže	_	_	_	_	_	
8-9	2057-2064	tlačnim	_	_	_	HAS\_CAUSE[55]	_	
8-10	2065-2077	utiskivanjem	_	_	_	HAS\_CAUSE[55]	_	
8-11	2078-2088	različitih	_	_	_	HAS\_CAUSE[55]	_	
8-12	2089-2095	smjesa	_	_	_	HAS\_CAUSE[55]	_	
8-13	2096-2097	i	_	_	_	HAS\_CAUSE[55]	_	
8-14	2098-2102	tako	_	_	_	HAS\_CAUSE[55]	_	
8-15	2103-2109	ispune	_	_	_	HAS\_CAUSE[55]	_	
8-16	2110-2118	podzemne	_	_	_	HAS\_CAUSE[55]	_	
8-17	2119-2124	krške	_	_	_	HAS\_CAUSE[55]	_	
8-18	2125-2133	šupljine	_	_	_	HAS\_CAUSE[55]	_	
8-19	2134-2135	(	_	_	_	_	_	
8-20	2135-2136	v	_	_	_	_	_	
8-21	2136-2137	.	_	_	_	_	_	
8-22	2138-2148	hidrološka	_	_	_	_	_	
8-23	2149-2157	sanacija	_	_	_	_	_	
8-24	2157-2158	)	_	_	_	_	_	
8-25	2158-2159	.	_	_	_	_	_	

#Text=jama – najimpresivnija udubina u kršu. Sastoji se od kanala razvijenog u okomitom smjeru i povezanog s drugim podzemnim šupljinama, te najčešće čini složeni sustav. Zajednička je osobina jama da im se ne vidi dno, zbog toga ulijevaju strah; narod ih izbjegava i dao im je redovito sadržajne nazive i povezao s legendama. J. su karakterističan oblik dubokog krša (v.) naših primorskih planina; na Velebitu se čuje i naziv “điot”. Otvor ili “ždrijelo” ima promjer i preko 10 m, a istražene su jame do 1000 m dubine; u Dinarskom kršu do 500 m. (Speleolozi su se 1993. godine u Lukinoj jami na Velebitu spustili do 1392 m dubine. – op. ur.) Ističući dubinu, čuju se narodni nazivi “bezdan” (otuda sl. brezno), “bezdanka”, “jama bezdanica” i “bezdenjača”, a to se dokazuje time što se ne čuje da je ubačen kamen pao na dno, već se izgubi šum u padu. Vodne jame su one u kojima je utvrđena prisutnost vode; jame su većinom suhe.
9-1	2161-2165	jama	_	A.2 Underground landform	DEFINIENDUM	_	_	
9-2	2166-2167	–	_	_	_	_	_	
9-3	2168-2183	najimpresivnija	_	_	_	_	_	
9-4	2184-2191	udubina	_	A.2 Underground landform[13]	GENUS[22]	_	_	
9-5	2192-2193	u	_	A.2 Underground landform[13]	GENUS[22]	HAS\_LOCATION[56]	_	
9-6	2194-2198	kršu	_	A.2 Underground landform[13]	GENUS[22]	HAS\_LOCATION[56]	_	
9-7	2198-2199	.	_	_	_	_	_	
9-8	2200-2207	Sastoji	_	_	_	CONTAINS[57]	_	
9-9	2208-2210	se	_	_	_	CONTAINS[57]	_	
9-10	2211-2213	od	_	_	_	CONTAINS[57]	_	
9-11	2214-2220	kanala	_	_	_	CONTAINS[57]	_	
9-12	2221-2231	razvijenog	_	_	_	CONTAINS[57]	_	
9-13	2232-2233	u	_	_	_	CONTAINS[57]	_	
9-14	2234-2242	okomitom	_	_	_	CONTAINS[57]	_	
9-15	2243-2249	smjeru	_	_	_	CONTAINS[57]	_	
9-16	2250-2251	i	_	_	_	CONTAINS[57]	_	
9-17	2252-2261	povezanog	_	_	_	CONTAINS[57]	_	
9-18	2262-2263	s	_	_	_	CONTAINS[57]	_	
9-19	2264-2270	drugim	_	_	_	CONTAINS[57]	_	
9-20	2271-2280	podzemnim	_	_	_	CONTAINS[57]	_	
9-21	2281-2291	šupljinama	_	_	_	CONTAINS[57]	_	
9-22	2291-2292	,	_	_	_	_	_	
9-23	2293-2295	te	_	_	_	_	_	
9-24	2296-2304	najčešće	_	_	_	_	_	
9-25	2305-2309	čini	_	_	_	_	_	
9-26	2310-2317	složeni	_	_	_	_	_	
9-27	2318-2324	sustav	_	_	_	_	_	
9-28	2324-2325	.	_	_	_	_	_	
9-29	2326-2336	Zajednička	_	_	_	_	_	
9-30	2337-2339	je	_	_	_	_	_	
9-31	2340-2347	osobina	_	_	_	_	_	
9-32	2348-2352	jama	_	_	_	_	_	
9-33	2353-2355	da	_	_	_	_	_	
9-34	2356-2358	im	_	_	_	_	_	
9-35	2359-2361	se	_	_	_	_	_	
9-36	2362-2364	ne	_	_	_	_	_	
9-37	2365-2369	vidi	_	_	_	_	_	
9-38	2370-2373	dno	_	_	_	_	_	
9-39	2373-2374	,	_	_	_	_	_	
9-40	2375-2379	zbog	_	_	_	_	_	
9-41	2380-2384	toga	_	_	_	_	_	
9-42	2385-2394	ulijevaju	_	_	_	_	_	
9-43	2395-2400	strah	_	_	_	_	_	
9-44	2400-2401	;	_	_	_	_	_	
9-45	2402-2407	narod	_	_	_	_	_	
9-46	2408-2410	ih	_	_	_	_	_	
9-47	2411-2420	izbjegava	_	_	_	_	_	
9-48	2421-2422	i	_	_	_	_	_	
9-49	2423-2426	dao	_	_	_	_	_	
9-50	2427-2429	im	_	_	_	_	_	
9-51	2430-2432	je	_	_	_	_	_	
9-52	2433-2441	redovito	_	_	_	_	_	
9-53	2442-2451	sadržajne	_	_	_	_	_	
9-54	2452-2458	nazive	_	_	_	_	_	
9-55	2459-2460	i	_	_	_	_	_	
9-56	2461-2468	povezao	_	_	_	_	_	
9-57	2469-2470	s	_	_	_	_	_	
9-58	2471-2480	legendama	_	_	_	_	_	
9-59	2480-2481	.	_	_	_	_	_	
9-60	2482-2483	J	_	_	_	_	_	
9-61	2483-2484	.	_	_	_	_	_	
9-62	2485-2487	su	_	_	_	_	_	
9-63	2488-2503	karakterističan	_	_	_	_	_	
9-64	2504-2509	oblik	_	_	_	_	_	
9-65	2510-2517	dubokog	_	_	_	_	_	
9-66	2518-2522	krša	_	_	_	_	_	
9-67	2523-2524	(	_	_	_	_	_	
9-68	2524-2525	v	_	_	_	_	_	
9-69	2525-2526	.	_	_	_	_	_	
9-70	2526-2527	)	_	_	_	_	_	
9-71	2528-2533	naših	_	_	_	_	_	
9-72	2534-2544	primorskih	_	_	_	_	_	
9-73	2545-2552	planina	_	_	_	_	_	
9-74	2552-2553	;	_	_	_	_	_	
9-75	2554-2556	na	_	_	_	HAS\_POSITION[58]	_	
9-76	2557-2565	Velebitu	_	_	_	HAS\_POSITION[58]	_	
9-77	2566-2568	se	_	_	_	_	_	
9-78	2569-2573	čuje	_	_	_	_	_	
9-79	2574-2575	i	_	_	_	_	_	
9-80	2576-2581	naziv	_	_	_	_	_	
9-81	2582-2583	“	_	_	_	_	_	
9-82	2583-2587	điot	_	A.2 Underground landform	DEFINIENDUM	_	_	
9-83	2587-2588	”	_	_	_	_	_	
9-84	2588-2589	.	_	_	_	_	_	
9-85	2590-2595	Otvor	_	_	_	_	_	
9-86	2596-2599	ili	_	_	_	_	_	
9-87	2600-2601	“	_	_	_	_	_	
9-88	2601-2609	ždrijelo	_	_	_	_	_	
9-89	2609-2610	”	_	_	_	_	_	
9-90	2611-2614	ima	_	_	_	_	_	
9-91	2615-2622	promjer	_	_	_	_	_	
9-92	2623-2624	i	_	_	_	_	_	
9-93	2625-2630	preko	_	_	_	_	_	
9-94	2631-2633	10	_	_	_	_	_	
9-95	2634-2635	m	_	_	_	_	_	
9-96	2635-2636	,	_	_	_	_	_	
9-97	2637-2638	a	_	_	_	_	_	
9-98	2639-2648	istražene	_	_	_	_	_	
9-99	2649-2651	su	_	_	_	_	_	
9-100	2652-2656	jame	_	_	_	_	_	
9-101	2657-2659	do	_	_	_	_	_	
9-102	2660-2664	1000	_	_	_	_	_	
9-103	2665-2666	m	_	_	_	_	_	
9-104	2667-2673	dubine	_	_	_	_	_	
9-105	2673-2674	;	_	_	_	_	_	
9-106	2675-2676	u	_	_	_	HAS\_POSITION[59]	_	
9-107	2677-2686	Dinarskom	_	_	_	HAS\_POSITION[59]	_	
9-108	2687-2691	kršu	_	_	_	HAS\_POSITION[59]	_	
9-109	2692-2694	do	_	_	_	HAS\_SIZE[60]	_	
9-110	2695-2698	500	_	_	_	HAS\_SIZE[60]	_	
9-111	2699-2700	m	_	_	_	HAS\_SIZE[60]	_	
9-112	2700-2701	.	_	_	_	_	_	
9-113	2702-2703	(	_	_	_	_	_	
9-114	2703-2713	Speleolozi	_	_	_	_	_	
9-115	2714-2716	su	_	_	_	_	_	
9-116	2717-2719	se	_	_	_	_	_	
9-117	2720-2724	1993	_	_	_	_	_	
9-118	2724-2725	.	_	_	_	_	_	
9-119	2726-2732	godine	_	_	_	_	_	
9-120	2733-2734	u	_	_	_	_	_	
9-121	2735-2742	Lukinoj	Lukina jama[2]	D.3.1 Geolocation[14]	_	_	_	
9-122	2743-2747	jami	Lukina jama[2]	D.3.1 Geolocation[14]	_	_	_	
9-123	2748-2750	na	_	_	_	_	_	
9-124	2751-2759	Velebitu	_	_	_	_	_	
9-125	2760-2768	spustili	_	_	_	_	_	
9-126	2769-2771	do	_	_	_	_	_	
9-127	2772-2776	1392	_	_	_	_	_	
9-128	2777-2778	m	_	_	_	_	_	
9-129	2779-2785	dubine	_	_	_	_	_	
9-130	2785-2786	.	_	_	_	_	_	
9-131	2787-2788	–	_	_	_	_	_	
9-132	2789-2791	op	_	_	_	_	_	
9-133	2791-2792	.	_	_	_	_	_	
9-134	2793-2795	ur	_	_	_	_	_	
9-135	2795-2796	.	_	_	_	_	_	
9-136	2796-2797	)	_	_	_	_	_	
9-137	2798-2806	Ističući	_	_	_	_	_	
9-138	2807-2813	dubinu	_	_	_	_	_	
9-139	2813-2814	,	_	_	_	_	_	
9-140	2815-2819	čuju	_	_	_	_	_	
9-141	2820-2822	se	_	_	_	_	_	
9-142	2823-2830	narodni	_	_	_	_	_	
9-143	2831-2837	nazivi	_	_	_	_	_	
9-144	2838-2839	“	_	_	_	_	_	
9-145	2839-2845	bezdan	_	A.2 Underground landform	SPECIES	_	_	
9-146	2845-2846	”	_	_	_	_	_	
9-147	2847-2848	(	_	_	_	_	_	
9-148	2848-2853	otuda	_	_	_	_	_	
9-149	2854-2856	sl	_	_	_	_	_	
9-150	2856-2857	.	_	_	_	_	_	
9-151	2858-2864	brezno	_	_	_	_	_	
9-152	2864-2865	)	_	_	_	_	_	
9-153	2865-2866	,	_	_	_	_	_	
9-154	2867-2868	“	_	_	_	_	_	
9-155	2868-2876	bezdanka	_	_	SPECIES	_	_	
9-156	2876-2877	”	_	_	_	_	_	
9-157	2877-2878	,	_	_	_	_	_	
9-158	2879-2880	“	_	_	_	_	_	
9-159	2880-2884	jama	_	_	SPECIES[23]	_	_	
9-160	2885-2894	bezdanica	_	_	SPECIES[23]	_	_	
9-161	2894-2895	”	_	_	_	_	_	
9-162	2896-2897	i	_	_	_	_	_	
9-163	2898-2899	“	_	_	_	_	_	
9-164	2899-2909	bezdenjača	_	_	SPECIES	_	_	
9-165	2909-2910	”	_	_	_	_	_	
9-166	2910-2911	,	_	_	_	_	_	
9-167	2912-2913	a	_	_	_	_	_	
9-168	2914-2916	to	_	_	_	_	_	
9-169	2917-2919	se	_	_	_	_	_	
9-170	2920-2928	dokazuje	_	_	_	_	_	
9-171	2929-2933	time	_	_	_	_	_	
9-172	2934-2937	što	_	_	_	_	_	
9-173	2938-2940	se	_	_	_	_	_	
9-174	2941-2943	ne	_	_	_	_	_	
9-175	2944-2948	čuje	_	_	_	_	_	
9-176	2949-2951	da	_	_	_	_	_	
9-177	2952-2954	je	_	_	_	_	_	
9-178	2955-2961	ubačen	_	_	_	_	_	
9-179	2962-2967	kamen	_	_	_	_	_	
9-180	2968-2971	pao	_	_	_	_	_	
9-181	2972-2974	na	_	_	_	_	_	
9-182	2975-2978	dno	_	_	_	_	_	
9-183	2978-2979	,	_	_	_	_	_	
9-184	2980-2983	već	_	_	_	_	_	
9-185	2984-2986	se	_	_	_	_	_	
9-186	2987-2993	izgubi	_	_	_	_	_	
9-187	2994-2997	šum	_	_	_	_	_	
9-188	2998-2999	u	_	_	_	_	_	
9-189	3000-3004	padu	_	_	_	_	_	
9-190	3004-3005	.	_	_	_	_	_	
9-191	3006-3011	Vodne	_	_	SPECIES[24]	_	_	
9-192	3012-3016	jame	_	_	SPECIES[24]	_	_	
9-193	3017-3019	su	_	_	_	_	_	
9-194	3020-3023	one	_	_	_	_	_	
9-195	3024-3025	u	_	_	_	_	_	
9-196	3026-3032	kojima	_	_	_	_	_	
9-197	3033-3035	je	_	_	_	_	_	
9-198	3036-3044	utvrđena	_	_	_	_	_	
9-199	3045-3055	prisutnost	_	_	_	_	_	
9-200	3056-3060	vode	_	_	_	_	_	
9-201	3060-3061	;	_	_	_	_	_	
9-202	3062-3066	jame	_	_	_	_	_	
9-203	3067-3069	su	_	_	_	_	_	
9-204	3070-3077	većinom	_	_	_	_	_	
9-205	3078-3082	suhe	_	_	_	_	_	
9-206	3082-3083	.	_	_	_	_	_	

#Text=japaga – jamoliko udubljenje kojemu se vidi dno, do kojega je teško doći jer su strane strme.
10-1	3085-3091	japaga	_	A.1 Surface landform	DEFINIENDUM	_	_	
10-2	3092-3093	–	_	_	_	_	_	
10-3	3094-3102	jamoliko	_	_	_	DEFINED\_AS[61]|HAS\_FORM[62]	_	
10-4	3103-3113	udubljenje	_	_	_	DEFINED\_AS[61]|HAS\_FORM[62]	_	
10-5	3114-3120	kojemu	_	_	_	DEFINED\_AS[61]	_	
10-6	3121-3123	se	_	_	_	DEFINED\_AS[61]	_	
10-7	3124-3128	vidi	_	_	_	DEFINED\_AS[61]	_	
10-8	3129-3132	dno	_	_	_	DEFINED\_AS[61]	_	
10-9	3132-3133	,	_	_	_	_	_	
10-10	3134-3136	do	_	_	_	_	_	
10-11	3137-3143	kojega	_	_	_	_	_	
10-12	3144-3146	je	_	_	_	_	_	
10-13	3147-3152	teško	_	_	_	_	_	
10-14	3153-3157	doći	_	_	_	_	_	
10-15	3158-3161	jer	_	_	_	_	_	
10-16	3162-3164	su	_	_	_	_	_	
10-17	3165-3171	strane	_	_	_	_	_	
10-18	3172-3177	strme	_	_	_	_	_	
10-19	3177-3178	.	_	_	_	_	_	

#Text=kalcifikacija – zamjena primarnih organskih tvari kalcijevim karbonatom, što vodi okamenjivanju.
11-1	3180-3193	kalcifikacija	_	B.4 Transformation	DEFINIENDUM	_	_	
11-2	3194-3195	–	_	_	_	_	_	
11-3	3196-3203	zamjena	_	_	_	DEFINED\_AS[63]	_	
11-4	3204-3213	primarnih	_	_	_	DEFINED\_AS[63]	_	
11-5	3214-3223	organskih	_	_	_	DEFINED\_AS[63]	_	
11-6	3224-3229	tvari	_	_	_	DEFINED\_AS[63]	_	
11-7	3230-3240	kalcijevim	_	_	_	DEFINED\_AS[63]	_	
11-8	3241-3251	karbonatom	_	_	_	DEFINED\_AS[63]	_	
11-9	3251-3252	,	_	_	_	_	_	
11-10	3253-3256	što	_	_	_	_	_	
11-11	3257-3261	vodi	_	_	_	HAS\_RESULT[64]	_	
11-12	3262-3275	okamenjivanju	_	_	_	HAS\_RESULT[64]	_	
11-13	3275-3276	.	_	_	_	_	_	

#Text=kalcij – element (Ca) koji sudjeluje u sastavu Zemljine kore s 3 – 4% i ulazi u sastav kalcita (v.), odnosno vapnenaca (v.), koji prekrivaju gotovo petinu površine kopna. K. je važan za plodnost tla, jer se javlja u spojevima koje biljke asimiliraju.
12-1	3278-3284	kalcij	_	_	DEFINIENDUM	_	_	
12-2	3285-3286	–	_	_	_	_	_	
12-3	3287-3294	element	_	D.1 Abiotic	GENUS	_	_	
12-4	3295-3296	(	_	_	_	_	_	
12-5	3296-3298	Ca	_	_	_	_	_	
12-6	3298-3299	)	_	_	_	_	_	
12-7	3300-3304	koji	_	_	_	_	_	
12-8	3305-3314	sudjeluje	_	_	_	HAS\_FUNCTION[65]	_	
12-9	3315-3316	u	_	_	_	HAS\_FUNCTION[65]	_	
12-10	3317-3324	sastavu	_	_	_	HAS\_FUNCTION[65]	_	
12-11	3325-3333	Zemljine	_	_	_	HAS\_FUNCTION[65]	_	
12-12	3334-3338	kore	_	_	_	HAS\_FUNCTION[65]	_	
12-13	3339-3340	s	_	_	_	HAS\_FUNCTION[65]	_	
12-14	3341-3342	3	_	_	_	HAS\_FUNCTION[65]	_	
12-15	3343-3344	–	_	_	_	HAS\_FUNCTION[65]	_	
12-16	3345-3347	4%	_	_	_	HAS\_FUNCTION[65]	_	
12-17	3348-3349	i	_	_	_	_	_	
12-18	3350-3355	ulazi	_	_	_	HAS\_FUNCTION[66]	_	
12-19	3356-3357	u	_	_	_	HAS\_FUNCTION[66]	_	
12-20	3358-3364	sastav	_	_	_	HAS\_FUNCTION[66]	_	
12-21	3365-3372	kalcita	_	_	_	HAS\_FUNCTION[66]	_	
12-22	3373-3374	(	_	_	_	HAS\_FUNCTION[66]	_	
12-23	3374-3375	v	_	_	_	HAS\_FUNCTION[66]	_	
12-24	3375-3376	.	_	_	_	HAS\_FUNCTION[66]	_	
12-25	3376-3377	)	_	_	_	HAS\_FUNCTION[66]	_	
12-26	3377-3378	,	_	_	_	HAS\_FUNCTION[66]	_	
12-27	3379-3386	odnosno	_	_	_	HAS\_FUNCTION[66]	_	
12-28	3387-3396	vapnenaca	_	_	_	HAS\_FUNCTION[66]	_	
12-29	3397-3398	(	_	_	_	HAS\_FUNCTION[66]	_	
12-30	3398-3399	v	_	_	_	HAS\_FUNCTION[66]	_	
12-31	3399-3400	.	_	_	_	HAS\_FUNCTION[66]	_	
12-32	3400-3401	)	_	_	_	HAS\_FUNCTION[66]	_	
12-33	3401-3402	,	_	_	_	_	_	
12-34	3403-3407	koji	_	_	_	_	_	
12-35	3408-3418	prekrivaju	_	_	_	_	_	
12-36	3419-3425	gotovo	_	_	_	_	_	
12-37	3426-3432	petinu	_	_	_	_	_	
12-38	3433-3441	površine	_	_	_	_	_	
12-39	3442-3447	kopna	_	_	_	_	_	
12-40	3447-3448	.	_	_	_	_	_	
12-41	3449-3450	K	_	_	_	_	_	
12-42	3450-3451	.	_	_	_	_	_	
12-43	3452-3454	je	_	_	_	_	_	
12-44	3455-3460	važan	_	_	_	_	_	
12-45	3461-3463	za	_	_	_	_	_	
12-46	3464-3472	plodnost	_	_	_	_	_	
12-47	3473-3476	tla	_	_	_	_	_	
12-48	3476-3477	,	_	_	_	_	_	
12-49	3478-3481	jer	_	_	_	_	_	
12-50	3482-3484	se	_	_	_	_	_	
12-51	3485-3491	javlja	_	_	_	_	_	
12-52	3492-3493	u	_	_	_	_	_	
12-53	3494-3503	spojevima	_	_	_	_	_	
12-54	3504-3508	koje	_	_	_	_	_	
12-55	3509-3515	biljke	_	_	_	_	_	
12-56	3516-3527	asimiliraju	_	_	_	_	_	
12-57	3527-3528	.	_	_	_	_	_	

#Text=kalcit – mineral kalcijevog karbonata (CaCO3), kristalizira se u heksagonskom sustavu, romboedrijskoj hemiedriji. Često se javlja u veoma lijepim kristalima koji ispunjavaju vapnenačke pukotine – “vrsta” (v:), gdje je izlučen iz otopine. Bezbojan je, ali može biti obojen drugim tvarima. Istog je sastava kao i aragonit (v.).
13-1	3530-3536	kalcit	_	D.1 Abiotic	DEFINIENDUM	_	_	
13-2	3537-3538	–	_	_	_	_	_	
13-3	3539-3546	mineral	_	_	GENUS[25]	_	_	
13-4	3547-3557	kalcijevog	_	_	GENUS[25]	_	_	
13-5	3558-3567	karbonata	_	_	GENUS[25]	_	_	
13-6	3568-3569	(	_	_	GENUS[25]	_	_	
13-7	3569-3574	CaCO3	_	_	GENUS[25]	_	_	
13-8	3574-3575	)	_	_	GENUS[25]	_	_	
13-9	3575-3576	,	_	_	_	_	_	
13-10	3577-3589	kristalizira	_	_	_	HAS\_ATTRIBUTE[67]	_	
13-11	3590-3592	se	_	_	_	HAS\_ATTRIBUTE[67]	_	
13-12	3593-3594	u	_	_	_	HAS\_ATTRIBUTE[67]	_	
13-13	3595-3607	heksagonskom	_	_	_	HAS\_ATTRIBUTE[67]	_	
13-14	3608-3615	sustavu	_	_	_	HAS\_ATTRIBUTE[67]	_	
13-15	3615-3616	,	_	_	_	HAS\_ATTRIBUTE[67]	_	
13-16	3617-3631	romboedrijskoj	_	_	_	HAS\_ATTRIBUTE[67]	_	
13-17	3632-3642	hemiedriji	_	_	_	HAS\_ATTRIBUTE[67]	_	
13-18	3642-3643	.	_	_	_	_	_	
13-19	3644-3649	Često	_	_	_	_	_	
13-20	3650-3652	se	_	_	_	_	_	
13-21	3653-3659	javlja	_	_	_	_	_	
13-22	3660-3661	u	_	_	_	_	_	
13-23	3662-3667	veoma	_	_	_	_	_	
13-24	3668-3675	lijepim	_	_	_	_	_	
13-25	3676-3686	kristalima	_	_	_	_	_	
13-26	3687-3691	koji	_	_	_	_	_	
13-27	3692-3703	ispunjavaju	_	_	_	_	_	
13-28	3704-3714	vapnenačke	_	_	_	_	_	
13-29	3715-3723	pukotine	_	_	_	_	_	
13-30	3724-3725	–	_	_	_	_	_	
13-31	3726-3727	“	_	_	_	_	_	
13-32	3727-3732	vrsta	_	_	_	_	_	
13-33	3732-3733	”	_	_	_	_	_	
13-34	3734-3735	(	_	_	_	_	_	
13-35	3735-3736	v	_	_	_	_	_	
13-36	3736-3737	:	_	_	_	_	_	
13-37	3737-3738	)	_	_	_	_	_	
13-38	3738-3739	,	_	_	_	_	_	
13-39	3740-3744	gdje	_	_	_	_	_	
13-40	3745-3747	je	_	_	_	_	_	
13-41	3748-3755	izlučen	_	_	_	_	_	
13-42	3756-3758	iz	_	_	_	_	_	
13-43	3759-3766	otopine	_	_	_	_	_	
13-44	3766-3767	.	_	_	_	_	_	
13-45	3768-3776	Bezbojan	_	_	_	HAS\_FORM[68]	_	
13-46	3777-3779	je	_	_	_	HAS\_FORM[68]	_	
13-47	3779-3780	,	_	_	_	HAS\_FORM[68]	_	
13-48	3781-3784	ali	_	_	_	HAS\_FORM[68]	_	
13-49	3785-3789	može	_	_	_	HAS\_FORM[68]	_	
13-50	3790-3794	biti	_	_	_	HAS\_FORM[68]	_	
13-51	3795-3801	obojen	_	_	_	HAS\_FORM[68]	_	
13-52	3802-3808	drugim	_	_	_	HAS\_FORM[68]	_	
13-53	3809-3816	tvarima	_	_	_	HAS\_FORM[68]	_	
13-54	3816-3817	.	_	_	_	_	_	
13-55	3818-3823	Istog	_	_	_	_	_	
13-56	3824-3826	je	_	_	_	_	_	
13-57	3827-3834	sastava	_	_	_	_	_	
13-58	3835-3838	kao	_	_	_	_	_	
13-59	3839-3840	i	_	_	_	_	_	
13-60	3841-3849	aragonit	_	_	_	_	_	
13-61	3850-3851	(	_	_	_	_	_	
13-62	3851-3852	v	_	_	_	_	_	
13-63	3852-3853	.	_	_	_	_	_	
13-64	3853-3854	)	_	_	_	_	_	
13-65	3854-3855	.	_	_	_	_	_	

#Text=kalcitni mjehurići – loptaste konkrecije nastale na rubu spiljskih jezera; promjera 2-3 cm. S unutrašnje strane su glatke, a izvana prekrivene sitnim kristalima.
14-1	3857-3865	kalcitni	_	D.1 Abiotic[15]	DEFINIENDUM[26]	_	_	
14-2	3866-3875	mjehurići	_	D.1 Abiotic[15]	DEFINIENDUM[26]	_	_	
14-3	3876-3877	–	_	_	_	_	_	
14-4	3878-3886	loptaste	_	_	_	DEFINED\_AS[69]	_	
14-5	3887-3897	konkrecije	_	_	_	DEFINED\_AS[69]	_	
14-6	3898-3905	nastale	_	_	_	_	_	
14-7	3906-3908	na	_	_	_	HAS\_LOCATION[70]	_	
14-8	3909-3913	rubu	_	_	_	HAS\_LOCATION[70]	_	
14-9	3914-3923	spiljskih	_	_	_	HAS\_LOCATION[70]	_	
14-10	3924-3930	jezera	_	_	_	HAS\_LOCATION[70]	_	
14-11	3930-3931	;	_	_	_	_	_	
14-12	3932-3940	promjera	_	_	_	HAS\_SIZE[71]	_	
14-13	3941-3942	2	_	_	_	HAS\_SIZE[71]	_	
14-14	3942-3943	-	_	_	_	HAS\_SIZE[71]	_	
14-15	3943-3944	3	_	_	_	HAS\_SIZE[71]	_	
14-16	3945-3947	cm	_	_	_	HAS\_SIZE[71]	_	
14-17	3947-3948	.	_	_	_	_	_	
14-18	3949-3950	S	_	_	_	_	_	
14-19	3951-3961	unutrašnje	_	_	_	_	_	
14-20	3962-3968	strane	_	_	_	_	_	
14-21	3969-3971	su	_	_	_	_	_	
14-22	3972-3978	glatke	_	_	_	_	_	
14-23	3978-3979	,	_	_	_	_	_	
14-24	3980-3981	a	_	_	_	_	_	
14-25	3982-3988	izvana	_	_	_	_	_	
14-26	3989-3999	prekrivene	_	_	_	_	_	
14-27	4000-4006	sitnim	_	_	_	_	_	
14-28	4007-4017	kristalima	_	_	_	_	_	
14-29	4017-4018	.	_	_	_	_	_	

#Text=kamenica – 1. korozijsko udubljenje u kompaktnim vapnencima, najčešće na ravnim i subhorizontalnim plohama. K. ide u grupu škrapa (v.) koje na engleskom (rock rills), francuskom (lapies) i njemačkom (Karren) jeziku u prijevodu znače “kamenice”. Posebnost je k. da je sa strane zatvorena udubina, te se u njoj zadržava padalinska voda. Redovito je male dubine, ali promjer može biti i do 2 m; široku, ali plitku k. nazivaju plitvina. Jačom korozijom – pod mahovinom, lišajem ili nakup ljenim lišćem – nastaje na kompaktnoj stijeni udubina, koja postaje biotop, u kojemu se okuplja, živi i trune specifična vegetacija. U kamenici se stvara pokrov humusa, koji svakim vlaženjem aktivira biokorozijski proces, uvjetuje zaravnjenost dna i okuplja otapanje duž rubova (v. korozija rubna). Rubna korozija potkopava strane i širi kamenicu; širenje ovisi o kompaktnosti i dimenzijama vapnenačkog bloka. Kad rubno širenje dopre do pukotine ili površine stijene, kamenica se otvori i prestaje njen razvoj; ostaje ravno dno,
15-1	4020-4028	kamenica	_	A.1 Surface landform	DEFINIENDUM	_	_	
15-2	4029-4030	–	_	_	_	_	_	
15-3	4031-4032	1	_	_	_	_	_	
15-4	4032-4033	.	_	_	_	_	_	
15-5	4034-4044	korozijsko	_	_	GENUS[27]	_	_	
15-6	4045-4055	udubljenje	_	_	GENUS[27]	_	_	
15-7	4056-4057	u	_	_	_	HAS\_LOCATION[72]	_	
15-8	4058-4068	kompaktnim	_	D.1 Abiotic[16]	_	HAS\_LOCATION[72]	_	
15-9	4069-4079	vapnencima	_	D.1 Abiotic[16]	_	HAS\_LOCATION[72]	_	
15-10	4079-4080	,	_	_	_	_	_	
15-11	4081-4089	najčešće	_	_	_	_	_	
15-12	4090-4092	na	_	_	_	HAS\_LOCATION[73]	_	
15-13	4093-4099	ravnim	_	_	_	HAS\_LOCATION[73]	_	
15-14	4100-4101	i	_	_	_	HAS\_LOCATION[73]	_	
15-15	4102-4118	subhorizontalnim	_	_	_	HAS\_LOCATION[73]	_	
15-16	4119-4126	plohama	_	_	_	HAS\_LOCATION[73]	_	
15-17	4126-4127	.	_	_	_	_	_	
15-18	4128-4129	K	_	_	_	_	_	
15-19	4129-4130	.	_	_	_	_	_	
15-20	4131-4134	ide	_	_	_	_	_	
15-21	4135-4136	u	_	_	_	_	_	
15-22	4137-4142	grupu	_	_	_	_	_	
15-23	4143-4149	škrapa	_	A.1 Surface landform	GENUS	_	_	
15-24	4150-4151	(	_	_	_	_	_	
15-25	4151-4152	v	_	_	_	_	_	
15-26	4152-4153	.	_	_	_	_	_	
15-27	4153-4154	)	_	_	_	_	_	
15-28	4155-4159	koje	_	_	_	_	_	
15-29	4160-4162	na	_	_	_	_	_	
15-30	4163-4172	engleskom	_	_	_	_	_	
15-31	4173-4174	(	_	_	_	_	_	
15-32	4174-4178	rock	_	_	_	_	_	
15-33	4179-4184	rills	_	_	_	_	_	
15-34	4184-4185	)	_	_	_	_	_	
15-35	4185-4186	,	_	_	_	_	_	
15-36	4187-4197	francuskom	_	_	_	_	_	
15-37	4198-4199	(	_	_	_	_	_	
15-38	4199-4205	lapies	_	_	_	_	_	
15-39	4205-4206	)	_	_	_	_	_	
15-40	4207-4208	i	_	_	_	_	_	
15-41	4209-4218	njemačkom	_	_	_	_	_	
15-42	4219-4220	(	_	_	_	_	_	
15-43	4220-4226	Karren	_	_	_	_	_	
15-44	4226-4227	)	_	_	_	_	_	
15-45	4228-4234	jeziku	_	_	_	_	_	
15-46	4235-4236	u	_	_	_	_	_	
15-47	4237-4246	prijevodu	_	_	_	_	_	
15-48	4247-4252	znače	_	_	_	_	_	
15-49	4253-4254	“	_	_	_	_	_	
15-50	4254-4262	kamenice	_	_	_	_	_	
15-51	4262-4263	”	_	_	_	_	_	
15-52	4263-4264	.	_	_	_	_	_	
15-53	4265-4274	Posebnost	_	_	_	_	_	
15-54	4275-4277	je	_	_	_	_	_	
15-55	4278-4279	k	_	_	_	_	_	
15-56	4279-4280	.	_	_	_	_	_	
15-57	4281-4283	da	_	_	_	_	_	
15-58	4284-4286	je	_	_	_	_	_	
15-59	4287-4289	sa	_	_	_	HAS\_FORM[74]	_	
15-60	4290-4296	strane	_	_	_	HAS\_FORM[74]	_	
15-61	4297-4306	zatvorena	_	_	_	HAS\_FORM[74]	_	
15-62	4307-4314	udubina	_	_	_	HAS\_FORM[74]	_	
15-63	4314-4315	,	_	_	_	_	_	
15-64	4316-4318	te	_	_	_	_	_	
15-65	4319-4321	se	_	_	_	CONTAINS[75]	_	
15-66	4322-4323	u	_	_	_	CONTAINS[75]	_	
15-67	4324-4328	njoj	_	_	_	CONTAINS[75]	_	
15-68	4329-4337	zadržava	_	_	_	CONTAINS[75]	_	
15-69	4338-4348	padalinska	_	_	_	CONTAINS[75]	_	
15-70	4349-4353	voda	_	_	_	CONTAINS[75]	_	
15-71	4353-4354	.	_	_	_	_	_	
15-72	4355-4363	Redovito	_	_	_	_	_	
15-73	4364-4366	je	_	_	_	_	_	
15-74	4367-4371	male	_	_	_	_	_	
15-75	4372-4378	dubine	_	_	_	_	_	
15-76	4378-4379	,	_	_	_	_	_	
15-77	4380-4383	ali	_	_	_	_	_	
15-78	4384-4391	promjer	_	_	_	HAS\_SIZE[76]	_	
15-79	4392-4396	može	_	_	_	HAS\_SIZE[76]	_	
15-80	4397-4401	biti	_	_	_	HAS\_SIZE[76]	_	
15-81	4402-4403	i	_	_	_	HAS\_SIZE[76]	_	
15-82	4404-4406	do	_	_	_	HAS\_SIZE[76]	_	
15-83	4407-4408	2	_	_	_	HAS\_SIZE[76]	_	
15-84	4409-4410	m	_	_	_	HAS\_SIZE[76]	_	
15-85	4410-4411	;	_	_	_	_	_	
15-86	4412-4418	široku	_	_	_	_	_	
15-87	4418-4419	,	_	_	_	_	_	
15-88	4420-4423	ali	_	_	_	_	_	
15-89	4424-4430	plitku	_	_	_	_	_	
15-90	4431-4432	k	_	_	_	_	_	
15-91	4432-4433	.	_	_	_	_	_	
15-92	4434-4442	nazivaju	_	_	_	_	_	
15-93	4443-4451	plitvina	_	A.1 Surface landform	SPECIES	_	_	
15-94	4451-4452	.	_	_	_	_	_	
15-95	4453-4458	Jačom	_	_	_	_	_	
15-96	4459-4468	korozijom	_	_	_	_	_	
15-97	4469-4470	–	_	_	_	_	_	
15-98	4471-4474	pod	_	_	_	_	_	
15-99	4475-4484	mahovinom	_	_	_	_	_	
15-100	4484-4485	,	_	_	_	_	_	
15-101	4486-4493	lišajem	_	_	_	_	_	
15-102	4494-4497	ili	_	_	_	_	_	
15-103	4498-4503	nakup	_	_	_	_	_	
15-104	4504-4510	ljenim	_	_	_	_	_	
15-105	4511-4517	lišćem	_	_	_	_	_	
15-106	4518-4519	–	_	_	_	_	_	
15-107	4520-4527	nastaje	_	_	_	_	_	
15-108	4528-4530	na	_	_	_	_	_	
15-109	4531-4541	kompaktnoj	_	_	_	_	_	
15-110	4542-4549	stijeni	_	_	_	_	_	
15-111	4550-4557	udubina	_	_	_	_	_	
15-112	4557-4558	,	_	_	_	_	_	
15-113	4559-4563	koja	_	_	_	_	_	
15-114	4564-4571	postaje	_	_	_	_	_	
15-115	4572-4578	biotop	_	_	_	_	_	
15-116	4578-4579	,	_	_	_	_	_	
15-117	4580-4581	u	_	_	_	_	_	
15-118	4582-4588	kojemu	_	_	_	_	_	
15-119	4589-4591	se	_	_	_	_	_	
15-120	4592-4599	okuplja	_	_	_	_	_	
15-121	4599-4600	,	_	_	_	_	_	
15-122	4601-4605	živi	_	_	_	_	_	
15-123	4606-4607	i	_	_	_	_	_	
15-124	4608-4613	trune	_	_	_	_	_	
15-125	4614-4624	specifična	_	_	_	_	_	
15-126	4625-4635	vegetacija	_	_	_	_	_	
15-127	4635-4636	.	_	_	_	_	_	
15-128	4637-4638	U	_	_	_	_	_	
15-129	4639-4647	kamenici	_	_	_	_	_	
15-130	4648-4650	se	_	_	_	_	_	
15-131	4651-4657	stvara	_	_	_	_	_	
15-132	4658-4664	pokrov	_	_	_	_	_	
15-133	4665-4671	humusa	_	_	_	_	_	
15-134	4671-4672	,	_	_	_	_	_	
15-135	4673-4677	koji	_	_	_	_	_	
15-136	4678-4684	svakim	_	_	_	_	_	
15-137	4685-4694	vlaženjem	_	_	_	_	_	
15-138	4695-4703	aktivira	_	_	_	_	_	
15-139	4704-4717	biokorozijski	_	_	_	_	_	
15-140	4718-4724	proces	_	_	_	_	_	
15-141	4724-4725	,	_	_	_	_	_	
15-142	4726-4734	uvjetuje	_	_	_	_	_	
15-143	4735-4747	zaravnjenost	_	_	_	_	_	
15-144	4748-4751	dna	_	_	_	_	_	
15-145	4752-4753	i	_	_	_	_	_	
15-146	4754-4761	okuplja	_	_	_	_	_	
15-147	4762-4770	otapanje	_	_	_	_	_	
15-148	4771-4774	duž	_	_	_	_	_	
15-149	4775-4781	rubova	_	_	_	_	_	
15-150	4782-4783	(	_	_	_	_	_	
15-151	4783-4784	v	_	_	_	_	_	
15-152	4784-4785	.	_	_	_	_	_	
15-153	4786-4794	korozija	_	_	_	_	_	
15-154	4795-4800	rubna	_	_	_	_	_	
15-155	4800-4801	)	_	_	_	_	_	
15-156	4801-4802	.	_	_	_	_	_	
15-157	4803-4808	Rubna	_	_	_	_	_	
15-158	4809-4817	korozija	_	_	_	_	_	
15-159	4818-4827	potkopava	_	_	_	_	_	
15-160	4828-4834	strane	_	_	_	_	_	
15-161	4835-4836	i	_	_	_	_	_	
15-162	4837-4841	širi	_	_	_	_	_	
15-163	4842-4850	kamenicu	_	_	_	_	_	
15-164	4850-4851	;	_	_	_	_	_	
15-165	4852-4859	širenje	_	_	_	_	_	
15-166	4860-4865	ovisi	_	_	_	_	_	
15-167	4866-4867	o	_	_	_	_	_	
15-168	4868-4880	kompaktnosti	_	_	_	_	_	
15-169	4881-4882	i	_	_	_	_	_	
15-170	4883-4894	dimenzijama	_	_	_	_	_	
15-171	4895-4906	vapnenačkog	_	_	_	_	_	
15-172	4907-4912	bloka	_	_	_	_	_	
15-173	4912-4913	.	_	_	_	_	_	
15-174	4914-4917	Kad	_	_	_	_	_	
15-175	4918-4923	rubno	_	_	_	_	_	
15-176	4924-4931	širenje	_	_	_	_	_	
15-177	4932-4937	dopre	_	_	_	_	_	
15-178	4938-4940	do	_	_	_	_	_	
15-179	4941-4949	pukotine	_	_	_	_	_	
15-180	4950-4953	ili	_	_	_	_	_	
15-181	4954-4962	površine	_	_	_	_	_	
15-182	4963-4970	stijene	_	_	_	_	_	
15-183	4970-4971	,	_	_	_	_	_	
15-184	4972-4980	kamenica	_	_	_	_	_	
15-185	4981-4983	se	_	_	_	_	_	
15-186	4984-4990	otvori	_	_	_	_	_	
15-187	4991-4992	i	_	_	_	_	_	
15-188	4993-5001	prestaje	_	_	_	_	_	
15-189	5002-5006	njen	_	_	_	_	_	
15-190	5007-5013	razvoj	_	_	_	_	_	
15-191	5013-5014	;	_	_	_	_	_	
15-192	5015-5021	ostaje	_	_	_	_	_	
15-193	5022-5027	ravno	_	_	_	_	_	
15-194	5028-5031	dno	_	_	_	_	_	
15-195	5031-5032	,	_	_	_	_	_	

#Text=koje podsjeća na otisak stopala. Kontaktnom, subkutanom korozijom (v.) pod pokrovom tla u kompaktnim blokovima razvijaju se različiti oblici kamenica: kotlaste, koritaste itd; mogu biti većih dimenzija. Kad se odstrani pokrov tla, te kamenice su važni rezervoari padalinske vode. Subkutane kamenice su naslijeđe iz vremena kad je krš bio bolje pokriven vegetacijom.
16-1	5035-5039	koje	_	_	_	_	_	
16-2	5040-5048	podsjeća	_	_	_	_	_	
16-3	5049-5051	na	_	_	_	_	_	
16-4	5052-5058	otisak	_	_	_	_	_	
16-5	5059-5066	stopala	_	_	_	_	_	
16-6	5066-5067	.	_	_	_	_	_	
16-7	5068-5078	Kontaktnom	_	_	_	_	_	
16-8	5078-5079	,	_	_	_	_	_	
16-9	5080-5090	subkutanom	_	_	_	_	_	
16-10	5091-5100	korozijom	_	_	_	_	_	
16-11	5101-5102	(	_	_	_	_	_	
16-12	5102-5103	v	_	_	_	_	_	
16-13	5103-5104	.	_	_	_	_	_	
16-14	5104-5105	)	_	_	_	_	_	
16-15	5106-5109	pod	_	_	_	_	_	
16-16	5110-5118	pokrovom	_	_	_	_	_	
16-17	5119-5122	tla	_	_	_	_	_	
16-18	5123-5124	u	_	_	_	_	_	
16-19	5125-5135	kompaktnim	_	_	_	_	_	
16-20	5136-5145	blokovima	_	_	_	_	_	
16-21	5146-5155	razvijaju	_	_	_	_	_	
16-22	5156-5158	se	_	_	_	_	_	
16-23	5159-5168	različiti	_	_	_	_	_	
16-24	5169-5175	oblici	_	_	_	_	_	
16-25	5176-5184	kamenica	_	_	_	_	_	
16-26	5184-5185	:	_	_	_	_	_	
16-27	5186-5194	kotlaste	_	_	_	_	_	
16-28	5194-5195	,	_	_	_	_	_	
16-29	5196-5205	koritaste	_	_	_	_	_	
16-30	5206-5209	itd	_	_	_	_	_	
16-31	5209-5210	;	_	_	_	_	_	
16-32	5211-5215	mogu	_	_	_	_	_	
16-33	5216-5220	biti	_	_	_	_	_	
16-34	5221-5226	većih	_	_	_	_	_	
16-35	5227-5236	dimenzija	_	_	_	_	_	
16-36	5236-5237	.	_	_	_	_	_	
16-37	5238-5241	Kad	_	_	_	_	_	
16-38	5242-5244	se	_	_	_	_	_	
16-39	5245-5253	odstrani	_	_	_	_	_	
16-40	5254-5260	pokrov	_	_	_	_	_	
16-41	5261-5264	tla	_	_	_	_	_	
16-42	5264-5265	,	_	_	_	_	_	
16-43	5266-5268	te	_	_	_	_	_	
16-44	5269-5277	kamenice	_	_	_	_	_	
16-45	5278-5280	su	_	_	_	_	_	
16-46	5281-5286	važni	_	_	_	_	_	
16-47	5287-5297	rezervoari	_	_	_	_	_	
16-48	5298-5308	padalinske	_	_	_	_	_	
16-49	5309-5313	vode	_	_	_	_	_	
16-50	5313-5314	.	_	_	_	_	_	
16-51	5315-5324	Subkutane	_	_	_	_	_	
16-52	5325-5333	kamenice	_	_	_	_	_	
16-53	5334-5336	su	_	_	_	_	_	
16-54	5337-5346	naslijeđe	_	_	_	_	_	
16-55	5347-5349	iz	_	_	_	_	_	
16-56	5350-5357	vremena	_	_	_	_	_	
16-57	5358-5361	kad	_	_	_	_	_	
16-58	5362-5364	je	_	_	_	_	_	
16-59	5365-5368	krš	_	_	_	_	_	
16-60	5369-5372	bio	_	_	_	_	_	
16-61	5373-5378	bolje	_	_	_	_	_	
16-62	5379-5387	pokriven	_	_	_	_	_	
16-63	5388-5399	vegetacijom	_	_	_	_	_	
16-64	5399-5400	.	_	_	_	_	_	

#Text=2. kamenicama se nazivaju i umjetni rezervoari padalinske vode, napravljeni u stjenovitim udubinama, a pukotine se zatvaraju nabijanjem crvenice ili zazidavanjem pomoću veziva od mješavine crvenice i vapna. Osnovna udubina je redovito izmodelirana subkutanom korozijom. Kišnica pada neposredno ili se slijeva s naplova (v.) na kompaktnim stjenovitim plohama ili s nepriređene padine ili umjetno uređenog i zaštićenog prostora. K. su imale ključno značenje u opskrbi vodom prije razdoblja cisterni (v.).
17-1	5402-5403	2	_	_	_	_	_	
17-2	5403-5404	.	_	_	_	_	_	
17-3	5405-5415	kamenicama	kamenica	A.1 Surface landform	DEFINIENDUM	_	_	
17-4	5416-5418	se	_	_	_	_	_	
17-5	5419-5427	nazivaju	_	_	_	_	_	
17-6	5428-5429	i	_	_	_	_	_	
17-7	5430-5437	umjetni	_	_	_	DEFINED\_AS[77]	_	
17-8	5438-5448	rezervoari	_	_	_	DEFINED\_AS[77]	_	
17-9	5449-5459	padalinske	_	_	_	DEFINED\_AS[77]	_	
17-10	5460-5464	vode	_	_	_	DEFINED\_AS[77]	_	
17-11	5464-5465	,	_	_	_	_	_	
17-12	5466-5477	napravljeni	_	_	_	_	_	
17-13	5478-5479	u	_	_	_	HAS\_LOCATION[78]	_	
17-14	5480-5491	stjenovitim	_	_	_	HAS\_LOCATION[78]	_	
17-15	5492-5501	udubinama	_	_	_	HAS\_LOCATION[78]	_	
17-16	5501-5502	,	_	_	_	_	_	
17-17	5503-5504	a	_	_	_	_	_	
17-18	5505-5513	pukotine	_	_	_	_	_	
17-19	5514-5516	se	_	_	_	_	_	
17-20	5517-5526	zatvaraju	_	_	_	_	_	
17-21	5527-5537	nabijanjem	_	_	_	_	_	
17-22	5538-5546	crvenice	_	_	_	_	_	
17-23	5547-5550	ili	_	_	_	_	_	
17-24	5551-5563	zazidavanjem	_	_	_	_	_	
17-25	5564-5570	pomoću	_	_	_	_	_	
17-26	5571-5577	veziva	_	_	_	_	_	
17-27	5578-5580	od	_	_	_	_	_	
17-28	5581-5590	mješavine	_	_	_	_	_	
17-29	5591-5599	crvenice	_	_	_	_	_	
17-30	5600-5601	i	_	_	_	_	_	
17-31	5602-5607	vapna	_	_	_	_	_	
17-32	5607-5608	.	_	_	_	_	_	
17-33	5609-5616	Osnovna	_	_	_	_	_	
17-34	5617-5624	udubina	_	_	_	_	_	
17-35	5625-5627	je	_	_	_	_	_	
17-36	5628-5636	redovito	_	_	_	_	_	
17-37	5637-5649	izmodelirana	_	_	_	_	_	
17-38	5650-5660	subkutanom	_	_	_	_	_	
17-39	5661-5670	korozijom	_	_	_	_	_	
17-40	5670-5671	.	_	_	_	_	_	
17-41	5672-5679	Kišnica	_	_	_	_	_	
17-42	5680-5684	pada	_	_	_	_	_	
17-43	5685-5695	neposredno	_	_	_	_	_	
17-44	5696-5699	ili	_	_	_	_	_	
17-45	5700-5702	se	_	_	_	_	_	
17-46	5703-5710	slijeva	_	_	_	_	_	
17-47	5711-5712	s	_	_	_	_	_	
17-48	5713-5720	naplova	_	_	_	_	_	
17-49	5721-5722	(	_	_	_	_	_	
17-50	5722-5723	v	_	_	_	_	_	
17-51	5723-5724	.	_	_	_	_	_	
17-52	5724-5725	)	_	_	_	_	_	
17-53	5726-5728	na	_	_	_	_	_	
17-54	5729-5739	kompaktnim	_	_	_	_	_	
17-55	5740-5751	stjenovitim	_	_	_	_	_	
17-56	5752-5759	plohama	_	_	_	_	_	
17-57	5760-5763	ili	_	_	_	_	_	
17-58	5764-5765	s	_	_	_	_	_	
17-59	5766-5777	nepriređene	_	_	_	_	_	
17-60	5778-5784	padine	_	_	_	_	_	
17-61	5785-5788	ili	_	_	_	_	_	
17-62	5789-5796	umjetno	_	_	_	_	_	
17-63	5797-5805	uređenog	_	_	_	_	_	
17-64	5806-5807	i	_	_	_	_	_	
17-65	5808-5818	zaštićenog	_	_	_	_	_	
17-66	5819-5827	prostora	_	_	_	_	_	
17-67	5827-5828	.	_	_	_	_	_	
17-68	5829-5830	K	_	_	_	_	_	
17-69	5830-5831	.	_	_	_	_	_	
17-70	5832-5834	su	_	_	_	_	_	
17-71	5835-5840	imale	_	_	_	_	_	
17-72	5841-5848	ključno	_	_	_	_	_	
17-73	5849-5857	značenje	_	_	_	_	_	
17-74	5858-5859	u	_	_	_	_	_	
17-75	5860-5867	opskrbi	_	_	_	HAS\_FUNCTION[79]	_	
17-76	5868-5873	vodom	_	_	_	HAS\_FUNCTION[79]	_	
17-77	5874-5879	prije	_	_	_	_	_	
17-78	5880-5889	razdoblja	_	_	_	_	_	
17-79	5890-5898	cisterni	_	_	_	_	_	
17-80	5899-5900	(	_	_	_	_	_	
17-81	5900-5901	v	_	_	_	_	_	
17-82	5901-5902	.	_	_	_	_	_	
17-83	5902-5903	)	_	_	_	_	_	
17-84	5903-5904	.	_	_	_	_	_	
