#FORMAT=WebAnno TSV 3.2
#T_SP=webanno.custom.Canonicalform|Canonical
#T_SP=webanno.custom.Category|Category
#T_SP=webanno.custom.Definitionelement|Def_element
#T_SP=webanno.custom.Relation|Relation
#T_SP=webanno.custom.Relation_definitor|Rel_verb_frame


#Text=odronjavanje – odvajanje stjenovitih blokova sa strmih padina, različiti uzroci mogu poremetiti labilnu ravnotežu.
1-1	0-12	odronjavanje	_	B.1 Movement	DEFINIENDUM	_	_	
1-2	13-14	–	_	_	_	_	_	
1-3	15-24	odvajanje	_	_	_	DEFINED\_AS[28]	_	
1-4	25-36	stjenovitih	_	_	_	DEFINED\_AS[28]	_	
1-5	37-44	blokova	_	_	_	DEFINED\_AS[28]	_	
1-6	45-47	sa	_	_	_	DEFINED\_AS[28]	_	
1-7	48-54	strmih	_	_	_	DEFINED\_AS[28]	_	
1-8	55-61	padina	_	_	_	DEFINED\_AS[28]	_	
1-9	61-62	,	_	_	_	_	_	
1-10	63-72	različiti	_	_	_	_	_	
1-11	73-79	uzroci	_	_	_	_	_	
1-12	80-84	mogu	_	_	_	_	_	
1-13	85-95	poremetiti	_	_	_	_	_	
1-14	96-103	labilnu	_	_	_	_	_	
1-15	104-113	ravnotežu	_	_	_	_	_	
1-16	113-114	.	_	_	_	_	_	

#Text=okršavanje – kompleksan proces razvoja krša pod utjecajem agresivne vode (v.), koja ponire i podzemno pukotinski protječe; na taj način se modelira specifičan površinski reljef – “egzokrš” i nastaju složeni sustavi podzemnih šupljina -”endokrš” (v. krš). Pri tome se vapnenac (CaCO3) pod utjecajem ugljične kiseline (H2CO3) otapa u nestabilan kalcijev bikarbonat [Ca(HCO3)2] i pukotine šire, stvarajući šupljikavi krtičnjak krša.
2-1	116-126	okršavanje	_	B.4 Transformation	DEFINIENDUM	_	_	
2-2	127-128	–	_	_	_	_	_	
2-3	129-139	kompleksan	_	_	_	_	_	
2-4	140-146	proces	_	B. Process	GENUS	DEFINED\_AS[29]	_	
2-5	147-154	razvoja	_	_	_	DEFINED\_AS[29]	_	
2-6	155-159	krša	_	C. Geome	_	DEFINED\_AS[29]	_	
2-7	160-163	pod	_	_	_	DEFINED\_AS[29]	_	
2-8	164-173	utjecajem	_	_	_	DEFINED\_AS[29]	_	
2-9	174-183	agresivne	_	_	_	DEFINED\_AS[29]	_	
2-10	184-188	vode	_	_	_	DEFINED\_AS[29]	_	
2-11	189-190	(	_	_	_	_	_	
2-12	190-191	v	_	_	_	_	_	
2-13	191-192	.	_	_	_	_	_	
2-14	192-193	)	_	_	_	_	_	
2-15	193-194	,	_	_	_	_	_	
2-16	195-199	koja	_	_	_	_	_	
2-17	200-206	ponire	_	_	_	_	_	
2-18	207-208	i	_	_	_	_	_	
2-19	209-217	podzemno	_	_	_	_	_	
2-20	218-228	pukotinski	_	_	_	_	_	
2-21	229-237	protječe	_	_	_	_	_	
2-22	237-238	;	_	_	_	_	_	
2-23	239-241	na	_	_	_	HAS\_RESULT[30]	_	
2-24	242-245	taj	_	_	_	HAS\_RESULT[30]	_	
2-25	246-251	način	_	_	_	HAS\_RESULT[30]	_	
2-26	252-254	se	_	_	_	HAS\_RESULT[30]	_	
2-27	255-263	modelira	_	_	_	HAS\_RESULT[30]	_	
2-28	264-274	specifičan	_	_	_	HAS\_RESULT[30]	_	
2-29	275-285	površinski	_	_	_	HAS\_RESULT[30]	_	
2-30	286-292	reljef	_	_	_	HAS\_RESULT[30]	_	
2-31	293-294	–	_	_	_	HAS\_RESULT[30]	_	
2-32	295-296	“	_	_	_	HAS\_RESULT[30]	_	
2-33	296-303	egzokrš	_	C. Geome	_	HAS\_RESULT[30]	_	
2-34	303-304	”	_	_	_	_	_	
2-35	305-306	i	_	_	_	_	_	
2-36	307-314	nastaju	_	_	_	HAS\_RESULT[31]	_	
2-37	315-322	složeni	_	_	_	HAS\_RESULT[31]	_	
2-38	323-330	sustavi	_	_	_	HAS\_RESULT[31]	_	
2-39	331-340	podzemnih	_	_	_	HAS\_RESULT[31]	_	
2-40	341-349	šupljina	_	_	_	HAS\_RESULT[31]	_	
2-41	350-351	-	_	_	_	HAS\_RESULT[31]	_	
2-42	351-352	”	_	_	_	HAS\_RESULT[31]	_	
2-43	352-359	endokrš	_	C. Geome	_	HAS\_RESULT[31]	_	
2-44	359-360	”	_	_	_	_	_	
2-45	361-362	(	_	_	_	_	_	
2-46	362-363	v	_	_	_	_	_	
2-47	363-364	.	_	_	_	_	_	
2-48	365-368	krš	_	_	_	_	_	
2-49	368-369	)	_	_	_	_	_	
2-50	369-370	.	_	_	_	_	_	
2-51	371-374	Pri	_	_	_	COMPOSITION\_MEDIUM[32]	_	
2-52	375-379	tome	_	_	_	COMPOSITION\_MEDIUM[32]	_	
2-53	380-382	se	_	_	_	COMPOSITION\_MEDIUM[32]	_	
2-54	383-391	vapnenac	_	D.1 Abiotic	_	COMPOSITION\_MEDIUM[32]	_	
2-55	392-393	(	_	_	_	COMPOSITION\_MEDIUM[32]	_	
2-56	393-398	CaCO3	_	_	_	COMPOSITION\_MEDIUM[32]	_	
2-57	398-399	)	_	_	_	COMPOSITION\_MEDIUM[32]	_	
2-58	400-403	pod	_	_	_	COMPOSITION\_MEDIUM[32]	_	
2-59	404-413	utjecajem	_	_	_	COMPOSITION\_MEDIUM[32]	_	
2-60	414-422	ugljične	_	D.1 Abiotic[2]	_	COMPOSITION\_MEDIUM[32]	_	
2-61	423-431	kiseline	_	D.1 Abiotic[2]	_	COMPOSITION\_MEDIUM[32]	_	
2-62	432-433	(	_	_	_	COMPOSITION\_MEDIUM[32]	_	
2-63	433-438	H2CO3	_	_	_	COMPOSITION\_MEDIUM[32]	_	
2-64	438-439	)	_	_	_	COMPOSITION\_MEDIUM[32]	_	
2-65	440-445	otapa	_	_	_	COMPOSITION\_MEDIUM[32]	_	
2-66	446-447	u	_	_	_	COMPOSITION\_MEDIUM[32]	_	
2-67	448-458	nestabilan	_	_	_	COMPOSITION\_MEDIUM[32]	_	
2-68	459-467	kalcijev	_	D.1 Abiotic[3]	_	COMPOSITION\_MEDIUM[32]	_	
2-69	468-478	bikarbonat	_	D.1 Abiotic[3]	_	COMPOSITION\_MEDIUM[32]	_	
2-70	479-480	[	_	_	_	_	_	
2-71	480-482	Ca	_	_	_	_	_	
2-72	482-483	(	_	_	_	_	_	
2-73	483-487	HCO3	_	_	_	_	_	
2-74	487-488	)	_	_	_	_	_	
2-75	488-489	2	_	_	_	_	_	
2-76	489-490	]	_	_	_	_	_	
2-77	491-492	i	_	_	_	_	_	
2-78	493-501	pukotine	_	_	_	HAS\_FORM[33]	_	
2-79	502-506	šire	_	_	_	HAS\_FORM[33]	_	
2-80	506-507	,	_	_	_	_	_	
2-81	508-518	stvarajući	_	_	_	HAS\_RESULT[34]	_	
2-82	519-529	šupljikavi	_	_	_	HAS\_RESULT[34]	_	
2-83	530-539	krtičnjak	_	_	_	HAS\_RESULT[34]	_	
2-84	540-544	krša	_	_	_	HAS\_RESULT[34]	_	
2-85	544-545	.	_	_	_	_	_	

#Text=U skladu s tadašnjim općim shvaćanjem i idejama W. M. Davisa, A. Penck (1900) je objašnjavao da je okršavanje sekundarni proces i nastupa poslije faze dolinskog (flu vijalnog) modeliranja. To je bilo općenito prihvaćeno i bezuspješno su određivana geološka razdoblja kad je počelo okršavanje. Istraživanja upućuju da je okršavanje primaran i specifičan proces za karbonatne stijene (v. singenetski krš), a modificira se izmjenom ekoloških prilika i litološkim razlikama (v. krš).
3-1	547-548	U	_	_	_	_	_	
3-2	549-555	skladu	_	_	_	_	_	
3-3	556-557	s	_	_	_	_	_	
3-4	558-567	tadašnjim	_	_	_	_	_	
3-5	568-573	općim	_	_	_	_	_	
3-6	574-584	shvaćanjem	_	_	_	_	_	
3-7	585-586	i	_	_	_	_	_	
3-8	587-594	idejama	_	_	_	_	_	
3-9	595-596	W	_	_	_	_	_	
3-10	596-597	.	_	_	_	_	_	
3-11	598-599	M	_	_	_	_	_	
3-12	599-600	.	_	_	_	_	_	
3-13	601-607	Davisa	_	_	_	_	_	
3-14	607-608	,	_	_	_	_	_	
3-15	609-610	A	_	_	_	_	_	
3-16	610-611	.	_	_	_	_	_	
3-17	612-617	Penck	_	_	_	_	_	
3-18	618-619	(	_	_	_	_	_	
3-19	619-623	1900	_	_	_	_	_	
3-20	623-624	)	_	_	_	_	_	
3-21	625-627	je	_	_	_	_	_	
3-22	628-639	objašnjavao	_	_	_	_	_	
3-23	640-642	da	_	_	_	_	_	
3-24	643-645	je	_	_	_	_	_	
3-25	646-656	okršavanje	_	_	_	_	_	
3-26	657-667	sekundarni	_	_	_	_	_	
3-27	668-674	proces	_	_	_	_	_	
3-28	675-676	i	_	_	_	_	_	
3-29	677-684	nastupa	_	_	_	_	_	
3-30	685-692	poslije	_	_	_	_	_	
3-31	693-697	faze	_	_	_	_	_	
3-32	698-707	dolinskog	_	_	_	_	_	
3-33	708-709	(	_	_	_	_	_	
3-34	709-712	flu	_	_	_	_	_	
3-35	713-721	vijalnog	_	_	_	_	_	
3-36	721-722	)	_	_	_	_	_	
3-37	723-734	modeliranja	_	_	_	_	_	
3-38	734-735	.	_	_	_	_	_	
3-39	736-738	To	_	_	_	_	_	
3-40	739-741	je	_	_	_	_	_	
3-41	742-746	bilo	_	_	_	_	_	
3-42	747-755	općenito	_	_	_	_	_	
3-43	756-766	prihvaćeno	_	_	_	_	_	
3-44	767-768	i	_	_	_	_	_	
3-45	769-780	bezuspješno	_	_	_	_	_	
3-46	781-783	su	_	_	_	_	_	
3-47	784-794	određivana	_	_	_	_	_	
3-48	795-803	geološka	_	_	_	_	_	
3-49	804-813	razdoblja	_	_	_	_	_	
3-50	814-817	kad	_	_	_	_	_	
3-51	818-820	je	_	_	_	_	_	
3-52	821-827	počelo	_	_	_	_	_	
3-53	828-838	okršavanje	_	_	_	_	_	
3-54	838-839	.	_	_	_	_	_	
3-55	840-852	Istraživanja	_	_	_	_	_	
3-56	853-860	upućuju	_	_	_	_	_	
3-57	861-863	da	_	_	_	_	_	
3-58	864-866	je	_	_	_	_	_	
3-59	867-877	okršavanje	_	B.4 Transformation	DEFINIENDUM	_	_	
3-60	878-886	primaran	_	_	_	_	_	
3-61	887-888	i	_	_	_	_	_	
3-62	889-899	specifičan	_	_	_	HAS\_LOCATION[35]	_	
3-63	900-906	proces	_	_	_	HAS\_LOCATION[35]	_	
3-64	907-909	za	_	_	_	HAS\_LOCATION[35]	_	
3-65	910-920	karbonatne	_	D.1 Abiotic[4]	_	HAS\_LOCATION[35]	_	
3-66	921-928	stijene	_	D.1 Abiotic[4]	_	HAS\_LOCATION[35]	_	
3-67	929-930	(	_	_	_	_	_	
3-68	930-931	v	_	_	_	_	_	
3-69	931-932	.	_	_	_	_	_	
3-70	933-944	singenetski	_	C. Geome[5]	_	HAS\_LOCATION[36]	_	
3-71	945-948	krš	_	C. Geome[5]	_	HAS\_LOCATION[36]	_	
3-72	948-949	)	_	_	_	_	_	
3-73	949-950	,	_	_	_	_	_	
3-74	951-952	a	_	_	_	_	_	
3-75	953-963	modificira	_	_	_	HAS\_CAUSE[37]	frame\_CAUSE[60]	
3-76	964-966	se	_	_	_	HAS\_CAUSE[37]	frame\_CAUSE[60]	
3-77	967-975	izmjenom	_	_	_	HAS\_CAUSE[37]	_	
3-78	976-985	ekoloških	_	_	_	HAS\_CAUSE[37]	_	
3-79	986-993	prilika	_	_	_	HAS\_CAUSE[37]	_	
3-80	994-995	i	_	_	_	HAS\_CAUSE[37]	_	
3-81	996-1006	litološkim	_	_	_	HAS\_CAUSE[37]	_	
3-82	1007-1016	razlikama	_	_	_	HAS\_CAUSE[37]	_	
3-83	1017-1018	(	_	_	_	_	_	
3-84	1018-1019	v	_	_	_	_	_	
3-85	1019-1020	.	_	_	_	_	_	
3-86	1021-1024	krš	_	_	_	_	_	
3-87	1024-1025	)	_	_	_	_	_	
3-88	1025-1026	.	_	_	_	_	_	

#Text=Bilo je neuvjerljivih pokušaja da se tok okršavanja podijeli u niz razvojnih krugova (v. ciklus) i odredi korozijska baza (v.) koja to uvjetuje. Saznanja upućuju da se okršavanje vrši do dubina do kojih dopiru vodopropusne pukotine (v), a to je vjerojatno do podloge otopivih stijena.
4-1	1028-1032	Bilo	_	_	_	_	_	
4-2	1033-1035	je	_	_	_	_	_	
4-3	1036-1049	neuvjerljivih	_	_	_	_	_	
4-4	1050-1058	pokušaja	_	_	_	_	_	
4-5	1059-1061	da	_	_	_	_	_	
4-6	1062-1064	se	_	_	_	_	_	
4-7	1065-1068	tok	_	_	_	_	_	
4-8	1069-1079	okršavanja	_	_	_	_	_	
4-9	1080-1088	podijeli	_	_	_	_	_	
4-10	1089-1090	u	_	_	_	_	_	
4-11	1091-1094	niz	_	_	_	_	_	
4-12	1095-1104	razvojnih	_	_	_	_	_	
4-13	1105-1112	krugova	_	_	_	_	_	
4-14	1113-1114	(	_	_	_	_	_	
4-15	1114-1115	v	_	_	_	_	_	
4-16	1115-1116	.	_	_	_	_	_	
4-17	1117-1123	ciklus	_	_	_	_	_	
4-18	1123-1124	)	_	_	_	_	_	
4-19	1125-1126	i	_	_	_	_	_	
4-20	1127-1133	odredi	_	_	_	_	_	
4-21	1134-1144	korozijska	_	_	_	_	_	
4-22	1145-1149	baza	_	_	_	_	_	
4-23	1150-1151	(	_	_	_	_	_	
4-24	1151-1152	v	_	_	_	_	_	
4-25	1152-1153	.	_	_	_	_	_	
4-26	1153-1154	)	_	_	_	_	_	
4-27	1155-1159	koja	_	_	_	_	_	
4-28	1160-1162	to	_	_	_	_	_	
4-29	1163-1171	uvjetuje	_	_	_	_	_	
4-30	1171-1172	.	_	_	_	_	_	
4-31	1173-1181	Saznanja	_	_	_	_	_	
4-32	1182-1189	upućuju	_	_	_	_	_	
4-33	1190-1192	da	_	_	_	_	_	
4-34	1193-1195	se	_	_	_	_	_	
4-35	1196-1206	okršavanje	_	B.4 Transformation	DEFINIENDUM	_	_	
4-36	1207-1211	vrši	_	_	_	HAS\_LOCATION[38]	_	
4-37	1212-1214	do	_	_	_	HAS\_LOCATION[38]	_	
4-38	1215-1221	dubina	_	_	_	HAS\_LOCATION[38]	_	
4-39	1222-1224	do	_	_	_	HAS\_LOCATION[38]	_	
4-40	1225-1230	kojih	_	_	_	HAS\_LOCATION[38]	_	
4-41	1231-1237	dopiru	_	_	_	HAS\_LOCATION[38]	_	
4-42	1238-1250	vodopropusne	_	_	_	HAS\_LOCATION[38]	_	
4-43	1251-1259	pukotine	_	_	_	HAS\_LOCATION[38]	_	
4-44	1260-1261	(	_	_	_	_	_	
4-45	1261-1262	v	_	_	_	_	_	
4-46	1262-1263	)	_	_	_	_	_	
4-47	1263-1264	,	_	_	_	_	_	
4-48	1265-1266	a	_	_	_	_	_	
4-49	1267-1269	to	_	_	_	_	_	
4-50	1270-1272	je	_	_	_	_	_	
4-51	1273-1283	vjerojatno	_	_	_	_	_	
4-52	1284-1286	do	_	_	_	HAS\_LOCATION[39]	_	
4-53	1287-1294	podloge	_	_	_	HAS\_LOCATION[39]	_	
4-54	1295-1303	otopivih	_	_	_	HAS\_LOCATION[39]	_	
4-55	1304-1311	stijena	_	_	_	HAS\_LOCATION[39]	_	
4-56	1311-1312	.	_	_	_	_	_	

#Text=osoje – opći reljefno-klimatski termin. Zbog pružanja gorskih vijenaca ima u Dinarskom kršu posebno značenje. Manji negativni utjecaji insolacije, bure i pljuskova, te ograničena društvena privlačnost ogledaju se u očuvanijem šumskom pokrovu (v. prisoje), a to utječe na razvoj krša (šumoviti krš).
5-1	1314-1319	osoje	_	C. Geome	DEFINIENDUM	_	_	
5-2	1320-1321	–	_	_	_	_	_	
5-3	1322-1326	opći	_	_	_	_	_	
5-4	1327-1345	reljefno-klimatski	_	_	GENUS[20]	STUDIES	_	
5-5	1346-1352	termin	_	_	GENUS[20]	_	_	
5-6	1352-1353	.	_	_	_	_	_	
5-7	1354-1358	Zbog	_	_	_	_	_	
5-8	1359-1367	pružanja	_	_	_	_	_	
5-9	1368-1375	gorskih	_	_	_	_	_	
5-10	1376-1384	vijenaca	_	_	_	_	_	
5-11	1385-1388	ima	_	_	_	_	_	
5-12	1389-1390	u	_	_	_	HAS\_POSITION[40]	_	
5-13	1391-1400	Dinarskom	_	D.3.1 Geolocation[6]	_	HAS\_POSITION[40]	_	
5-14	1401-1405	kršu	_	D.3.1 Geolocation[6]	_	HAS\_POSITION[40]	_	
5-15	1406-1413	posebno	_	_	_	_	_	
5-16	1414-1422	značenje	_	_	_	_	_	
5-17	1422-1423	.	_	_	_	_	_	
5-18	1424-1429	Manji	_	_	_	_	_	
5-19	1430-1439	negativni	_	_	_	_	_	
5-20	1440-1448	utjecaji	_	_	_	_	_	
5-21	1449-1459	insolacije	_	_	_	_	_	
5-22	1459-1460	,	_	_	_	_	_	
5-23	1461-1465	bure	_	_	_	_	_	
5-24	1466-1467	i	_	_	_	_	_	
5-25	1468-1477	pljuskova	_	_	_	_	_	
5-26	1477-1478	,	_	_	_	_	_	
5-27	1479-1481	te	_	_	_	_	_	
5-28	1482-1492	ograničena	_	_	_	_	_	
5-29	1493-1502	društvena	_	_	_	_	_	
5-30	1503-1514	privlačnost	_	_	_	_	_	
5-31	1515-1523	ogledaju	_	_	_	_	_	
5-32	1524-1526	se	_	_	_	_	_	
5-33	1527-1528	u	_	_	_	_	_	
5-34	1529-1539	očuvanijem	_	_	_	_	_	
5-35	1540-1547	šumskom	_	_	_	_	_	
5-36	1548-1555	pokrovu	_	_	_	_	_	
5-37	1556-1557	(	_	_	_	_	_	
5-38	1557-1558	v	_	_	_	_	_	
5-39	1558-1559	.	_	_	_	_	_	
5-40	1560-1567	prisoje	_	_	_	_	_	
5-41	1567-1568	)	_	_	_	_	_	
5-42	1568-1569	,	_	_	_	_	_	
5-43	1570-1571	a	_	_	_	_	_	
5-44	1572-1574	to	_	_	_	_	_	
5-45	1575-1581	utječe	_	_	_	_	_	
5-46	1582-1584	na	_	_	_	_	_	
5-47	1585-1591	razvoj	_	_	_	_	_	
5-48	1592-1596	krša	_	_	_	_	_	
5-49	1597-1598	(	_	_	_	_	_	
5-50	1598-1606	šumoviti	_	_	_	_	_	
5-51	1607-1610	krš	_	_	_	_	_	
5-52	1610-1611	)	_	_	_	_	_	
5-53	1611-1612	.	_	_	_	_	_	

#Text=osulina – trošan materijal koji se osiplje sa strmaca (v. točilo) i taloži po zakonima teže, te najteži blokovi pa daju najniže, a prema vrhu ostaju sve finiji sastojci.
6-1	1614-1621	osulina	_	D.1 Abiotic	DEFINIENDUM	_	_	
6-2	1622-1623	–	_	_	_	_	_	
6-3	1624-1630	trošan	_	_	_	HAS\_FORM	_	
6-4	1631-1640	materijal	_	D.1 Abiotic	GENUS	_	_	
6-5	1641-1645	koji	_	_	_	HAS\_ATTRIBUTE[41]	_	
6-6	1646-1648	se	_	_	_	HAS\_ATTRIBUTE[41]	_	
6-7	1649-1656	osiplje	_	_	_	HAS\_ATTRIBUTE[41]	_	
6-8	1657-1659	sa	_	_	_	HAS\_ATTRIBUTE[41]	_	
6-9	1660-1667	strmaca	_	_	_	HAS\_ATTRIBUTE[41]	_	
6-10	1668-1669	(	_	_	_	HAS\_ATTRIBUTE[41]	_	
6-11	1669-1670	v	_	_	_	HAS\_ATTRIBUTE[41]	_	
6-12	1670-1671	.	_	_	_	HAS\_ATTRIBUTE[41]	_	
6-13	1672-1678	točilo	_	_	_	HAS\_ATTRIBUTE[41]	_	
6-14	1678-1679	)	_	_	_	_	_	
6-15	1680-1681	i	_	_	_	_	_	
6-16	1682-1688	taloži	_	_	_	HAS\_RESULT[42]	_	
6-17	1689-1691	po	_	_	_	HAS\_RESULT[42]	_	
6-18	1692-1700	zakonima	_	_	_	HAS\_RESULT[42]	_	
6-19	1701-1705	teže	_	_	_	HAS\_RESULT[42]	_	
6-20	1705-1706	,	_	_	_	_	_	
6-21	1707-1709	te	_	_	_	_	_	
6-22	1710-1717	najteži	_	_	_	_	_	
6-23	1718-1725	blokovi	_	_	_	_	_	
6-24	1726-1728	pa	_	_	_	_	_	
6-25	1729-1733	daju	_	_	_	_	_	
6-26	1734-1741	najniže	_	_	_	_	_	
6-27	1741-1742	,	_	_	_	_	_	
6-28	1743-1744	a	_	_	_	_	_	
6-29	1745-1750	prema	_	_	_	_	_	
6-30	1751-1755	vrhu	_	_	_	_	_	
6-31	1756-1762	ostaju	_	_	_	_	_	
6-32	1763-1766	sve	_	_	_	_	_	
6-33	1767-1773	finiji	_	_	_	_	_	
6-34	1774-1782	sastojci	_	_	_	_	_	
6-35	1782-1783	.	_	_	_	_	_	

#Text=otapanje – pretvaranje čvrste tvari u molekularnu ili koloidnu otopinu; to se događa korozijom vapnenaca (CaCO3). Ugljična kiselina (H2CO3) pretvara vapnenac u nestabilni kalcijev bikarbonat [Ca(HCO3)2] – v. korozija.
7-1	1785-1793	otapanje	_	B.2 Loss	DEFINIENDUM	_	_	
7-2	1794-1795	–	_	_	_	_	_	
7-3	1796-1807	pretvaranje	_	B. Process	GENUS	DEFINED\_AS[43]	_	
7-4	1808-1814	čvrste	_	_	_	DEFINED\_AS[43]	_	
7-5	1815-1820	tvari	_	_	_	DEFINED\_AS[43]	_	
7-6	1821-1822	u	_	_	_	DEFINED\_AS[43]	_	
7-7	1823-1834	molekularnu	_	_	_	DEFINED\_AS[43]	_	
7-8	1835-1838	ili	_	_	_	DEFINED\_AS[43]	_	
7-9	1839-1847	koloidnu	_	_	_	DEFINED\_AS[43]	_	
7-10	1848-1855	otopinu	_	_	_	DEFINED\_AS[43]	_	
7-11	1855-1856	;	_	_	_	_	_	
7-12	1857-1859	to	_	_	_	HAS\_CAUSE[44]	frame\_CAUSE[61]	
7-13	1860-1862	se	_	_	_	HAS\_CAUSE[44]	frame\_CAUSE[61]	
7-14	1863-1869	događa	_	_	_	HAS\_CAUSE[44]	frame\_CAUSE[61]	
7-15	1870-1879	korozijom	_	B.2 Loss	_	HAS\_CAUSE[44]	_	
7-16	1880-1889	vapnenaca	_	D.1 Abiotic	_	HAS\_CAUSE[44]	_	
7-17	1890-1891	(	_	_	_	_	_	
7-18	1891-1896	CaCO3	_	_	_	_	_	
7-19	1896-1897	)	_	_	_	_	_	
7-20	1897-1898	.	_	_	_	_	_	
7-21	1899-1907	Ugljična	_	D.1 Abiotic[7]	_	_	_	
7-22	1908-1916	kiselina	_	D.1 Abiotic[7]	_	_	_	
7-23	1917-1918	(	_	_	_	_	_	
7-24	1918-1923	H2CO3	_	_	_	_	_	
7-25	1923-1924	)	_	_	_	_	_	
7-26	1925-1933	pretvara	_	_	_	_	_	
7-27	1934-1942	vapnenac	_	_	_	_	_	
7-28	1943-1944	u	_	_	_	_	_	
7-29	1945-1955	nestabilni	_	_	_	_	_	
7-30	1956-1964	kalcijev	_	D.1 Abiotic[8]	_	_	_	
7-31	1965-1975	bikarbonat	_	D.1 Abiotic[8]	_	_	_	
7-32	1976-1977	[	_	_	_	_	_	
7-33	1977-1979	Ca	_	_	_	_	_	
7-34	1979-1980	(	_	_	_	_	_	
7-35	1980-1984	HCO3	_	_	_	_	_	
7-36	1984-1985	)	_	_	_	_	_	
7-37	1985-1986	2	_	_	_	_	_	
7-38	1986-1987	]	_	_	_	_	_	
7-39	1988-1989	–	_	_	_	_	_	
7-40	1990-1991	v	_	_	_	_	_	
7-41	1991-1992	.	_	_	_	_	_	
7-42	1993-2001	korozija	_	B.2 Loss	_	_	_	
7-43	2001-2002	.	_	_	_	_	_	

#Text=paleta – isturena sigasta tvorevina na zidu podzemne šupljine; sliči slikarskoj paleti, prema kojoj je i dobila naziv.
8-1	2004-2010	paleta	_	D.1 Abiotic	DEFINIENDUM	_	_	
8-2	2011-2012	–	_	_	_	_	_	
8-3	2013-2021	isturena	_	_	_	HAS\_FORM	_	
8-4	2022-2029	sigasta	_	D.1 Abiotic[9]	GENUS[21]	_	_	
8-5	2030-2039	tvorevina	_	D.1 Abiotic[9]	GENUS[21]	_	_	
8-6	2040-2042	na	_	_	_	HAS\_LOCATION[45]	_	
8-7	2043-2047	zidu	_	_	_	HAS\_LOCATION[45]	_	
8-8	2048-2056	podzemne	_	_	_	HAS\_LOCATION[45]	_	
8-9	2057-2065	šupljine	_	_	_	HAS\_LOCATION[45]	_	
8-10	2065-2066	;	_	_	_	_	_	
8-11	2067-2072	sliči	_	_	_	_	_	
8-12	2073-2083	slikarskoj	_	_	_	_	_	
8-13	2084-2090	paleti	_	_	_	_	_	
8-14	2090-2091	,	_	_	_	_	_	
8-15	2092-2097	prema	_	_	_	_	_	
8-16	2098-2103	kojoj	_	_	_	_	_	
8-17	2104-2106	je	_	_	_	_	_	
8-18	2107-2108	i	_	_	_	_	_	
8-19	2109-2115	dobila	_	_	_	_	_	
8-20	2116-2121	naziv	_	_	_	_	_	
8-21	2121-2122	.	_	_	_	_	_	

#Text=paraklaza – pukotina duž koje je bilo izdizanja ili spuštanja ili uzdužnog pomicanja zemljišta.
9-1	2124-2133	paraklaza	_	A.4 Other	DEFINIENDUM	_	_	
9-2	2134-2135	–	_	_	_	_	_	
9-3	2136-2144	pukotina	_	A.2 Underground landform	GENUS	_	_	
9-4	2145-2148	duž	_	_	_	HAS\_ATTRIBUTE[46]	_	
9-5	2149-2153	koje	_	_	_	HAS\_ATTRIBUTE[46]	_	
9-6	2154-2156	je	_	_	_	HAS\_ATTRIBUTE[46]	_	
9-7	2157-2161	bilo	_	_	_	HAS\_ATTRIBUTE[46]	_	
9-8	2162-2171	izdizanja	izdizanje zemljišta	_	_	HAS\_ATTRIBUTE[46]	_	
9-9	2172-2175	ili	_	_	_	HAS\_ATTRIBUTE[46]	_	
9-10	2176-2185	spuštanja	spuštanje zemljišta	_	_	HAS\_ATTRIBUTE[46]	_	
9-11	2186-2189	ili	_	_	_	HAS\_ATTRIBUTE[46]	_	
9-12	2190-2198	uzdužnog	_	_	_	HAS\_ATTRIBUTE[46]	_	
9-13	2199-2208	pomicanja	_	_	_	HAS\_ATTRIBUTE[46]	_	
9-14	2209-2218	zemljišta	_	_	_	HAS\_ATTRIBUTE[46]	_	
9-15	2218-2219	.	_	_	_	_	_	

#Text=pećina – zaklon, poluspilja u podnožju ili u stranama stjenovitog strmca. P. su imale ključno značenje kao prvobitna skloništa ljudi (etimološki vezane uz “peći”, tj. loženje vatre, pripremanje jela, peć), zbog toga je naziv očuvan u toponimima, čak i u krajevima gdje više ne živi slavenski narod. Pećine su vezane za različite uvjete ja čeg koncentriranja korozijskog procesa (v. korozija, dife rencirana i pritlena).
10-1	2221-2227	pećina	_	A.2 Underground landform	DEFINIENDUM	_	_	
10-2	2228-2229	–	_	_	_	_	_	
10-3	2230-2236	zaklon	_	A.2 Underground landform	GENUS	_	_	
10-4	2236-2237	,	_	_	_	_	_	
10-5	2238-2248	poluspilja	_	A.2 Underground landform	GENUS	_	_	
10-6	2249-2250	u	_	_	_	HAS\_LOCATION[47]	_	
10-7	2251-2259	podnožju	_	_	_	HAS\_LOCATION[47]	_	
10-8	2260-2263	ili	_	_	_	HAS\_LOCATION[47]	_	
10-9	2264-2265	u	_	_	_	HAS\_LOCATION[47]	_	
10-10	2266-2274	stranama	_	_	_	HAS\_LOCATION[47]	_	
10-11	2275-2286	stjenovitog	_	_	_	HAS\_LOCATION[47]	_	
10-12	2287-2293	strmca	_	_	_	HAS\_LOCATION[47]	_	
10-13	2293-2294	.	_	_	_	_	_	
10-14	2295-2296	P	_	_	_	_	_	
10-15	2296-2297	.	_	_	_	_	_	
10-16	2298-2300	su	_	_	_	_	_	
10-17	2301-2306	imale	_	_	_	_	_	
10-18	2307-2314	ključno	_	_	_	_	_	
10-19	2315-2323	značenje	_	_	_	_	_	
10-20	2324-2327	kao	_	_	_	_	_	
10-21	2328-2337	prvobitna	_	_	_	_	_	
10-22	2338-2347	skloništa	_	_	_	_	_	
10-23	2348-2353	ljudi	_	_	_	_	_	
10-24	2354-2355	(	_	_	_	_	_	
10-25	2355-2365	etimološki	_	_	_	_	_	
10-26	2366-2372	vezane	_	_	_	_	_	
10-27	2373-2375	uz	_	_	_	_	_	
10-28	2376-2377	“	_	_	_	_	_	
10-29	2377-2381	peći	_	_	_	_	_	
10-30	2381-2382	”	_	_	_	_	_	
10-31	2382-2383	,	_	_	_	_	_	
10-32	2384-2386	tj	_	_	_	_	_	
10-33	2386-2387	.	_	_	_	_	_	
10-34	2388-2395	loženje	_	_	_	_	_	
10-35	2396-2401	vatre	_	_	_	_	_	
10-36	2401-2402	,	_	_	_	_	_	
10-37	2403-2414	pripremanje	_	_	_	_	_	
10-38	2415-2419	jela	_	_	_	_	_	
10-39	2419-2420	,	_	_	_	_	_	
10-40	2421-2424	peć	_	_	_	_	_	
10-41	2424-2425	)	_	_	_	_	_	
10-42	2425-2426	,	_	_	_	_	_	
10-43	2427-2431	zbog	_	_	_	_	_	
10-44	2432-2436	toga	_	_	_	_	_	
10-45	2437-2439	je	_	_	_	_	_	
10-46	2440-2445	naziv	_	_	_	_	_	
10-47	2446-2452	očuvan	_	_	_	_	_	
10-48	2453-2454	u	_	_	_	_	_	
10-49	2455-2465	toponimima	_	_	_	_	_	
10-50	2465-2466	,	_	_	_	_	_	
10-51	2467-2470	čak	_	_	_	_	_	
10-52	2471-2472	i	_	_	_	_	_	
10-53	2473-2474	u	_	_	_	_	_	
10-54	2475-2484	krajevima	_	_	_	_	_	
10-55	2485-2489	gdje	_	_	_	_	_	
10-56	2490-2494	više	_	_	_	_	_	
10-57	2495-2497	ne	_	_	_	_	_	
10-58	2498-2502	živi	_	_	_	_	_	
10-59	2503-2512	slavenski	_	_	_	_	_	
10-60	2513-2518	narod	_	_	_	_	_	
10-61	2518-2519	.	_	_	_	_	_	
10-62	2520-2526	Pećine	_	_	_	_	_	
10-63	2527-2529	su	_	_	_	_	_	
10-64	2530-2536	vezane	_	_	_	_	_	
10-65	2537-2539	za	_	_	_	_	_	
10-66	2540-2549	različite	_	_	_	_	_	
10-67	2550-2556	uvjete	_	_	_	_	_	
10-68	2557-2559	ja	_	_	_	_	_	
10-69	2560-2563	čeg	_	_	_	_	_	
10-70	2564-2578	koncentriranja	_	_	_	_	_	
10-71	2579-2590	korozijskog	_	_	_	_	_	
10-72	2591-2598	procesa	_	_	_	_	_	
10-73	2599-2600	(	_	_	_	_	_	
10-74	2600-2601	v	_	_	_	_	_	
10-75	2601-2602	.	_	_	_	_	_	
10-76	2603-2611	korozija	_	_	_	_	_	
10-77	2611-2612	,	_	_	_	_	_	
10-78	2613-2617	dife	_	_	_	_	_	
10-79	2618-2627	rencirana	_	_	_	_	_	
10-80	2628-2629	i	_	_	_	_	_	
10-81	2630-2638	pritlena	_	_	_	_	_	
10-82	2638-2639	)	_	_	_	_	_	
10-83	2639-2640	.	_	_	_	_	_	

#Text=U literaturi se netočno upotrebljava kao sinonim za spilju.
11-1	2642-2643	U	_	_	_	_	_	
11-2	2644-2654	literaturi	_	_	_	_	_	
11-3	2655-2657	se	_	_	_	_	_	
11-4	2658-2665	netočno	_	_	_	_	_	
11-5	2666-2678	upotrebljava	_	_	_	_	_	
11-6	2679-2682	kao	_	_	_	_	_	
11-7	2683-2690	sinonim	_	_	_	_	_	
11-8	2691-2693	za	_	_	_	_	_	
11-9	2694-2700	spilju	_	_	_	_	_	
11-10	2700-2701	.	_	_	_	_	_	

#Text=pećinski ukras – sigaste konkrecije na stropovima i stranama pećina (v. sigaste tvorevine).
12-1	2704-2712	pećinski	_	D.1 Abiotic[10]	DEFINIENDUM[22]	_	_	
12-2	2713-2718	ukras	_	D.1 Abiotic[10]	DEFINIENDUM[22]	_	_	
12-3	2719-2720	–	_	_	_	_	_	
12-4	2721-2728	sigaste	_	D.1 Abiotic[11]	GENUS[23]	_	_	
12-5	2729-2739	konkrecije	_	D.1 Abiotic[11]	GENUS[23]	_	_	
12-6	2740-2742	na	_	_	_	HAS\_LOCATION[48]	_	
12-7	2743-2753	stropovima	_	_	_	HAS\_LOCATION[48]	_	
12-8	2754-2755	i	_	_	_	HAS\_LOCATION[48]	_	
12-9	2756-2764	stranama	_	_	_	HAS\_LOCATION[48]	_	
12-10	2765-2771	pećina	_	_	_	HAS\_LOCATION[48]	_	
12-11	2772-2773	(	_	_	_	_	_	
12-12	2773-2774	v	_	_	_	_	_	
12-13	2774-2775	.	_	_	_	_	_	
12-14	2776-2783	sigaste	_	_	_	_	_	
12-15	2784-2793	tvorevine	_	_	_	_	_	
12-16	2793-2794	)	_	_	_	_	_	
12-17	2794-2795	.	_	_	_	_	_	

#Text=piezometarska razina – registrirana i promjenjiva razina do koje se izdiže voda u pukotinama krša.
13-1	2797-2810	piezometarska	_	D.3 Property[12]	DEFINIENDUM[24]	_	_	
13-2	2811-2817	razina	_	D.3 Property[12]	DEFINIENDUM[24]	_	_	
13-3	2818-2819	–	_	_	_	_	_	
13-4	2820-2832	registrirana	_	_	_	DEFINED\_AS[49]	_	
13-5	2833-2834	i	_	_	_	DEFINED\_AS[49]	_	
13-6	2835-2846	promjenjiva	_	_	_	DEFINED\_AS[49]	_	
13-7	2847-2853	razina	_	_	_	DEFINED\_AS[49]	_	
13-8	2854-2856	do	_	_	_	DEFINED\_AS[49]	_	
13-9	2857-2861	koje	_	_	_	DEFINED\_AS[49]	_	
13-10	2862-2864	se	_	_	_	DEFINED\_AS[49]	_	
13-11	2865-2871	izdiže	_	_	_	DEFINED\_AS[49]	_	
13-12	2872-2876	voda	_	_	_	DEFINED\_AS[49]	_	
13-13	2877-2878	u	_	_	_	DEFINED\_AS[49]	_	
13-14	2879-2889	pukotinama	_	_	_	DEFINED\_AS[49]	_	
13-15	2890-2894	krša	_	_	_	DEFINED\_AS[49]	_	
13-16	2894-2895	.	_	_	_	_	_	

#Text=pizolit – sferična konkrecija sige oko nekog fragmenta (v. sigaste tvorevine).
14-1	2897-2904	pizolit	_	D.1 Abiotic	DEFINIENDUM	_	_	
14-2	2905-2906	–	_	_	_	_	_	
14-3	2907-2915	sferična	_	_	_	HAS\_FORM	_	
14-4	2916-2926	konkrecija	_	D.1 Abiotic[13]	GENUS[25]	_	_	
14-5	2927-2931	sige	_	D.1 Abiotic[13]	GENUS[25]	_	_	
14-6	2932-2935	oko	_	_	_	_	_	
14-7	2936-2941	nekog	_	_	_	_	_	
14-8	2942-2951	fragmenta	_	_	_	_	_	
14-9	2952-2953	(	_	_	_	_	_	
14-10	2953-2954	v	_	_	_	_	_	
14-11	2954-2955	.	_	_	_	_	_	
14-12	2956-2963	sigaste	_	_	_	_	_	
14-13	2964-2973	tvorevine	_	_	_	_	_	
14-14	2973-2974	)	_	_	_	_	_	
14-15	2974-2975	.	_	_	_	_	_	

#Text=ploča 1. dio pločastih vapnenaca kojima se pokrivaju kuće, a manji dijelovi služe za društvenu igru.2. p. se naziva i ravna ili blago nagnuta ploha vapnenca, što se odražava i u toponimima, npr. Rt. Ploča.
15-1	2977-2982	ploča	_	A.1 Surface landform	DEFINIENDUM	_	_	
15-2	2983-2984	1	_	_	_	_	_	
15-3	2984-2985	.	_	_	_	_	_	
15-4	2986-2989	dio	_	_	_	_	_	
15-5	2990-2999	pločastih	_	D.1 Abiotic[14]	GENUS[26]	_	_	
15-6	3000-3009	vapnenaca	_	D.1 Abiotic[14]	GENUS[26]	_	_	
15-7	3010-3016	kojima	_	_	_	HAS\_FUNCTION[50]	_	
15-8	3017-3019	se	_	_	_	HAS\_FUNCTION[50]	_	
15-9	3020-3029	pokrivaju	_	_	_	HAS\_FUNCTION[50]	_	
15-10	3030-3034	kuće	_	_	_	HAS\_FUNCTION[50]	_	
15-11	3034-3035	,	_	_	_	_	_	
15-12	3036-3037	a	_	_	_	_	_	
15-13	3038-3043	manji	_	_	_	HAS\_FUNCTION[51]	_	
15-14	3044-3052	dijelovi	_	_	_	HAS\_FUNCTION[51]	_	
15-15	3053-3058	služe	_	_	_	HAS\_FUNCTION[51]	_	
15-16	3059-3061	za	_	_	_	HAS\_FUNCTION[51]	_	
15-17	3062-3071	društvenu	_	_	_	HAS\_FUNCTION[51]	_	
15-18	3072-3076	igru	_	_	_	HAS\_FUNCTION[51]	_	
15-19	3076-3078	.2	_	_	_	_	_	
15-20	3078-3079	.	_	_	_	_	_	
15-21	3080-3081	p	_	_	_	_	_	
15-22	3081-3082	.	_	_	_	_	_	
15-23	3083-3085	se	_	_	_	_	_	
15-24	3086-3092	naziva	_	_	_	_	_	
15-25	3093-3094	i	_	_	_	_	_	
15-26	3095-3100	ravna	_	_	_	DEFINED\_AS[52]	_	
15-27	3101-3104	ili	_	_	_	DEFINED\_AS[52]	_	
15-28	3105-3110	blago	_	_	_	DEFINED\_AS[52]	_	
15-29	3111-3118	nagnuta	_	_	_	DEFINED\_AS[52]	_	
15-30	3119-3124	ploha	_	_	_	DEFINED\_AS[52]	_	
15-31	3125-3133	vapnenca	_	D.1 Abiotic	_	DEFINED\_AS[52]	_	
15-32	3133-3134	,	_	_	_	_	_	
15-33	3135-3138	što	_	_	_	_	_	
15-34	3139-3141	se	_	_	_	_	_	
15-35	3142-3150	odražava	_	_	_	_	_	
15-36	3151-3152	i	_	_	_	_	_	
15-37	3153-3154	u	_	_	_	_	_	
15-38	3155-3165	toponimima	_	_	_	_	_	
15-39	3165-3166	,	_	_	_	_	_	
15-40	3167-3170	npr	_	_	_	_	_	
15-41	3170-3171	.	_	_	_	_	_	
15-42	3172-3174	Rt	rt Ploča / punta Planka[1]	D.3.1 Geolocation[15]	_	HAS\_POSITION[53]	_	
15-43	3174-3175	.	rt Ploča / punta Planka[1]	D.3.1 Geolocation[15]	_	HAS\_POSITION[53]	_	
15-44	3176-3181	Ploča	rt Ploča / punta Planka[1]	D.3.1 Geolocation[15]	_	HAS\_POSITION[53]	_	
15-45	3181-3182	.	_	_	_	_	_	

#Text=pločasti vapnenac – vapnenac koji je uslojen u tanke slojeve i lako se cijepa u ploče (v.).
16-1	3184-3192	pločasti	_	D.1 Abiotic[16]	DEFINIENDUM[27]	_	_	
16-2	3193-3201	vapnenac	_	D.1 Abiotic[16]	DEFINIENDUM[27]	_	_	
16-3	3202-3203	–	_	_	_	_	_	
16-4	3204-3212	vapnenac	_	D.1 Abiotic	GENUS	_	_	
16-5	3213-3217	koji	_	_	_	_	_	
16-6	3218-3220	je	_	_	_	_	_	
16-7	3221-3228	uslojen	_	_	_	HAS\_ATTRIBUTE[54]	_	
16-8	3229-3230	u	_	_	_	HAS\_ATTRIBUTE[54]	_	
16-9	3231-3236	tanke	_	_	_	HAS\_ATTRIBUTE[54]	_	
16-10	3237-3244	slojeve	_	_	_	HAS\_ATTRIBUTE[54]	_	
16-11	3245-3246	i	_	_	_	_	_	
16-12	3247-3251	lako	_	_	_	HAS\_ATTRIBUTE[55]	_	
16-13	3252-3254	se	_	_	_	HAS\_ATTRIBUTE[55]	_	
16-14	3255-3261	cijepa	_	_	_	HAS\_ATTRIBUTE[55]	_	
16-15	3262-3263	u	_	_	_	HAS\_ATTRIBUTE[55]	_	
16-16	3264-3269	ploče	_	_	_	HAS\_ATTRIBUTE[55]	_	
16-17	3270-3271	(	_	_	_	_	_	
16-18	3271-3272	v	_	_	_	_	_	
16-19	3272-3273	.	_	_	_	_	_	
16-20	3273-3274	)	_	_	_	_	_	
16-21	3274-3275	.	_	_	_	_	_	

#Text=pod – narodni termin za stepeničaste ravne plohe, ne samo prirodnog već i umjetnog podrijetla. Podovi u kršu su redovito nastali rubnom korozijom (v.) ili diferenciranim spiranjem. P. susrećemo i u toponimima. U toponimima nekih naših krških krajeva susre ćemo i turcizam “tavan” (pl. tavani) u značenju pod ili ravnjak.
17-1	3277-3280	pod	_	A.1 Surface landform	DEFINIENDUM	_	_	
17-2	3281-3282	–	_	_	_	_	_	
17-3	3283-3290	narodni	_	_	_	_	_	
17-4	3291-3297	termin	_	_	_	_	_	
17-5	3298-3300	za	_	_	_	_	_	
17-6	3301-3313	stepeničaste	_	_	_	DEFINED\_AS[56]	_	
17-7	3314-3319	ravne	_	_	_	DEFINED\_AS[56]	_	
17-8	3320-3325	plohe	_	_	_	DEFINED\_AS[56]	_	
17-9	3325-3326	,	_	_	_	_	_	
17-10	3327-3329	ne	_	_	_	_	_	
17-11	3330-3334	samo	_	_	_	_	_	
17-12	3335-3344	prirodnog	_	_	_	_	_	
17-13	3345-3348	već	_	_	_	_	_	
17-14	3349-3350	i	_	_	_	_	_	
17-15	3351-3359	umjetnog	_	_	_	_	_	
17-16	3360-3370	podrijetla	_	_	_	_	_	
17-17	3370-3371	.	_	_	_	_	_	
17-18	3372-3378	Podovi	_	_	_	_	_	
17-19	3379-3380	u	_	_	_	_	_	
17-20	3381-3385	kršu	_	_	_	_	_	
17-21	3386-3388	su	_	_	_	_	_	
17-22	3389-3397	redovito	_	_	_	_	_	
17-23	3398-3405	nastali	_	_	_	HAS\_CAUSE[57]	_	
17-24	3406-3412	rubnom	_	B.4 Transformation[17]	_	HAS\_CAUSE[57]	_	
17-25	3413-3422	korozijom	_	B.4 Transformation[17]	_	HAS\_CAUSE[57]	_	
17-26	3423-3424	(	_	_	_	_	_	
17-27	3424-3425	v	_	_	_	_	_	
17-28	3425-3426	.	_	_	_	_	_	
17-29	3426-3427	)	_	_	_	_	_	
17-30	3428-3431	ili	_	_	_	_	_	
17-31	3432-3446	diferenciranim	_	B.2 Loss[18]	_	_	_	
17-32	3447-3456	spiranjem	_	B.2 Loss[18]	_	_	_	
17-33	3456-3457	.	_	_	_	_	_	
17-34	3458-3459	P	_	_	_	_	_	
17-35	3459-3460	.	_	_	_	_	_	
17-36	3461-3470	susrećemo	_	_	_	_	_	
17-37	3471-3472	i	_	_	_	_	_	
17-38	3473-3474	u	_	_	_	_	_	
17-39	3475-3485	toponimima	_	_	_	_	_	
17-40	3485-3486	.	_	_	_	_	_	
17-41	3487-3488	U	_	_	_	_	_	
17-42	3489-3499	toponimima	_	_	_	_	_	
17-43	3500-3505	nekih	_	_	_	_	_	
17-44	3506-3511	naših	_	_	_	_	_	
17-45	3512-3518	krških	_	_	_	_	_	
17-46	3519-3526	krajeva	_	_	_	_	_	
17-47	3527-3532	susre	_	_	_	_	_	
17-48	3533-3537	ćemo	_	_	_	_	_	
17-49	3538-3539	i	_	_	_	_	_	
17-50	3540-3548	turcizam	_	_	_	_	_	
17-51	3549-3550	“	_	_	_	_	_	
17-52	3550-3555	tavan	_	A.1 Surface landform	DEFINIENDUM	_	_	
17-53	3555-3556	”	_	_	_	_	_	
17-54	3557-3558	(	_	_	_	_	_	
17-55	3558-3560	pl	_	_	_	_	_	
17-56	3560-3561	.	_	_	_	_	_	
17-57	3562-3568	tavani	_	_	_	_	_	
17-58	3568-3569	)	_	_	_	_	_	
17-59	3570-3571	u	_	_	_	_	_	
17-60	3572-3580	značenju	_	_	_	_	_	
17-61	3581-3584	pod	_	_	_	_	_	
17-62	3585-3588	ili	_	_	_	_	_	
17-63	3589-3596	ravnjak	_	_	_	_	_	
17-64	3596-3597	.	_	_	_	_	_	

#Text=podzemlje – cjelina raznovrsnih podzemnih šupljina u kršu.
18-1	3599-3608	podzemlje	_	A.4 Other	DEFINIENDUM	_	_	
18-2	3609-3610	–	_	_	_	_	_	
18-3	3611-3618	cjelina	_	_	_	DEFINED\_AS[58]	_	
18-4	3619-3630	raznovrsnih	_	_	_	DEFINED\_AS[58]	_	
18-5	3631-3640	podzemnih	_	A.2 Underground landform[19]	_	DEFINED\_AS[58]	_	
18-6	3641-3649	šupljina	_	A.2 Underground landform[19]	_	DEFINED\_AS[58]	_	
18-7	3650-3651	u	_	_	_	HAS\_LOCATION[59]	_	
18-8	3652-3656	kršu	_	C. Geome	_	HAS\_LOCATION[59]	_	
18-9	3656-3657	.	_	_	_	_	_	
