#FORMAT=WebAnno TSV 3.2
#T_SP=webanno.custom.Canonicalform|Canonical
#T_SP=webanno.custom.Category|Category
#T_SP=webanno.custom.Definitionelement|Def_element
#T_SP=webanno.custom.Relation|Relation
#T_SP=webanno.custom.Relation_definitor|Rel_verb_frame


#Text=polje – 1. Općenit naziv za obrađenu ili obradivu površinu, veoma raširen u toponimima autarkijske ere. Donedavno su često spominjani nazivi: Zagrebačko p., Varaždinsko p., Ptujsko p., Splitsko p. i sl.; tržišnim povezivanjem ti nazivi brzo gube značenje i upotrebu. Pejzažno izolirana i gospodarski relativno važna polja u složenim dolinama održavaju se i dalje u toponimi ma, npr. Sarajevsko p., Kosovo p., Bihaćko p., Sinjsko p., Kninsko p. i sl.
1-1	0-5	polje	_	A.1 Surface landform	DEFINIENDUM	_	_	
1-2	6-7	–	_	_	_	_	_	
1-3	8-9	1	_	_	_	_	_	
1-4	9-10	.	_	_	_	_	_	
1-5	11-18	Općenit	_	_	_	_	_	
1-6	19-24	naziv	_	_	_	_	frame\_DEFINED\_AS[66]	
1-7	25-27	za	_	_	_	_	frame\_DEFINED\_AS[66]	
1-8	28-36	obrađenu	_	_	_	DEFINED\_AS[34]	_	
1-9	37-40	ili	_	_	_	DEFINED\_AS[34]	_	
1-10	41-49	obradivu	_	_	_	DEFINED\_AS[34]	_	
1-11	50-58	površinu	_	_	_	DEFINED\_AS[34]	_	
1-12	58-59	,	_	_	_	_	_	
1-13	60-65	veoma	_	_	_	_	_	
1-14	66-73	raširen	_	_	_	_	_	
1-15	74-75	u	_	_	_	_	_	
1-16	76-86	toponimima	_	_	_	_	_	
1-17	87-98	autarkijske	_	_	_	_	_	
1-18	99-102	ere	_	_	_	_	_	
1-19	102-103	.	_	_	_	_	_	
1-20	104-113	Donedavno	_	_	_	_	_	
1-21	114-116	su	_	_	_	_	_	
1-22	117-122	često	_	_	_	_	_	
1-23	123-133	spominjani	_	_	_	_	_	
1-24	134-140	nazivi	_	_	_	_	_	
1-25	140-141	:	_	_	_	_	_	
1-26	142-152	Zagrebačko	_	_	_	HAS\_POSITION[35]	_	
1-27	153-154	p	_	_	_	HAS\_POSITION[35]	_	
1-28	154-155	.	_	_	_	_	_	
1-29	155-156	,	_	_	_	_	_	
1-30	157-168	Varaždinsko	_	_	_	HAS\_POSITION[36]	_	
1-31	169-170	p	_	_	_	HAS\_POSITION[36]	_	
1-32	170-171	.	_	_	_	HAS\_POSITION[36]	_	
1-33	171-172	,	_	_	_	_	_	
1-34	173-180	Ptujsko	_	_	_	HAS\_POSITION[37]	_	
1-35	181-182	p	_	_	_	HAS\_POSITION[37]	_	
1-36	182-183	.	_	_	_	HAS\_POSITION[37]	_	
1-37	183-184	,	_	_	_	_	_	
1-38	185-193	Splitsko	_	_	_	HAS\_POSITION[38]	_	
1-39	194-195	p	_	_	_	HAS\_POSITION[38]	_	
1-40	195-196	.	_	_	_	HAS\_POSITION[38]	_	
1-41	197-198	i	_	_	_	_	_	
1-42	199-201	sl	_	_	_	_	_	
1-43	201-202	.	_	_	_	_	_	
1-44	202-203	;	_	_	_	_	_	
1-45	204-212	tržišnim	_	_	_	_	_	
1-46	213-225	povezivanjem	_	_	_	_	_	
1-47	226-228	ti	_	_	_	_	_	
1-48	229-235	nazivi	_	_	_	_	_	
1-49	236-240	brzo	_	_	_	_	_	
1-50	241-245	gube	_	_	_	_	_	
1-51	246-254	značenje	_	_	_	_	_	
1-52	255-256	i	_	_	_	_	_	
1-53	257-265	upotrebu	_	_	_	_	_	
1-54	265-266	.	_	_	_	_	_	
1-55	267-275	Pejzažno	_	_	_	_	_	
1-56	276-285	izolirana	_	_	_	_	_	
1-57	286-287	i	_	_	_	_	_	
1-58	288-299	gospodarski	_	_	_	_	_	
1-59	300-309	relativno	_	_	_	_	_	
1-60	310-315	važna	_	_	_	_	_	
1-61	316-321	polja	_	_	_	_	_	
1-62	322-323	u	_	_	_	_	_	
1-63	324-332	složenim	_	_	_	_	_	
1-64	333-341	dolinama	_	_	_	_	_	
1-65	342-351	održavaju	_	_	_	_	_	
1-66	352-354	se	_	_	_	_	_	
1-67	355-356	i	_	_	_	_	_	
1-68	357-362	dalje	_	_	_	_	_	
1-69	363-364	u	_	_	_	_	_	
1-70	365-373	toponimi	_	_	_	_	_	
1-71	374-376	ma	_	_	_	_	_	
1-72	376-377	,	_	_	_	_	_	
1-73	378-381	npr	_	_	_	_	_	
1-74	381-382	.	_	_	_	_	_	
1-75	383-393	Sarajevsko	_	_	_	_	_	
1-76	394-395	p	_	_	_	_	_	
1-77	395-396	.	_	_	_	_	_	
1-78	396-397	,	_	_	_	_	_	
1-79	398-404	Kosovo	_	_	_	_	_	
1-80	405-406	p	_	_	_	_	_	
1-81	406-407	.	_	_	_	_	_	
1-82	407-408	,	_	_	_	_	_	
1-83	409-416	Bihaćko	_	_	_	_	_	
1-84	417-418	p	_	_	_	_	_	
1-85	418-419	.	_	_	_	_	_	
1-86	419-420	,	_	_	_	_	_	
1-87	421-428	Sinjsko	_	_	_	_	_	
1-88	429-430	p	_	_	_	_	_	
1-89	430-431	.	_	_	_	_	_	
1-90	431-432	,	_	_	_	_	_	
1-91	433-440	Kninsko	_	_	_	_	_	
1-92	441-442	p	_	_	_	_	_	
1-93	442-443	.	_	_	_	_	_	
1-94	444-445	i	_	_	_	_	_	
1-95	446-448	sl	_	_	_	_	_	
1-96	448-449	.	_	_	_	_	_	

#Text=posebnu grupu čine polja, izolirana u krškoj okolici, najizrazitija u pojasu dubokog (v.) Dinarskog krša. Za ta polja su vezana glavna naselja, po kojima su najčešće nazvana, npr.: Livanjsko p., Glamočko p., Imotsko p. i dr. Zbog specifičnosti, pejzažnog kontrasta i društvenog značenja ovi nazivi će se održati. Izolirana polja u kršu su vezana za rastrošive stijene koje su tektonskim gibanjem dospjele među otpornije vapnence. U trošivim i nepropusnim stijenama izmodelirane su udubine iz kojih otječu vode i od nose trošine kroz podzemlje krške okolice.
2-1	451-458	posebnu	_	_	_	_	_	
2-2	459-464	grupu	_	_	_	_	_	
2-3	465-469	čine	_	_	_	_	_	
2-4	470-475	polja	_	_	_	_	_	
2-5	475-476	,	_	_	_	_	_	
2-6	477-486	izolirana	_	_	_	_	_	
2-7	487-488	u	_	_	_	_	_	
2-8	489-495	krškoj	_	_	_	_	_	
2-9	496-503	okolici	_	_	_	_	_	
2-10	503-504	,	_	_	_	_	_	
2-11	505-518	najizrazitija	_	_	_	_	_	
2-12	519-520	u	_	_	_	_	_	
2-13	521-527	pojasu	_	_	_	_	_	
2-14	528-535	dubokog	_	_	_	_	_	
2-15	536-537	(	_	_	_	_	_	
2-16	537-538	v	_	_	_	_	_	
2-17	538-539	.	_	_	_	_	_	
2-18	539-540	)	_	_	_	_	_	
2-19	541-550	Dinarskog	_	_	_	_	_	
2-20	551-555	krša	_	_	_	_	_	
2-21	555-556	.	_	_	_	_	_	
2-22	557-559	Za	_	_	_	_	_	
2-23	560-562	ta	_	_	_	_	_	
2-24	563-568	polja	_	_	_	_	_	
2-25	569-571	su	_	_	_	_	_	
2-26	572-578	vezana	_	_	_	_	_	
2-27	579-585	glavna	_	_	_	_	_	
2-28	586-593	naselja	_	_	_	_	_	
2-29	593-594	,	_	_	_	_	_	
2-30	595-597	po	_	_	_	_	_	
2-31	598-604	kojima	_	_	_	_	_	
2-32	605-607	su	_	_	_	_	_	
2-33	608-616	najčešće	_	_	_	_	_	
2-34	617-624	nazvana	_	_	_	_	_	
2-35	624-625	,	_	_	_	_	_	
2-36	626-629	npr	_	_	_	_	_	
2-37	629-630	.	_	_	_	_	_	
2-38	630-631	:	_	_	_	_	_	
2-39	632-641	Livanjsko	_	_	_	_	_	
2-40	642-643	p	_	_	_	_	_	
2-41	643-644	.	_	_	_	_	_	
2-42	644-645	,	_	_	_	_	_	
2-43	646-654	Glamočko	_	_	_	_	_	
2-44	655-656	p	_	_	_	_	_	
2-45	656-657	.	_	_	_	_	_	
2-46	657-658	,	_	_	_	_	_	
2-47	659-666	Imotsko	_	_	_	_	_	
2-48	667-668	p	_	_	_	_	_	
2-49	668-669	.	_	_	_	_	_	
2-50	670-671	i	_	_	_	_	_	
2-51	672-674	dr	_	_	_	_	_	
2-52	674-675	.	_	_	_	_	_	
2-53	676-680	Zbog	_	_	_	_	_	
2-54	681-694	specifičnosti	_	_	_	_	_	
2-55	694-695	,	_	_	_	_	_	
2-56	696-705	pejzažnog	_	_	_	_	_	
2-57	706-715	kontrasta	_	_	_	_	_	
2-58	716-717	i	_	_	_	_	_	
2-59	718-728	društvenog	_	_	_	_	_	
2-60	729-737	značenja	_	_	_	_	_	
2-61	738-741	ovi	_	_	_	_	_	
2-62	742-748	nazivi	_	_	_	_	_	
2-63	749-751	će	_	_	_	_	_	
2-64	752-754	se	_	_	_	_	_	
2-65	755-762	održati	_	_	_	_	_	
2-66	762-763	.	_	_	_	_	_	
2-67	764-773	Izolirana	_	_	_	_	_	
2-68	774-779	polja	_	_	_	_	_	
2-69	780-781	u	_	_	_	_	_	
2-70	782-786	kršu	_	_	_	_	_	
2-71	787-789	su	_	_	_	_	_	
2-72	790-796	vezana	_	_	_	_	_	
2-73	797-799	za	_	_	_	_	_	
2-74	800-810	rastrošive	_	_	_	_	_	
2-75	811-818	stijene	_	_	_	_	_	
2-76	819-823	koje	_	_	_	_	_	
2-77	824-826	su	_	_	_	_	_	
2-78	827-837	tektonskim	_	_	_	_	_	
2-79	838-846	gibanjem	_	_	_	_	_	
2-80	847-855	dospjele	_	_	_	_	_	
2-81	856-860	među	_	_	_	_	_	
2-82	861-870	otpornije	_	_	_	_	_	
2-83	871-879	vapnence	_	_	_	_	_	
2-84	879-880	.	_	_	_	_	_	
2-85	881-882	U	_	_	_	_	_	
2-86	883-891	trošivim	_	_	_	_	_	
2-87	892-893	i	_	_	_	_	_	
2-88	894-905	nepropusnim	_	_	_	_	_	
2-89	906-915	stijenama	_	_	_	_	_	
2-90	916-928	izmodelirane	_	_	_	_	_	
2-91	929-931	su	_	_	_	_	_	
2-92	932-939	udubine	_	_	_	_	_	
2-93	940-942	iz	_	_	_	_	_	
2-94	943-948	kojih	_	_	_	_	_	
2-95	949-955	otječu	_	_	_	_	_	
2-96	956-960	vode	_	_	_	_	_	
2-97	961-962	i	_	_	_	_	_	
2-98	963-965	od	_	_	_	_	_	
2-99	966-970	nose	_	_	_	_	_	
2-100	971-978	trošine	_	_	_	_	_	
2-101	979-983	kroz	_	_	_	_	_	
2-102	984-993	podzemlje	_	_	_	_	_	
2-103	994-999	krške	_	_	_	_	_	
2-104	1000-1007	okolice	_	_	_	_	_	
2-105	1007-1008	.	_	_	_	_	_	

#Text=za vrijeme pleistocenskog zahlađenja pritjecale su veće količine vode i donošeno obilje trošina koje ponori nisu mogli gutati, tako su naplavljene ravnice, odnosno polja.
3-1	1010-1012	za	_	_	_	_	_	
3-2	1013-1020	vrijeme	_	_	_	_	_	
3-3	1021-1035	pleistocenskog	_	_	_	_	_	
3-4	1036-1046	zahlađenja	_	_	_	_	_	
3-5	1047-1057	pritjecale	_	_	_	_	_	
3-6	1058-1060	su	_	_	_	_	_	
3-7	1061-1065	veće	_	_	_	_	_	
3-8	1066-1074	količine	_	_	_	_	_	
3-9	1075-1079	vode	_	_	_	_	_	
3-10	1080-1081	i	_	_	_	_	_	
3-11	1082-1090	donošeno	_	_	_	_	_	
3-12	1091-1097	obilje	_	_	_	_	_	
3-13	1098-1105	trošina	_	_	_	_	_	
3-14	1106-1110	koje	_	_	_	_	_	
3-15	1111-1117	ponori	_	_	_	_	_	
3-16	1118-1122	nisu	_	_	_	_	_	
3-17	1123-1128	mogli	_	_	_	_	_	
3-18	1129-1135	gutati	_	_	_	_	_	
3-19	1135-1136	,	_	_	_	_	_	
3-20	1137-1141	tako	_	_	_	_	_	
3-21	1142-1144	su	_	_	_	_	_	
3-22	1145-1156	naplavljene	_	_	_	_	_	
3-23	1157-1164	ravnice	_	_	_	_	_	
3-24	1164-1165	,	_	_	_	_	_	
3-25	1166-1173	odnosno	_	_	_	_	_	
3-26	1174-1179	polja	_	_	_	_	_	
3-27	1179-1180	.	_	_	_	_	_	

#Text=postglacijalnom izmjenom klime smanjeni su pritjecaj vode i nanos trošina i reaktivirani su mnogi ponori; odnosi se rahli pokrov i izbijaju, “rastu” stijene podloge.
4-1	1182-1197	postglacijalnom	_	_	_	_	_	
4-2	1198-1206	izmjenom	_	_	_	_	_	
4-3	1207-1212	klime	_	_	_	_	_	
4-4	1213-1221	smanjeni	_	_	_	_	_	
4-5	1222-1224	su	_	_	_	_	_	
4-6	1225-1234	pritjecaj	_	_	_	_	_	
4-7	1235-1239	vode	_	_	_	_	_	
4-8	1240-1241	i	_	_	_	_	_	
4-9	1242-1247	nanos	_	_	_	_	_	
4-10	1248-1255	trošina	_	_	_	_	_	
4-11	1256-1257	i	_	_	_	_	_	
4-12	1258-1270	reaktivirani	_	_	_	_	_	
4-13	1271-1273	su	_	_	_	_	_	
4-14	1274-1279	mnogi	_	_	_	_	_	
4-15	1280-1286	ponori	_	_	_	_	_	
4-16	1286-1287	;	_	_	_	_	_	
4-17	1288-1294	odnosi	_	_	_	_	_	
4-18	1295-1297	se	_	_	_	_	_	
4-19	1298-1303	rahli	_	_	_	_	_	
4-20	1304-1310	pokrov	_	_	_	_	_	
4-21	1311-1312	i	_	_	_	_	_	
4-22	1313-1321	izbijaju	_	_	_	_	_	
4-23	1321-1322	,	_	_	_	_	_	
4-24	1323-1324	“	_	_	_	_	_	
4-25	1324-1329	rastu	_	_	_	_	_	
4-26	1329-1330	”	_	_	_	_	_	
4-27	1331-1338	stijene	_	_	_	_	_	
4-28	1339-1346	podloge	_	_	_	_	_	
4-29	1346-1347	.	_	_	_	_	_	

#Text=u većini polja u kršu još nije uspostavljena ravnoteža između pritjecanja i podzemnog otjecanja te dolazi do periodskih ili dužih “blata” (v.) ili trajnih plavljenja, jezera (v.). Prokopavanje odvodnih tunela je pokazalo, da poplave nisu uvjetovane kolebanjem razine temeljnice, već nesrazmjerom između površinskog pritjecanja i kapaciteta ponora. Nepotrebno izdvajanje suhih polja uvjetova no je shematskom predpostavkom o kolebanju razine pod zemnih voda i vodi u zabunu.
5-1	1349-1350	u	_	_	_	_	_	
5-2	1351-1357	većini	_	_	_	_	_	
5-3	1358-1363	polja	_	_	_	_	_	
5-4	1364-1365	u	_	_	_	_	_	
5-5	1366-1370	kršu	_	_	_	_	_	
5-6	1371-1374	još	_	_	_	_	_	
5-7	1375-1379	nije	_	_	_	_	_	
5-8	1380-1393	uspostavljena	_	_	_	_	_	
5-9	1394-1403	ravnoteža	_	_	_	_	_	
5-10	1404-1410	između	_	_	_	_	_	
5-11	1411-1422	pritjecanja	_	_	_	_	_	
5-12	1423-1424	i	_	_	_	_	_	
5-13	1425-1434	podzemnog	_	_	_	_	_	
5-14	1435-1444	otjecanja	_	_	_	_	_	
5-15	1445-1447	te	_	_	_	_	_	
5-16	1448-1454	dolazi	_	_	_	_	_	
5-17	1455-1457	do	_	_	_	_	_	
5-18	1458-1468	periodskih	_	_	_	_	_	
5-19	1469-1472	ili	_	_	_	_	_	
5-20	1473-1478	dužih	_	_	_	_	_	
5-21	1479-1480	“	_	_	_	_	_	
5-22	1480-1485	blata	_	_	_	_	_	
5-23	1485-1486	”	_	_	_	_	_	
5-24	1487-1488	(	_	_	_	_	_	
5-25	1488-1489	v	_	_	_	_	_	
5-26	1489-1490	.	_	_	_	_	_	
5-27	1490-1491	)	_	_	_	_	_	
5-28	1492-1495	ili	_	_	_	_	_	
5-29	1496-1503	trajnih	_	_	_	_	_	
5-30	1504-1514	plavljenja	_	_	_	_	_	
5-31	1514-1515	,	_	_	_	_	_	
5-32	1516-1522	jezera	_	_	_	_	_	
5-33	1523-1524	(	_	_	_	_	_	
5-34	1524-1525	v	_	_	_	_	_	
5-35	1525-1526	.	_	_	_	_	_	
5-36	1526-1527	)	_	_	_	_	_	
5-37	1527-1528	.	_	_	_	_	_	
5-38	1529-1541	Prokopavanje	_	_	_	_	_	
5-39	1542-1550	odvodnih	_	_	_	_	_	
5-40	1551-1557	tunela	_	_	_	_	_	
5-41	1558-1560	je	_	_	_	_	_	
5-42	1561-1569	pokazalo	_	_	_	_	_	
5-43	1569-1570	,	_	_	_	_	_	
5-44	1571-1573	da	_	_	_	_	_	
5-45	1574-1581	poplave	_	_	_	_	_	
5-46	1582-1586	nisu	_	_	_	_	_	
5-47	1587-1597	uvjetovane	_	_	_	_	_	
5-48	1598-1608	kolebanjem	_	_	_	_	_	
5-49	1609-1615	razine	_	_	_	_	_	
5-50	1616-1626	temeljnice	_	_	_	_	_	
5-51	1626-1627	,	_	_	_	_	_	
5-52	1628-1631	već	_	_	_	_	_	
5-53	1632-1644	nesrazmjerom	_	_	_	_	_	
5-54	1645-1651	između	_	_	_	_	_	
5-55	1652-1663	površinskog	_	_	_	_	_	
5-56	1664-1675	pritjecanja	_	_	_	_	_	
5-57	1676-1677	i	_	_	_	_	_	
5-58	1678-1688	kapaciteta	_	_	_	_	_	
5-59	1689-1695	ponora	_	_	_	_	_	
5-60	1695-1696	.	_	_	_	_	_	
5-61	1697-1707	Nepotrebno	_	_	_	_	_	
5-62	1708-1718	izdvajanje	_	_	_	_	_	
5-63	1719-1724	suhih	_	_	_	_	_	
5-64	1725-1730	polja	_	_	_	_	_	
5-65	1731-1739	uvjetova	_	_	_	_	_	
5-66	1740-1742	no	_	_	_	_	_	
5-67	1743-1745	je	_	_	_	_	_	
5-68	1746-1756	shematskom	_	_	_	_	_	
5-69	1757-1770	predpostavkom	_	_	_	_	_	
5-70	1771-1772	o	_	_	_	_	_	
5-71	1773-1782	kolebanju	_	_	_	_	_	
5-72	1783-1789	razine	_	_	_	_	_	
5-73	1790-1793	pod	_	_	_	_	_	
5-74	1794-1800	zemnih	_	_	_	_	_	
5-75	1801-1805	voda	_	_	_	_	_	
5-76	1806-1807	i	_	_	_	_	_	
5-77	1808-1812	vodi	_	_	_	_	_	
5-78	1813-1814	u	_	_	_	_	_	
5-79	1815-1821	zabunu	_	_	_	_	_	
5-80	1821-1822	.	_	_	_	_	_	

#Text=u diferenciranom modeliranju izoliranih bazena smjenjivane su faze udubljivanja i naplavljivanja. U doba stabilnosti naplavne ravnice su rubnom korozijom (v.) širene u vapnenački obod, tako su izmodelirani korozijski podovi (v.) i zaravni (v.). Imajući u vidu ove kontaktne procese (v. krš, kontaktni) između nepropusnih stijena i vapnenaca, H. Lehmann je (1954) upotrijebio termin “rubna polja” (Randpoljen).
6-1	1824-1825	u	_	_	_	_	_	
6-2	1826-1840	diferenciranom	_	_	_	_	_	
6-3	1841-1852	modeliranju	_	_	_	_	_	
6-4	1853-1863	izoliranih	_	_	_	_	_	
6-5	1864-1870	bazena	_	_	_	_	_	
6-6	1871-1882	smjenjivane	_	_	_	_	_	
6-7	1883-1885	su	_	_	_	_	_	
6-8	1886-1890	faze	_	_	_	_	_	
6-9	1891-1903	udubljivanja	_	_	_	_	_	
6-10	1904-1905	i	_	_	_	_	_	
6-11	1906-1920	naplavljivanja	_	_	_	_	_	
6-12	1920-1921	.	_	_	_	_	_	
6-13	1922-1923	U	_	_	_	_	_	
6-14	1924-1928	doba	_	_	_	_	_	
6-15	1929-1940	stabilnosti	_	_	_	_	_	
6-16	1941-1949	naplavne	_	_	_	_	_	
6-17	1950-1957	ravnice	_	_	_	_	_	
6-18	1958-1960	su	_	_	_	_	_	
6-19	1961-1967	rubnom	_	_	_	_	_	
6-20	1968-1977	korozijom	_	_	_	_	_	
6-21	1978-1979	(	_	_	_	_	_	
6-22	1979-1980	v	_	_	_	_	_	
6-23	1980-1981	.	_	_	_	_	_	
6-24	1981-1982	)	_	_	_	_	_	
6-25	1983-1989	širene	_	_	_	_	_	
6-26	1990-1991	u	_	_	_	_	_	
6-27	1992-2002	vapnenački	_	_	_	_	_	
6-28	2003-2007	obod	_	_	_	_	_	
6-29	2007-2008	,	_	_	_	_	_	
6-30	2009-2013	tako	_	_	_	_	_	
6-31	2014-2016	su	_	_	_	_	_	
6-32	2017-2029	izmodelirani	_	_	_	_	_	
6-33	2030-2040	korozijski	_	_	_	_	_	
6-34	2041-2047	podovi	_	_	_	_	_	
6-35	2048-2049	(	_	_	_	_	_	
6-36	2049-2050	v	_	_	_	_	_	
6-37	2050-2051	.	_	_	_	_	_	
6-38	2051-2052	)	_	_	_	_	_	
6-39	2053-2054	i	_	_	_	_	_	
6-40	2055-2062	zaravni	_	_	_	_	_	
6-41	2063-2064	(	_	_	_	_	_	
6-42	2064-2065	v	_	_	_	_	_	
6-43	2065-2066	.	_	_	_	_	_	
6-44	2066-2067	)	_	_	_	_	_	
6-45	2067-2068	.	_	_	_	_	_	
6-46	2069-2076	Imajući	_	_	_	_	_	
6-47	2077-2078	u	_	_	_	_	_	
6-48	2079-2083	vidu	_	_	_	_	_	
6-49	2084-2087	ove	_	_	_	_	_	
6-50	2088-2097	kontaktne	_	_	_	CONTAINS[39]	_	
6-51	2098-2105	procese	_	_	_	CONTAINS[39]	_	
6-52	2106-2107	(	_	_	_	_	_	
6-53	2107-2108	v	_	_	_	_	_	
6-54	2108-2109	.	_	_	_	_	_	
6-55	2110-2113	krš	_	_	_	_	_	
6-56	2113-2114	,	_	_	_	_	_	
6-57	2115-2124	kontaktni	_	_	_	_	_	
6-58	2124-2125	)	_	_	_	_	_	
6-59	2126-2132	između	_	_	_	HAS\_LOCATION[40]	_	
6-60	2133-2144	nepropusnih	_	_	_	HAS\_LOCATION[40]	_	
6-61	2145-2152	stijena	_	_	_	HAS\_LOCATION[40]	_	
6-62	2153-2154	i	_	_	_	HAS\_LOCATION[40]	_	
6-63	2155-2164	vapnenaca	_	_	_	HAS\_LOCATION[40]	_	
6-64	2164-2165	,	_	_	_	_	_	
6-65	2166-2167	H	_	_	_	_	_	
6-66	2167-2168	.	_	_	_	_	_	
6-67	2169-2176	Lehmann	_	_	_	_	_	
6-68	2177-2179	je	_	_	_	_	_	
6-69	2180-2181	(	_	_	_	_	_	
6-70	2181-2185	1954	_	_	_	_	_	
6-71	2185-2186	)	_	_	_	_	_	
6-72	2187-2198	upotrijebio	_	_	_	_	_	
6-73	2199-2205	termin	_	_	_	_	_	
6-74	2206-2207	“	_	_	_	_	_	
6-75	2207-2212	rubna	_	A.1 Surface landform[1]	DEFINIENDUM[22]	_	_	
6-76	2213-2218	polja	_	A.1 Surface landform[1]	DEFINIENDUM[22]	_	_	
6-77	2218-2219	”	_	_	_	_	_	
6-78	2220-2221	(	_	_	_	_	_	
6-79	2221-2231	Randpoljen	_	_	_	_	_	
6-80	2231-2232	)	_	_	_	_	_	
6-81	2232-2233	.	_	_	_	_	_	

#Text=2. Pod utjecajem objašnjavanja cikličkog razvoja (v. ciklus) krških oblika i zbog nepoznavanja jezičnog značenja riječi “polje”, u literaturi se i dalje često pod tim nazivom misli na cijelu izoliranu udubinu i neopravdano dodaje i epitet “krško”.
7-1	2235-2236	2	_	_	_	_	_	
7-2	2236-2237	.	_	_	_	_	_	
7-3	2238-2241	Pod	_	_	_	_	_	
7-4	2242-2251	utjecajem	_	_	_	_	_	
7-5	2252-2265	objašnjavanja	_	_	_	_	_	
7-6	2266-2275	cikličkog	_	_	_	_	_	
7-7	2276-2283	razvoja	_	_	_	_	_	
7-8	2284-2285	(	_	_	_	_	_	
7-9	2285-2286	v	_	_	_	_	_	
7-10	2286-2287	.	_	_	_	_	_	
7-11	2288-2294	ciklus	_	_	_	_	_	
7-12	2294-2295	)	_	_	_	_	_	
7-13	2296-2302	krških	_	_	_	_	_	
7-14	2303-2309	oblika	_	_	_	_	_	
7-15	2310-2311	i	_	_	_	_	_	
7-16	2312-2316	zbog	_	_	_	_	_	
7-17	2317-2329	nepoznavanja	_	_	_	_	_	
7-18	2330-2338	jezičnog	_	_	_	_	_	
7-19	2339-2347	značenja	_	_	_	_	_	
7-20	2348-2354	riječi	_	_	_	_	_	
7-21	2355-2356	“	_	_	_	_	_	
7-22	2356-2361	polje	_	_	_	_	_	
7-23	2361-2362	”	_	_	_	_	_	
7-24	2362-2363	,	_	_	_	_	_	
7-25	2364-2365	u	_	_	_	_	_	
7-26	2366-2376	literaturi	_	_	_	_	_	
7-27	2377-2379	se	_	_	_	_	_	
7-28	2380-2381	i	_	_	_	_	_	
7-29	2382-2387	dalje	_	_	_	_	_	
7-30	2388-2393	često	_	_	_	_	_	
7-31	2394-2397	pod	_	_	_	_	_	
7-32	2398-2401	tim	_	_	_	_	_	
7-33	2402-2409	nazivom	_	_	_	_	_	
7-34	2410-2415	misli	_	_	_	_	_	
7-35	2416-2418	na	_	_	_	_	_	
7-36	2419-2425	cijelu	_	_	_	_	_	
7-37	2426-2435	izoliranu	_	_	_	_	_	
7-38	2436-2443	udubinu	_	_	_	_	_	
7-39	2444-2445	i	_	_	_	_	_	
7-40	2446-2457	neopravdano	_	_	_	_	_	
7-41	2458-2464	dodaje	_	_	_	_	_	
7-42	2465-2466	i	_	_	_	_	_	
7-43	2467-2473	epitet	_	_	_	_	_	
7-44	2474-2475	“	_	_	_	_	_	
7-45	2475-2480	krško	_	_	_	_	_	
7-46	2480-2481	”	_	_	_	_	_	
7-47	2481-2482	.	_	_	_	_	_	

#Text=prihvaćajući ideje cikličkog razvoja W. M. Davisa, J. Cvijić je (1901) objašnjavao da su polja krajnji oblik razvoja krških udubina (ponikva  uvala  polje). A. Grund (1910) je uočio bitnu specifičnost udubina u kršu i opravdano istakao da se treba ograničiti na “bazene (Becken) koji imaju ravno dno i podzemno otjecanje”.
8-1	2484-2496	prihvaćajući	_	_	_	_	_	
8-2	2497-2502	ideje	_	_	_	_	_	
8-3	2503-2512	cikličkog	_	_	_	_	_	
8-4	2513-2520	razvoja	_	_	_	_	_	
8-5	2521-2522	W	_	_	_	_	_	
8-6	2522-2523	.	_	_	_	_	_	
8-7	2524-2525	M	_	_	_	_	_	
8-8	2525-2526	.	_	_	_	_	_	
8-9	2527-2533	Davisa	_	_	_	_	_	
8-10	2533-2534	,	_	_	_	_	_	
8-11	2535-2536	J	_	_	_	_	_	
8-12	2536-2537	.	_	_	_	_	_	
8-13	2538-2544	Cvijić	_	_	_	_	_	
8-14	2545-2547	je	_	_	_	_	_	
8-15	2548-2549	(	_	_	_	_	_	
8-16	2549-2553	1901	_	_	_	_	_	
8-17	2553-2554	)	_	_	_	_	_	
8-18	2555-2566	objašnjavao	_	_	_	_	_	
8-19	2567-2569	da	_	_	_	_	_	
8-20	2570-2572	su	_	_	_	_	_	
8-21	2573-2578	polja	polje	A.1 Surface landform	DEFINIENDUM	_	_	
8-22	2579-2586	krajnji	_	_	_	_	_	
8-23	2587-2592	oblik	_	_	_	_	_	
8-24	2593-2600	razvoja	_	_	_	_	_	
8-25	2601-2607	krških	_	_	_	_	_	
8-26	2608-2615	udubina	_	_	_	_	_	
8-27	2616-2617	(	_	_	_	_	_	
8-28	2617-2624	ponikva	_	_	_	_	_	
8-29	2626-2631	uvala	_	_	_	_	_	
8-30	2633-2638	polje	_	_	_	_	_	
8-31	2638-2639	)	_	_	_	_	_	
8-32	2639-2640	.	_	_	_	_	_	
8-33	2641-2642	A	_	_	_	_	_	
8-34	2642-2643	.	_	_	_	_	_	
8-35	2644-2649	Grund	_	_	_	_	_	
8-36	2650-2651	(	_	_	_	_	_	
8-37	2651-2655	1910	_	_	_	_	_	
8-38	2655-2656	)	_	_	_	_	_	
8-39	2657-2659	je	_	_	_	_	_	
8-40	2660-2665	uočio	_	_	_	_	_	
8-41	2666-2671	bitnu	_	_	_	_	_	
8-42	2672-2684	specifičnost	_	_	_	_	_	
8-43	2685-2692	udubina	_	_	_	_	_	
8-44	2693-2694	u	_	_	_	_	_	
8-45	2695-2699	kršu	_	_	_	_	_	
8-46	2700-2701	i	_	_	_	_	_	
8-47	2702-2711	opravdano	_	_	_	_	_	
8-48	2712-2719	istakao	_	_	_	_	_	
8-49	2720-2722	da	_	_	_	_	_	
8-50	2723-2725	se	_	_	_	_	_	
8-51	2726-2731	treba	_	_	_	_	_	
8-52	2732-2742	ograničiti	_	_	_	_	_	
8-53	2743-2745	na	_	_	_	_	_	
8-54	2746-2747	“	_	_	_	_	_	
8-55	2747-2753	bazene	bazen	A.1 Surface landform	GENUS	_	_	
8-56	2754-2755	(	_	_	_	_	_	
8-57	2755-2761	Becken	_	_	_	_	_	
8-58	2761-2762	)	_	_	_	_	_	
8-59	2763-2767	koji	_	_	_	_	_	
8-60	2768-2773	imaju	_	_	_	_	_	
8-61	2774-2779	ravno	_	_	_	HAS\_FORM[41]	_	
8-62	2780-2783	dno	_	_	_	HAS\_FORM[41]	_	
8-63	2784-2785	i	_	_	_	_	_	
8-64	2786-2794	podzemno	_	B.1 Movement[2]	_	CONTAINS[42]	_	
8-65	2795-2804	otjecanje	_	B.1 Movement[2]	_	CONTAINS[42]	_	
8-66	2804-2805	”	_	_	_	_	_	
8-67	2805-2806	.	_	_	_	_	_	

#Text=poniranje – proces ulijevanja tekućica u ponore i brzog nestajanja padalina kroz pukotine krša, za razliku od sporog procjeđivanja kroz klastične stijene.
9-1	2808-2817	poniranje	_	B.1 Movement	DEFINIENDUM	_	_	
9-2	2818-2819	–	_	_	_	_	_	
9-3	2820-2826	proces	_	_	_	DEFINED\_AS[43]	_	
9-4	2827-2837	ulijevanja	_	B.1 Movement	_	DEFINED\_AS[43]	_	
9-5	2838-2846	tekućica	_	_	_	DEFINED\_AS[43]	_	
9-6	2847-2848	u	_	_	_	DEFINED\_AS[43]	_	
9-7	2849-2855	ponore	_	A.3 Hydrological form	_	DEFINED\_AS[43]	_	
9-8	2856-2857	i	_	_	_	DEFINED\_AS[43]	_	
9-9	2858-2863	brzog	_	_	_	DEFINED\_AS[43]	_	
9-10	2864-2874	nestajanja	_	_	_	DEFINED\_AS[43]	_	
9-11	2875-2883	padalina	_	_	_	DEFINED\_AS[43]	_	
9-12	2884-2888	kroz	_	_	_	DEFINED\_AS[43]	_	
9-13	2889-2897	pukotine	_	A.1 Surface landform[3]	_	DEFINED\_AS[43]	_	
9-14	2898-2902	krša	_	A.1 Surface landform[3]	_	DEFINED\_AS[43]	_	
9-15	2902-2903	,	_	_	_	_	_	
9-16	2904-2906	za	_	_	_	_	_	
9-17	2907-2914	razliku	_	_	_	_	_	
9-18	2915-2917	od	_	_	_	_	_	
9-19	2918-2924	sporog	_	_	_	_	_	
9-20	2925-2938	procjeđivanja	_	_	_	_	_	
9-21	2939-2943	kroz	_	_	_	_	_	
9-22	2944-2953	klastične	_	_	_	_	_	
9-23	2954-2961	stijene	_	_	_	_	_	
9-24	2961-2962	.	_	_	_	_	_	

#Text=ponor - kako su u Dinarskom kršu najizrazitiji primjeri, sve više se upotrebljava naš termin i u internacionalnoj literaturi, a popularan je i grčki naziv “katavothra”. U Lici se čuje i narodni naziv “žderilo”.
10-1	2964-2969	ponor	_	A.3 Hydrological form	DEFINIENDUM	_	_	
10-2	2970-2971	-	_	_	_	_	_	
10-3	2972-2976	kako	_	_	_	_	_	
10-4	2977-2979	su	_	_	_	_	_	
10-5	2980-2981	u	_	_	_	_	_	
10-6	2982-2991	Dinarskom	_	_	_	_	_	
10-7	2992-2996	kršu	_	_	_	_	_	
10-8	2997-3010	najizrazitiji	_	_	_	_	_	
10-9	3011-3019	primjeri	_	_	_	_	_	
10-10	3019-3020	,	_	_	_	_	_	
10-11	3021-3024	sve	_	_	_	_	_	
10-12	3025-3029	više	_	_	_	_	_	
10-13	3030-3032	se	_	_	_	_	_	
10-14	3033-3045	upotrebljava	_	_	_	_	_	
10-15	3046-3049	naš	_	_	_	_	_	
10-16	3050-3056	termin	_	_	_	_	_	
10-17	3057-3058	i	_	_	_	_	_	
10-18	3059-3060	u	_	_	_	_	_	
10-19	3061-3077	internacionalnoj	_	_	_	_	_	
10-20	3078-3088	literaturi	_	_	_	_	_	
10-21	3088-3089	,	_	_	_	_	_	
10-22	3090-3091	a	_	_	_	_	_	
10-23	3092-3101	popularan	_	_	_	_	_	
10-24	3102-3104	je	_	_	_	_	_	
10-25	3105-3106	i	_	_	_	_	_	
10-26	3107-3112	grčki	_	_	_	_	_	
10-27	3113-3118	naziv	_	_	_	_	_	
10-28	3119-3120	“	_	_	_	_	_	
10-29	3120-3130	katavothra	_	A.3 Hydrological form	DEFINIENDUM	_	_	
10-30	3130-3131	”	_	_	_	_	_	
10-31	3131-3132	.	_	_	_	_	_	
10-32	3133-3134	U	_	_	_	_	_	
10-33	3135-3139	Lici	_	_	_	_	_	
10-34	3140-3142	se	_	_	_	_	_	
10-35	3143-3147	čuje	_	_	_	_	_	
10-36	3148-3149	i	_	_	_	_	_	
10-37	3150-3157	narodni	_	_	_	_	_	
10-38	3158-3163	naziv	_	_	_	_	_	
10-39	3164-3165	“	_	_	_	_	_	
10-40	3165-3172	žderilo	_	A.3 Hydrological form	DEFINIENDUM	_	_	
10-41	3172-3173	”	_	_	_	_	_	
10-42	3173-3174	.	_	_	_	_	_	

#Text=— zaseban otvor ili sustav pukotina kroz koje se površinska tekućica gubi, ponire u podzemlje krša. Prema prirodi tekućice imamo trajne i periodske ponore; posebno su zanimljive estavele (v.), koje naizmjence gutaju i izbacuju vodu. Prema obliku možemo razlikovati spiljske, jamske, pukotinske i ponikvaste ponore. Pažnju zaslužuju promjenjivi ponori u naplavnim pokrovima, čiji se izgled, funkcioniranje, pa i položaj miijenjaju, osobito za vrijeme poplava.
11-1	3176-3177	—	ponor	A.3 Hydrological form	DEFINIENDUM	_	_	
11-2	3178-3185	zaseban	_	_	_	DEFINED\_AS[44]	_	
11-3	3186-3191	otvor	_	_	_	DEFINED\_AS[44]	_	
11-4	3192-3195	ili	_	_	_	DEFINED\_AS[44]	_	
11-5	3196-3202	sustav	_	_	_	DEFINED\_AS[44]	_	
11-6	3203-3211	pukotina	_	_	_	DEFINED\_AS[44]	_	
11-7	3212-3216	kroz	_	_	_	DEFINED\_AS[44]	_	
11-8	3217-3221	koje	_	_	_	DEFINED\_AS[44]	_	
11-9	3222-3224	se	_	_	_	DEFINED\_AS[44]	_	
11-10	3225-3235	površinska	_	_	_	DEFINED\_AS[44]	_	
11-11	3236-3244	tekućica	_	_	_	DEFINED\_AS[44]	_	
11-12	3245-3249	gubi	_	_	_	DEFINED\_AS[44]	_	
11-13	3249-3250	,	_	_	_	DEFINED\_AS[44]	_	
11-14	3251-3257	ponire	_	_	_	DEFINED\_AS[44]	_	
11-15	3258-3259	u	_	_	_	DEFINED\_AS[44]	_	
11-16	3260-3269	podzemlje	_	_	_	DEFINED\_AS[44]	_	
11-17	3270-3274	krša	_	_	_	DEFINED\_AS[44]	_	
11-18	3274-3275	.	_	_	_	_	_	
11-19	3276-3281	Prema	_	_	_	_	_	
11-20	3282-3289	prirodi	_	_	_	_	_	
11-21	3290-3298	tekućice	_	_	_	_	_	
11-22	3299-3304	imamo	_	_	_	_	_	
11-23	3305-3311	trajne	trajni ponor	A.3 Hydrological form	SPECIES	_	_	
11-24	3312-3313	i	_	_	_	_	_	
11-25	3314-3323	periodske	_	A.3 Hydrological form[4]	SPECIES[23]	_	_	
11-26	3324-3330	ponore	_	A.3 Hydrological form[4]	SPECIES[23]	_	_	
11-27	3330-3331	;	_	_	_	_	_	
11-28	3332-3339	posebno	_	_	_	_	_	
11-29	3340-3342	su	_	_	_	_	_	
11-30	3343-3353	zanimljive	_	_	_	_	_	
11-31	3354-3362	estavele	_	A.3 Hydrological form	SPECIES	_	_	
11-32	3363-3364	(	_	_	_	_	_	
11-33	3364-3365	v	_	_	_	_	_	
11-34	3365-3366	.	_	_	_	_	_	
11-35	3366-3367	)	_	_	_	_	_	
11-36	3367-3368	,	_	_	_	_	_	
11-37	3369-3373	koje	_	_	_	_	_	
11-38	3374-3384	naizmjence	_	_	_	_	_	
11-39	3385-3391	gutaju	_	_	_	_	_	
11-40	3392-3393	i	_	_	_	_	_	
11-41	3394-3402	izbacuju	_	_	_	_	_	
11-42	3403-3407	vodu	_	_	_	_	_	
11-43	3407-3408	.	_	_	_	_	_	
11-44	3409-3414	Prema	_	_	_	_	_	
11-45	3415-3421	obliku	_	_	_	_	_	
11-46	3422-3428	možemo	_	_	_	_	_	
11-47	3429-3440	razlikovati	_	_	_	_	_	
11-48	3441-3449	spiljske	spiljski ponor	A.3 Hydrological form	SPECIES	_	_	
11-49	3449-3450	,	_	_	_	_	_	
11-50	3451-3457	jamske	jamski ponor	A.3 Hydrological form	SPECIES	_	_	
11-51	3457-3458	,	_	_	_	_	_	
11-52	3459-3469	pukotinske	pukotinski ponor	A.3 Hydrological form	SPECIES	_	_	
11-53	3470-3471	i	_	_	_	_	_	
11-54	3472-3482	ponikvaste	_	A.3 Hydrological form[5]	SPECIES[24]	_	_	
11-55	3483-3489	ponore	_	A.3 Hydrological form[5]	SPECIES[24]	_	_	
11-56	3489-3490	.	_	_	_	_	_	
11-57	3491-3497	Pažnju	_	_	_	_	_	
11-58	3498-3507	zaslužuju	_	_	_	_	_	
11-59	3508-3519	promjenjivi	_	A.3 Hydrological form[6]	SPECIES[25]	_	_	
11-60	3520-3526	ponori	_	A.3 Hydrological form[6]	SPECIES[25]	_	_	
11-61	3527-3528	u	_	_	_	_	_	
11-62	3529-3538	naplavnim	_	_	_	_	_	
11-63	3539-3548	pokrovima	_	_	_	_	_	
11-64	3548-3549	,	_	_	_	_	_	
11-65	3550-3554	čiji	_	_	_	_	_	
11-66	3555-3557	se	_	_	_	_	_	
11-67	3558-3564	izgled	_	_	_	_	_	
11-68	3564-3565	,	_	_	_	_	_	
11-69	3566-3580	funkcioniranje	_	_	_	_	_	
11-70	3580-3581	,	_	_	_	_	_	
11-71	3582-3584	pa	_	_	_	_	_	
11-72	3585-3586	i	_	_	_	_	_	
11-73	3587-3594	položaj	_	_	_	_	_	
11-74	3595-3605	miijenjaju	_	_	_	_	_	
11-75	3605-3606	,	_	_	_	_	_	
11-76	3607-3614	osobito	_	_	_	_	_	
11-77	3615-3617	za	_	_	_	_	_	
11-78	3618-3625	vrijeme	_	_	_	_	_	
11-79	3626-3633	poplava	_	_	_	_	_	
11-80	3633-3634	.	_	_	_	_	_	

#Text=ponornica  – tekućica koja se gubi u ponoru.
12-1	3636-3645	ponornica	_	A.3 Hydrological form	DEFINIENDUM	_	_	
12-2	3647-3648	–	_	_	_	_	_	
12-3	3649-3657	tekućica	_	A.3 Hydrological form	GENUS	_	_	
12-4	3658-3662	koja	_	_	_	HAS\_ATTRIBUTE[45]	_	
12-5	3663-3665	se	_	_	_	HAS\_ATTRIBUTE[45]	_	
12-6	3666-3670	gubi	_	_	_	HAS\_ATTRIBUTE[45]	_	
12-7	3671-3672	u	_	_	_	HAS\_ATTRIBUTE[45]	_	
12-8	3673-3679	ponoru	_	A.3 Hydrological form	_	HAS\_ATTRIBUTE[45]	_	
12-9	3679-3680	.	_	_	_	_	_	

#Text=poprečni presjek – prikaz kontura podzemne šupljine, poprečno na njeno pružanje.
13-1	3682-3690	poprečni	_	E.2 Method[7]	DEFINIENDUM[26]	_	_	
13-2	3691-3698	presjek	_	E.2 Method[7]	DEFINIENDUM[26]	_	_	
13-3	3699-3700	–	_	_	_	_	_	
13-4	3701-3707	prikaz	_	_	_	DEFINED\_AS[46]	_	
13-5	3708-3715	kontura	_	_	_	DEFINED\_AS[46]	_	
13-6	3716-3724	podzemne	_	A.2 Underground landform[8]	_	DEFINED\_AS[46]	_	
13-7	3725-3733	šupljine	_	A.2 Underground landform[8]	_	DEFINED\_AS[46]	_	
13-8	3733-3734	,	_	_	_	_	_	
13-9	3735-3743	poprečno	_	_	_	_	_	
13-10	3744-3746	na	_	_	_	_	_	
13-11	3747-3752	njeno	_	_	_	_	_	
13-12	3753-3761	pružanje	_	_	_	_	_	
13-13	3761-3762	.	_	_	_	_	_	

#Text=postinje  – naziv za prostor ispod stjenovitih strmaca, što je česti položaj u kršu. Termin susrećemo i u toponimima.
14-1	3764-3772	postinje	_	D.1 Abiotic	DEFINIENDUM	_	_	
14-2	3774-3775	–	_	_	_	_	_	
14-3	3776-3781	naziv	_	_	_	_	_	
14-4	3782-3784	za	_	_	_	_	_	
14-5	3785-3792	prostor	_	_	GENUS	DEFINED\_AS[47]	_	
14-6	3793-3798	ispod	_	_	_	DEFINED\_AS[47]|HAS\_LOCATION[48]	_	
14-7	3799-3810	stjenovitih	_	A.1 Surface landform[9]	_	DEFINED\_AS[47]|HAS\_LOCATION[48]	_	
14-8	3811-3818	strmaca	_	A.1 Surface landform[9]	_	DEFINED\_AS[47]|HAS\_LOCATION[48]	_	
14-9	3818-3819	,	_	_	_	_	_	
14-10	3820-3823	što	_	_	_	_	_	
14-11	3824-3826	je	_	_	_	_	_	
14-12	3827-3832	česti	_	_	_	_	_	
14-13	3833-3840	položaj	_	_	_	_	_	
14-14	3841-3842	u	_	_	_	HAS\_LOCATION[49]	_	
14-15	3843-3847	kršu	_	C. Geome	_	HAS\_LOCATION[49]	_	
14-16	3847-3848	.	_	_	_	_	_	
14-17	3849-3855	Termin	_	_	_	_	_	
14-18	3856-3865	susrećemo	_	_	_	_	_	
14-19	3866-3867	i	_	_	_	_	_	
14-20	3868-3869	u	_	_	_	_	_	
14-21	3870-3880	toponimima	_	_	_	_	_	
14-22	3880-3881	.	_	_	_	_	_	

#Text=potočno modeliranje – spiranje, transport i akumulacija koju vrše epizodne tekućice. P. m. je izrazitije na rastrošivim stijenama, osobito na padinama. Padinske udoline i plavine u podnožjima su naslijeđe iz hladnih i vlažnih razdoblja pleistocena, kad je p. m. imalo znatan udio i na kršu.
15-1	3883-3890	potočno	_	B. Process[10]	DEFINIENDUM[27]	_	_	
15-2	3891-3902	modeliranje	_	B. Process[10]	DEFINIENDUM[27]	_	_	
15-3	3903-3904	–	_	_	_	_	_	
15-4	3905-3913	spiranje	_	B.2 Loss	_	DEFINED\_AS[50]	_	
15-5	3913-3914	,	_	_	_	DEFINED\_AS[50]	_	
15-6	3915-3924	transport	_	B.1 Movement	_	DEFINED\_AS[50]	_	
15-7	3925-3926	i	_	_	_	DEFINED\_AS[50]	_	
15-8	3927-3938	akumulacija	_	B.3 Addition	_	DEFINED\_AS[50]	_	
15-9	3939-3943	koju	_	_	_	_	_	
15-10	3944-3948	vrše	_	_	_	HAS\_CAUSE[51]	_	
15-11	3949-3957	epizodne	_	_	_	HAS\_CAUSE[51]	_	
15-12	3958-3966	tekućice	_	_	_	HAS\_CAUSE[51]	_	
15-13	3966-3967	.	_	_	_	_	_	
15-14	3968-3969	P	_	_	_	_	_	
15-15	3969-3970	.	_	_	_	_	_	
15-16	3971-3972	m	_	_	_	_	_	
15-17	3972-3973	.	_	_	_	_	_	
15-18	3974-3976	je	_	_	_	_	_	
15-19	3977-3987	izrazitije	_	_	_	_	_	
15-20	3988-3990	na	_	_	_	HAS\_LOCATION[52]	_	
15-21	3991-4002	rastrošivim	_	_	_	HAS\_LOCATION[52]	_	
15-22	4003-4012	stijenama	_	_	_	HAS\_LOCATION[52]	_	
15-23	4012-4013	,	_	_	_	HAS\_LOCATION[52]	_	
15-24	4014-4021	osobito	_	_	_	HAS\_LOCATION[52]	_	
15-25	4022-4024	na	_	_	_	HAS\_LOCATION[52]	_	
15-26	4025-4033	padinama	_	_	_	HAS\_LOCATION[52]	_	
15-27	4033-4034	.	_	_	_	_	_	
15-28	4035-4043	Padinske	_	_	_	_	_	
15-29	4044-4051	udoline	_	_	_	_	_	
15-30	4052-4053	i	_	_	_	_	_	
15-31	4054-4061	plavine	_	_	_	_	_	
15-32	4062-4063	u	_	_	_	_	_	
15-33	4064-4074	podnožjima	_	_	_	_	_	
15-34	4075-4077	su	_	_	_	_	_	
15-35	4078-4087	naslijeđe	_	_	_	_	_	
15-36	4088-4090	iz	_	_	_	_	_	
15-37	4091-4098	hladnih	_	_	_	_	_	
15-38	4099-4100	i	_	_	_	_	_	
15-39	4101-4108	vlažnih	_	_	_	_	_	
15-40	4109-4118	razdoblja	_	_	_	_	_	
15-41	4119-4130	pleistocena	_	_	_	_	_	
15-42	4130-4131	,	_	_	_	_	_	
15-43	4132-4135	kad	_	_	_	_	_	
15-44	4136-4138	je	_	_	_	_	_	
15-45	4139-4140	p	_	_	_	_	_	
15-46	4140-4141	.	_	_	_	_	_	
15-47	4142-4143	m	_	_	_	_	_	
15-48	4143-4144	.	_	_	_	_	_	
15-49	4145-4150	imalo	_	_	_	_	_	
15-50	4151-4157	znatan	_	_	_	_	_	
15-51	4158-4162	udio	_	_	_	_	_	
15-52	4163-4164	i	_	_	_	_	_	
15-53	4165-4167	na	_	_	_	_	_	
15-54	4168-4172	kršu	_	_	_	_	_	
15-55	4172-4173	.	_	_	_	_	_	

#Text=površinska hidrografska zavjesa – nepropusni pokrov koji uvjetuje površinsko otjecanje, dok u krškoj podlozi voda pukotinski protječe i širi šupljine.
16-1	4175-4185	površinska	_	A.3 Hydrological form[11]	DEFINIENDUM[28]	_	_	
16-2	4186-4198	hidrografska	_	A.3 Hydrological form[11]	DEFINIENDUM[28]	_	_	
16-3	4199-4206	zavjesa	_	A.3 Hydrological form[11]	DEFINIENDUM[28]	_	_	
16-4	4207-4208	–	_	_	_	_	_	
16-5	4209-4219	nepropusni	_	_	GENUS[29]	_	_	
16-6	4220-4226	pokrov	_	_	GENUS[29]	_	_	
16-7	4227-4231	koji	_	_	_	_	_	
16-8	4232-4240	uvjetuje	_	_	_	HAS\_RESULT[53]	_	
16-9	4241-4251	površinsko	_	_	_	HAS\_RESULT[53]	_	
16-10	4252-4261	otjecanje	_	_	_	HAS\_RESULT[53]	_	
16-11	4261-4262	,	_	_	_	_	_	
16-12	4263-4266	dok	_	_	_	_	_	
16-13	4267-4268	u	_	_	_	_	_	
16-14	4269-4275	krškoj	_	_	_	_	_	
16-15	4276-4283	podlozi	_	_	_	_	_	
16-16	4284-4288	voda	_	_	_	_	_	
16-17	4289-4299	pukotinski	_	_	_	_	_	
16-18	4300-4308	protječe	_	_	_	_	_	
16-19	4309-4310	i	_	_	_	_	_	
16-20	4311-4315	širi	_	_	_	_	_	
16-21	4316-4324	šupljine	_	_	_	_	_	
16-22	4324-4325	.	_	_	_	_	_	

#Text=prirodna hidrogeološka sanacija – pojava da je krško zemljište postalo nepropusno zbog ispunjenja pukotina nepropusnim iluvijem ili cementiranjem vapnenim konkrecijama.
17-1	4327-4335	prirodna	_	D.3 Property[12]	DEFINIENDUM[30]	_	_	
17-2	4336-4349	hidrogeološka	_	D.3 Property[12]	DEFINIENDUM[30]	_	_	
17-3	4350-4358	sanacija	_	D.3 Property[12]	DEFINIENDUM[30]	_	_	
17-4	4359-4360	–	_	_	_	_	_	
17-5	4361-4367	pojava	_	_	_	DEFINED\_AS[54]	_	
17-6	4368-4370	da	_	_	_	DEFINED\_AS[54]	_	
17-7	4371-4373	je	_	_	_	DEFINED\_AS[54]	_	
17-8	4374-4379	krško	_	_	_	DEFINED\_AS[54]	_	
17-9	4380-4389	zemljište	_	_	_	DEFINED\_AS[54]	_	
17-10	4390-4397	postalo	_	_	_	DEFINED\_AS[54]	_	
17-11	4398-4408	nepropusno	_	_	_	DEFINED\_AS[54]	_	
17-12	4409-4413	zbog	_	_	_	HAS\_CAUSE[55]	_	
17-13	4414-4424	ispunjenja	_	_	_	HAS\_CAUSE[55]	_	
17-14	4425-4433	pukotina	_	_	_	HAS\_CAUSE[55]	_	
17-15	4434-4445	nepropusnim	_	_	_	HAS\_CAUSE[55]	_	
17-16	4446-4454	iluvijem	_	_	_	HAS\_CAUSE[55]	_	
17-17	4455-4458	ili	_	_	_	HAS\_CAUSE[55]	_	
17-18	4459-4472	cementiranjem	_	B.4 Transformation	_	HAS\_CAUSE[55]	_	
17-19	4473-4481	vapnenim	_	_	_	HAS\_CAUSE[55]	_	
17-20	4482-4494	konkrecijama	_	_	_	HAS\_CAUSE[55]	_	
17-21	4494-4495	.	_	_	_	_	_	

#Text=prirodna hidrološka sanacija – fine gline, uglavnom od trošenja sedrenih ustava, talože se u koritu i sprečavaju poniranje tekućice ili ujezerene vode.
18-1	4497-4505	prirodna	_	B.3 Addition[13]	DEFINIENDUM[31]	_	_	
18-2	4506-4516	hidrološka	_	B.3 Addition[13]	DEFINIENDUM[31]	_	_	
18-3	4517-4525	sanacija	_	B.3 Addition[13]	DEFINIENDUM[31]	_	_	
18-4	4526-4527	–	_	_	_	_	_	
18-5	4528-4532	fine	_	_	_	HAS\_CAUSE[56]	_	
18-6	4533-4538	gline	_	D.1 Abiotic	_	HAS\_CAUSE[56]	_	
18-7	4538-4539	,	_	_	_	HAS\_CAUSE[56]	_	
18-8	4540-4548	uglavnom	_	_	_	HAS\_CAUSE[56]	_	
18-9	4549-4551	od	_	_	_	HAS\_CAUSE[56]	_	
18-10	4552-4560	trošenja	_	B.2 Loss[14]	_	HAS\_CAUSE[56]	_	
18-11	4561-4569	sedrenih	_	B.2 Loss[14]	_	HAS\_CAUSE[56]	_	
18-12	4570-4576	ustava	_	B.2 Loss[14]	_	HAS\_CAUSE[56]	_	
18-13	4576-4577	,	_	_	_	HAS\_CAUSE[56]	_	
18-14	4578-4584	talože	_	_	_	HAS\_CAUSE[56]	_	
18-15	4585-4587	se	_	_	_	HAS\_CAUSE[56]	_	
18-16	4588-4589	u	_	_	_	HAS\_CAUSE[56]	_	
18-17	4590-4596	koritu	_	_	_	HAS\_CAUSE[56]	_	
18-18	4597-4598	i	_	_	_	_	_	
18-19	4599-4609	sprečavaju	_	_	_	HAS\_FUNCTION[57]	_	
18-20	4610-4619	poniranje	_	B.1 Movement	_	HAS\_FUNCTION[57]	_	
18-21	4620-4628	tekućice	_	_	_	HAS\_FUNCTION[57]	_	
18-22	4629-4632	ili	_	_	_	HAS\_FUNCTION[57]	_	
18-23	4633-4642	ujezerene	_	_	_	HAS\_FUNCTION[57]	_	
18-24	4643-4647	vode	_	_	_	HAS\_FUNCTION[57]	_	
18-25	4647-4648	.	_	_	_	_	_	

#Text=prirodni most – ostatak urušenog pokrova koji presvođuje otkriveni protjecajni kanal ili suhu udubinu.
19-1	4650-4658	prirodni	_	A.1 Surface landform[15]	DEFINIENDUM[32]	_	_	
19-2	4659-4663	most	_	A.1 Surface landform[15]	DEFINIENDUM[32]	_	_	
19-3	4664-4665	–	_	_	_	_	_	
19-4	4666-4673	ostatak	_	_	_	DEFINED\_AS[58]	_	
19-5	4674-4682	urušenog	_	_	_	DEFINED\_AS[58]	_	
19-6	4683-4690	pokrova	_	_	_	DEFINED\_AS[58]	_	
19-7	4691-4695	koji	_	_	_	_	_	
19-8	4696-4706	presvođuje	_	_	_	HAS\_FUNCTION[59]	_	
19-9	4707-4716	otkriveni	_	_	_	HAS\_FUNCTION[59]	_	
19-10	4717-4728	protjecajni	_	A.3 Hydrological form[16]	_	HAS\_FUNCTION[59]	_	
19-11	4729-4734	kanal	_	A.3 Hydrological form[16]	_	HAS\_FUNCTION[59]	_	
19-12	4735-4738	ili	_	_	_	HAS\_FUNCTION[59]	_	
19-13	4739-4743	suhu	_	A.1 Surface landform[17]	_	HAS\_FUNCTION[59]	_	
19-14	4744-4751	udubinu	_	A.1 Surface landform[17]	_	HAS\_FUNCTION[59]	_	
19-15	4751-4752	.	_	_	_	_	_	

#Text=prirodno okno – otvor u stjenovitoj gredi, probijen diferenciranom i koncentriranom evorzijom i korazijom; rjeđe vezan za raniju podzemnu šupljinu.
20-1	4754-4762	prirodno	_	A.1 Surface landform[18]	DEFINIENDUM[33]	_	_	
20-2	4763-4767	okno	_	A.1 Surface landform[18]	DEFINIENDUM[33]	_	_	
20-3	4768-4769	–	_	_	_	_	_	
20-4	4770-4775	otvor	_	_	GENUS	DEFINED\_AS[60]	_	
20-5	4776-4777	u	_	_	_	DEFINED\_AS[60]|HAS\_LOCATION[61]	_	
20-6	4778-4789	stjenovitoj	_	D.1 Abiotic[19]	_	DEFINED\_AS[60]|HAS\_LOCATION[61]	_	
20-7	4790-4795	gredi	_	D.1 Abiotic[19]	_	DEFINED\_AS[60]|HAS\_LOCATION[61]	_	
20-8	4795-4796	,	_	_	_	_	_	
20-9	4797-4805	probijen	_	_	_	HAS\_CAUSE[62]	_	
20-10	4806-4820	diferenciranom	_	_	_	HAS\_CAUSE[62]	_	
20-11	4821-4822	i	_	_	_	HAS\_CAUSE[62]	_	
20-12	4823-4837	koncentriranom	_	_	_	HAS\_CAUSE[62]	_	
20-13	4838-4847	evorzijom	_	_	_	HAS\_CAUSE[62]	_	
20-14	4848-4849	i	_	_	_	HAS\_CAUSE[62]	_	
20-15	4850-4859	korazijom	_	_	_	HAS\_CAUSE[62]	_	
20-16	4859-4860	;	_	_	_	_	_	
20-17	4861-4866	rjeđe	_	_	_	_	_	
20-18	4867-4872	vezan	_	_	_	_	_	
20-19	4873-4875	za	_	_	_	_	_	
20-20	4876-4882	raniju	_	_	_	_	_	
20-21	4883-4891	podzemnu	_	_	_	_	_	
20-22	4892-4900	šupljinu	_	_	_	_	_	
20-23	4900-4901	.	_	_	_	_	_	

#Text=prisoje – opći reljefno-klimatski termin. U Dinarskom kršu, zbog pružanja gorskih vijenaca, ima posebno značenje. Prisojne, jugozapadne strane su ogoljelije, čemu su uz prirodne osobine (ljetno intenzivno za grijavanje koje povećava učinak suše, bura i pljuskovite kiše) pridonijeli i negativni društveni utjecaji: dugo napasivanje, sječa i vađenje korijena. Na prisojima je raširen goli (v.) i ogoljeni krš (v.).
21-1	4903-4910	prisoje	_	C. Geome	DEFINIENDUM	_	_	
21-2	4911-4912	–	_	_	_	_	_	
21-3	4913-4917	opći	_	_	_	_	_	
21-4	4918-4936	reljefno-klimatski	_	_	_	DEFINED\_AS[63]	_	
21-5	4937-4943	termin	_	_	_	DEFINED\_AS[63]	_	
21-6	4943-4944	.	_	_	_	_	_	
21-7	4945-4946	U	_	_	_	_	_	
21-8	4947-4956	Dinarskom	_	_	_	_	_	
21-9	4957-4961	kršu	_	_	_	_	_	
21-10	4961-4962	,	_	_	_	_	_	
21-11	4963-4967	zbog	_	_	_	_	_	
21-12	4968-4976	pružanja	_	_	_	_	_	
21-13	4977-4984	gorskih	_	_	_	_	_	
21-14	4985-4993	vijenaca	_	_	_	_	_	
21-15	4993-4994	,	_	_	_	_	_	
21-16	4995-4998	ima	_	_	_	_	_	
21-17	4999-5006	posebno	_	_	_	_	_	
21-18	5007-5015	značenje	_	_	_	_	_	
21-19	5015-5016	.	_	_	_	_	_	
21-20	5017-5025	Prisojne	_	_	_	_	_	
21-21	5025-5026	,	_	_	_	_	_	
21-22	5027-5038	jugozapadne	_	_	_	_	_	
21-23	5039-5045	strane	_	_	_	_	_	
21-24	5046-5048	su	_	_	_	_	_	
21-25	5049-5059	ogoljelije	_	_	_	_	_	
21-26	5059-5060	,	_	_	_	_	_	
21-27	5061-5065	čemu	_	_	_	_	_	
21-28	5066-5068	su	_	_	_	_	_	
21-29	5069-5071	uz	_	_	_	_	_	
21-30	5072-5080	prirodne	_	_	_	_	_	
21-31	5081-5088	osobine	_	_	_	_	_	
21-32	5089-5090	(	_	_	_	_	_	
21-33	5090-5096	ljetno	_	_	_	_	_	
21-34	5097-5107	intenzivno	_	_	_	_	_	
21-35	5108-5110	za	_	_	_	_	_	
21-36	5111-5121	grijavanje	_	_	_	_	_	
21-37	5122-5126	koje	_	_	_	_	_	
21-38	5127-5135	povećava	_	_	_	_	_	
21-39	5136-5142	učinak	_	_	_	_	_	
21-40	5143-5147	suše	_	_	_	_	_	
21-41	5147-5148	,	_	_	_	_	_	
21-42	5149-5153	bura	_	_	_	_	_	
21-43	5154-5155	i	_	_	_	_	_	
21-44	5156-5167	pljuskovite	_	_	_	_	_	
21-45	5168-5172	kiše	_	_	_	_	_	
21-46	5172-5173	)	_	_	_	_	_	
21-47	5174-5185	pridonijeli	_	_	_	_	_	
21-48	5186-5187	i	_	_	_	_	_	
21-49	5188-5197	negativni	_	_	_	_	_	
21-50	5198-5207	društveni	_	_	_	_	_	
21-51	5208-5216	utjecaji	_	_	_	_	_	
21-52	5216-5217	:	_	_	_	_	_	
21-53	5218-5222	dugo	_	_	_	_	_	
21-54	5223-5234	napasivanje	_	_	_	_	_	
21-55	5234-5235	,	_	_	_	_	_	
21-56	5236-5241	sječa	_	_	_	_	_	
21-57	5242-5243	i	_	_	_	_	_	
21-58	5244-5251	vađenje	_	_	_	_	_	
21-59	5252-5260	korijena	_	_	_	_	_	
21-60	5260-5261	.	_	_	_	_	_	
21-61	5262-5264	Na	_	_	_	_	_	
21-62	5265-5274	prisojima	_	_	_	_	_	
21-63	5275-5277	je	_	_	_	_	_	
21-64	5278-5285	raširen	_	_	_	_	_	
21-65	5286-5290	goli	goli krš	C. Geome	_	CONTAINS[64]	_	
21-66	5291-5292	(	_	_	_	CONTAINS[64]	_	
21-67	5292-5293	v	_	_	_	CONTAINS[64]	_	
21-68	5293-5294	.	_	_	_	CONTAINS[64]	_	
21-69	5294-5295	)	_	_	_	CONTAINS[64]	_	
21-70	5296-5297	i	_	_	_	CONTAINS[64]	_	
21-71	5298-5306	ogoljeni	_	C. Geome[20]	_	CONTAINS[64]	_	
21-72	5307-5310	krš	_	C. Geome[20]	_	CONTAINS[64]	_	
21-73	5311-5312	(	_	_	_	_	_	
21-74	5312-5313	v	_	_	_	_	_	
21-75	5313-5314	.	_	_	_	_	_	
21-76	5314-5315	)	_	_	_	_	_	
21-77	5315-5316	.	_	_	_	_	_	

#Text=procjep – pukotina između kompaktnijih vapnenaca, može biti različitih dimenzija.
22-1	5318-5325	procjep	_	A.1 Surface landform	DEFINIENDUM	_	_	
22-2	5326-5327	–	_	_	_	_	_	
22-3	5328-5336	pukotina	_	A.1 Surface landform	GENUS	_	_	
22-4	5337-5343	između	_	_	_	HAS\_LOCATION[65]	_	
22-5	5344-5356	kompaktnijih	_	D.1 Abiotic[21]	_	HAS\_LOCATION[65]	_	
22-6	5357-5366	vapnenaca	_	D.1 Abiotic[21]	_	HAS\_LOCATION[65]	_	
22-7	5366-5367	,	_	_	_	_	_	
22-8	5368-5372	može	_	_	_	_	_	
22-9	5373-5377	biti	_	_	_	_	_	
22-10	5378-5388	različitih	_	_	_	_	_	
22-11	5389-5398	dimenzija	_	_	_	_	_	
22-12	5398-5399	.	_	_	_	_	_	
