#FORMAT=WebAnno TSV 3.2
#T_SP=webanno.custom.Canonicalform|Canonical
#T_SP=webanno.custom.Category|Category
#T_SP=webanno.custom.Definitionelement|Def_element
#T_SP=webanno.custom.Relation|Relation
#T_SP=webanno.custom.Relation_definitor|Rel_verb_frame


#Text=sedrene tvorevine - naseljavaju se na mjestima prozračivanja alge i mahovine i drugi hidrofiti. Oko tih “sedrotvoraca” hvata se vapnena kora okamenjuje starije dijelove. Na taj način naraste sedreni prag, koji pregrađuje korito. Postepeno se prag izdiže i preraste u ustavu ili barijeru, iza koje se tekućica ujezeruje. Voda se prelijeva preko najnižeg dijela ustave i preliv se vremenom pomiče, održavajući izrazitu horizontalnost gornjeg ruba; zbog toga u nekim literaturama sedrene ustave nazivaju terasama.
1-1	0-7	sedrene	_	D.1 Abiotic[3]	DEFINIENDUM[35]	_	_	
1-2	8-17	tvorevine	_	D.1 Abiotic[3]	DEFINIENDUM[35]	_	_	
1-3	18-19	-	_	_	_	_	_	
1-4	20-31	naseljavaju	_	_	_	_	_	
1-5	32-34	se	_	_	_	_	_	
1-6	35-37	na	_	_	_	HAS\_LOCATION[62]	frame\_LOCATION[85]	
1-7	38-46	mjestima	_	_	_	HAS\_LOCATION[62]	frame\_LOCATION[85]	
1-8	47-60	prozračivanja	_	_	_	HAS\_LOCATION[62]	_	
1-9	61-65	alge	_	_	_	COMPOSITION\_MEDIUM[63]	_	
1-10	66-67	i	_	_	_	COMPOSITION\_MEDIUM[63]	_	
1-11	68-76	mahovine	_	_	_	COMPOSITION\_MEDIUM[63]	_	
1-12	77-78	i	_	_	_	COMPOSITION\_MEDIUM[63]	_	
1-13	79-84	drugi	_	_	_	COMPOSITION\_MEDIUM[63]	_	
1-14	85-94	hidrofiti	_	_	_	COMPOSITION\_MEDIUM[63]	_	
1-15	94-95	.	_	_	_	_	_	
1-16	96-99	Oko	_	_	_	_	_	
1-17	100-103	tih	_	_	_	_	_	
1-18	104-105	“	_	_	_	_	_	
1-19	105-117	sedrotvoraca	_	_	_	_	_	
1-20	117-118	”	_	_	_	_	_	
1-21	119-124	hvata	_	_	_	_	_	
1-22	125-127	se	_	_	_	_	_	
1-23	128-135	vapnena	_	_	_	_	_	
1-24	136-140	kora	_	_	_	_	_	
1-25	141-151	okamenjuje	_	_	_	_	_	
1-26	152-159	starije	_	_	_	_	_	
1-27	160-168	dijelove	_	_	_	_	_	
1-28	168-169	.	_	_	_	_	_	
1-29	170-172	Na	_	_	_	_	_	
1-30	173-176	taj	_	_	_	_	_	
1-31	177-182	način	_	_	_	_	_	
1-32	183-190	naraste	_	_	_	_	_	
1-33	191-198	sedreni	_	D.1 Abiotic[4]	SPECIES[36]	_	_	
1-34	199-203	prag	_	D.1 Abiotic[4]	SPECIES[36]	_	_	
1-35	203-204	,	_	_	_	_	_	
1-36	205-209	koji	_	_	_	_	_	
1-37	210-220	pregrađuje	_	_	_	_	_	
1-38	221-227	korito	_	_	_	_	_	
1-39	227-228	.	_	_	_	_	_	
1-40	229-238	Postepeno	_	_	_	_	_	
1-41	239-241	se	_	_	_	_	_	
1-42	242-246	prag	_	_	_	_	_	
1-43	247-253	izdiže	_	_	_	_	_	
1-44	254-255	i	_	_	_	_	_	
1-45	256-264	preraste	_	_	_	_	_	
1-46	265-266	u	_	_	_	_	_	
1-47	267-273	ustavu	sedrena ustava	D.1 Abiotic	SPECIES	_	_	
1-48	274-277	ili	_	_	_	_	_	
1-49	278-286	barijeru	sedrena barijera	D.1 Abiotic	SPECIES	_	_	
1-50	286-287	,	_	_	_	_	_	
1-51	288-291	iza	_	_	_	_	_	
1-52	292-296	koje	_	_	_	_	_	
1-53	297-299	se	_	_	_	_	_	
1-54	300-308	tekućica	_	_	_	_	_	
1-55	309-318	ujezeruje	_	_	_	_	_	
1-56	318-319	.	_	_	_	_	_	
1-57	320-324	Voda	_	_	_	_	_	
1-58	325-327	se	_	_	_	_	_	
1-59	328-337	prelijeva	_	_	_	_	_	
1-60	338-343	preko	_	_	_	_	_	
1-61	344-352	najnižeg	_	_	_	_	_	
1-62	353-359	dijela	_	_	_	_	_	
1-63	360-366	ustave	_	_	_	_	_	
1-64	367-368	i	_	_	_	_	_	
1-65	369-375	preliv	_	_	_	_	_	
1-66	376-378	se	_	_	_	_	_	
1-67	379-387	vremenom	_	_	_	_	_	
1-68	388-394	pomiče	_	_	_	_	_	
1-69	394-395	,	_	_	_	_	_	
1-70	396-407	održavajući	_	_	_	_	_	
1-71	408-416	izrazitu	_	_	_	_	_	
1-72	417-431	horizontalnost	_	_	_	_	_	
1-73	432-439	gornjeg	_	_	_	_	_	
1-74	440-444	ruba	_	_	_	_	_	
1-75	444-445	;	_	_	_	_	_	
1-76	446-450	zbog	_	_	_	_	_	
1-77	451-455	toga	_	_	_	_	_	
1-78	456-457	u	_	_	_	_	_	
1-79	458-463	nekim	_	_	_	_	_	
1-80	464-476	literaturama	_	_	_	_	_	
1-81	477-484	sedrene	_	_	_	_	_	
1-82	485-491	ustave	_	_	_	_	_	
1-83	492-500	nazivaju	_	_	_	_	_	
1-84	501-509	terasama	sedrena terasa	D.1 Abiotic	SPECIES	_	_	
1-85	509-510	.	_	_	_	_	_	

#Text=daljim razvojem sedrene ustave dobiju veoma složenu građu i izgled. Otjecanjem vode i inkrustiranjem (v.) vegetacije u nizvodnom smjeru se razvija istaknuti nos ili spuštena brada. Razlijevanjem i pomicanjem mlazeva, koje prati i ispod njih se okamenjuje vegetacija, razvijaju se svodovi slikovitih baldahina. Baldahini, brade, podbraci i sl. postepeno srašćuju i prekrivaju poluspilje. Barijere se šire i zatvaraju složene spiljske šupljine, a na njima se naseljava bujna vegetacija, pomoću koje nastaje nova i složena ekološka osnova. Uginula i urušena stabla bivaju inkrustirana i pridonose složenosti barijera. Zbog složenog razlijevanja vode i bogatog zelenila, sedrene ustave su izuzetno atraktivna i poučna prirodna pojava.
2-1	512-518	daljim	_	_	_	_	_	
2-2	519-527	razvojem	_	_	_	_	_	
2-3	528-535	sedrene	_	_	_	_	_	
2-4	536-542	ustave	_	_	_	_	_	
2-5	543-549	dobiju	_	_	_	_	_	
2-6	550-555	veoma	_	_	_	_	_	
2-7	556-563	složenu	_	_	_	_	_	
2-8	564-569	građu	_	_	_	_	_	
2-9	570-571	i	_	_	_	_	_	
2-10	572-578	izgled	_	_	_	_	_	
2-11	578-579	.	_	_	_	_	_	
2-12	580-590	Otjecanjem	_	_	_	_	_	
2-13	591-595	vode	_	_	_	_	_	
2-14	596-597	i	_	_	_	_	_	
2-15	598-612	inkrustiranjem	_	_	_	_	_	
2-16	613-614	(	_	_	_	_	_	
2-17	614-615	v	_	_	_	_	_	
2-18	615-616	.	_	_	_	_	_	
2-19	616-617	)	_	_	_	_	_	
2-20	618-628	vegetacije	_	_	_	_	_	
2-21	629-630	u	_	_	_	_	_	
2-22	631-640	nizvodnom	_	_	_	_	_	
2-23	641-647	smjeru	_	_	_	_	_	
2-24	648-650	se	_	_	_	_	_	
2-25	651-658	razvija	_	_	_	_	_	
2-26	659-668	istaknuti	_	_	_	_	_	
2-27	669-672	nos	_	_	_	_	_	
2-28	673-676	ili	_	_	_	_	_	
2-29	677-685	spuštena	_	_	_	_	_	
2-30	686-691	brada	_	_	_	_	_	
2-31	691-692	.	_	_	_	_	_	
2-32	693-706	Razlijevanjem	_	_	_	_	_	
2-33	707-708	i	_	_	_	_	_	
2-34	709-719	pomicanjem	_	_	_	_	_	
2-35	720-727	mlazeva	_	_	_	_	_	
2-36	727-728	,	_	_	_	_	_	
2-37	729-733	koje	_	_	_	_	_	
2-38	734-739	prati	_	_	_	_	_	
2-39	740-741	i	_	_	_	_	_	
2-40	742-747	ispod	_	_	_	_	_	
2-41	748-752	njih	_	_	_	_	_	
2-42	753-755	se	_	_	_	_	_	
2-43	756-766	okamenjuje	_	_	_	_	_	
2-44	767-777	vegetacija	_	_	_	_	_	
2-45	777-778	,	_	_	_	_	_	
2-46	779-788	razvijaju	_	_	_	_	_	
2-47	789-791	se	_	_	_	_	_	
2-48	792-799	svodovi	_	_	_	_	_	
2-49	800-810	slikovitih	_	_	_	_	_	
2-50	811-820	baldahina	_	_	_	_	_	
2-51	820-821	.	_	_	_	_	_	
2-52	822-831	Baldahini	_	_	_	_	_	
2-53	831-832	,	_	_	_	_	_	
2-54	833-838	brade	_	_	_	_	_	
2-55	838-839	,	_	_	_	_	_	
2-56	840-848	podbraci	_	_	_	_	_	
2-57	849-850	i	_	_	_	_	_	
2-58	851-853	sl	_	_	_	_	_	
2-59	853-854	.	_	_	_	_	_	
2-60	855-864	postepeno	_	_	_	_	_	
2-61	865-873	srašćuju	_	_	_	_	_	
2-62	874-875	i	_	_	_	_	_	
2-63	876-886	prekrivaju	_	_	_	_	_	
2-64	887-897	poluspilje	_	_	_	_	_	
2-65	897-898	.	_	_	_	_	_	
2-66	899-907	Barijere	_	_	_	_	_	
2-67	908-910	se	_	_	_	_	_	
2-68	911-915	šire	_	_	_	_	_	
2-69	916-917	i	_	_	_	_	_	
2-70	918-927	zatvaraju	_	_	_	_	_	
2-71	928-935	složene	_	_	_	_	_	
2-72	936-944	spiljske	_	_	_	_	_	
2-73	945-953	šupljine	_	_	_	_	_	
2-74	953-954	,	_	_	_	_	_	
2-75	955-956	a	_	_	_	_	_	
2-76	957-959	na	_	_	_	_	_	
2-77	960-965	njima	_	_	_	_	_	
2-78	966-968	se	_	_	_	_	_	
2-79	969-978	naseljava	_	_	_	_	_	
2-80	979-984	bujna	_	_	_	_	_	
2-81	985-995	vegetacija	_	_	_	_	_	
2-82	995-996	,	_	_	_	_	_	
2-83	997-1003	pomoću	_	_	_	_	_	
2-84	1004-1008	koje	_	_	_	_	_	
2-85	1009-1016	nastaje	_	_	_	_	_	
2-86	1017-1021	nova	_	_	_	_	_	
2-87	1022-1023	i	_	_	_	_	_	
2-88	1024-1031	složena	_	_	_	_	_	
2-89	1032-1040	ekološka	_	_	_	_	_	
2-90	1041-1047	osnova	_	_	_	_	_	
2-91	1047-1048	.	_	_	_	_	_	
2-92	1049-1056	Uginula	_	_	_	_	_	
2-93	1057-1058	i	_	_	_	_	_	
2-94	1059-1066	urušena	_	_	_	_	_	
2-95	1067-1073	stabla	_	_	_	_	_	
2-96	1074-1080	bivaju	_	_	_	_	_	
2-97	1081-1093	inkrustirana	_	_	_	_	_	
2-98	1094-1095	i	_	_	_	_	_	
2-99	1096-1105	pridonose	_	_	_	_	_	
2-100	1106-1116	složenosti	_	_	_	_	_	
2-101	1117-1125	barijera	_	_	_	_	_	
2-102	1125-1126	.	_	_	_	_	_	
2-103	1127-1131	Zbog	_	_	_	_	_	
2-104	1132-1140	složenog	_	_	_	_	_	
2-105	1141-1153	razlijevanja	_	_	_	_	_	
2-106	1154-1158	vode	_	_	_	_	_	
2-107	1159-1160	i	_	_	_	_	_	
2-108	1161-1168	bogatog	_	_	_	_	_	
2-109	1169-1177	zelenila	_	_	_	_	_	
2-110	1177-1178	,	_	_	_	_	_	
2-111	1179-1186	sedrene	_	_	_	_	_	
2-112	1187-1193	ustave	_	_	_	_	_	
2-113	1194-1196	su	_	_	_	_	_	
2-114	1197-1205	izuzetno	_	_	_	_	_	
2-115	1206-1216	atraktivna	_	_	_	_	_	
2-116	1217-1218	i	_	_	_	_	_	
2-117	1219-1225	poučna	_	_	_	_	_	
2-118	1226-1234	prirodna	_	_	_	_	_	
2-119	1235-1241	pojava	_	_	_	_	_	
2-120	1241-1242	.	_	_	_	_	_	

#Text=sedrena barijera je složen i osjetljiv oblik. Potres i visoke vode izazivaju manja i veća oštećenja i urušavanja nad spiljskim šupljinama; odron manjih dijelova je česta pojava. Od zdrobljene sedre se odvaja fini, bjeličasti mulj koji prekriva nizvodno korito rijeka odnosno dno jezera, to ispunjava pukotine i omogućuje zadržavanje vode na krškoj podlozi (v. prirodna hidrološka sanacija).
3-1	1244-1251	sedrena	_	_	_	_	_	
3-2	1252-1260	barijera	_	_	_	_	_	
3-3	1261-1263	je	_	_	_	_	_	
3-4	1264-1270	složen	_	_	_	_	_	
3-5	1271-1272	i	_	_	_	_	_	
3-6	1273-1282	osjetljiv	_	_	_	_	_	
3-7	1283-1288	oblik	_	_	_	_	_	
3-8	1288-1289	.	_	_	_	_	_	
3-9	1290-1296	Potres	_	_	_	_	_	
3-10	1297-1298	i	_	_	_	_	_	
3-11	1299-1305	visoke	_	_	_	_	_	
3-12	1306-1310	vode	_	_	_	_	_	
3-13	1311-1320	izazivaju	_	_	_	_	_	
3-14	1321-1326	manja	_	_	_	_	_	
3-15	1327-1328	i	_	_	_	_	_	
3-16	1329-1333	veća	_	_	_	_	_	
3-17	1334-1343	oštećenja	_	_	_	_	_	
3-18	1344-1345	i	_	_	_	_	_	
3-19	1346-1356	urušavanja	_	_	_	_	_	
3-20	1357-1360	nad	_	_	_	_	_	
3-21	1361-1370	spiljskim	_	_	_	_	_	
3-22	1371-1381	šupljinama	_	_	_	_	_	
3-23	1381-1382	;	_	_	_	_	_	
3-24	1383-1388	odron	_	_	_	_	_	
3-25	1389-1395	manjih	_	_	_	_	_	
3-26	1396-1404	dijelova	_	_	_	_	_	
3-27	1405-1407	je	_	_	_	_	_	
3-28	1408-1413	česta	_	_	_	_	_	
3-29	1414-1420	pojava	_	_	_	_	_	
3-30	1420-1421	.	_	_	_	_	_	
3-31	1422-1424	Od	_	_	_	_	_	
3-32	1425-1435	zdrobljene	_	_	_	_	_	
3-33	1436-1441	sedre	_	_	_	_	_	
3-34	1442-1444	se	_	_	_	_	_	
3-35	1445-1451	odvaja	_	_	_	_	_	
3-36	1452-1456	fini	_	_	_	_	_	
3-37	1456-1457	,	_	_	_	_	_	
3-38	1458-1468	bjeličasti	_	_	_	_	_	
3-39	1469-1473	mulj	_	_	_	_	_	
3-40	1474-1478	koji	_	_	_	_	_	
3-41	1479-1487	prekriva	_	_	_	_	_	
3-42	1488-1496	nizvodno	_	_	_	_	_	
3-43	1497-1503	korito	_	_	_	_	_	
3-44	1504-1510	rijeka	_	_	_	_	_	
3-45	1511-1518	odnosno	_	_	_	_	_	
3-46	1519-1522	dno	_	_	_	_	_	
3-47	1523-1529	jezera	_	_	_	_	_	
3-48	1529-1530	,	_	_	_	_	_	
3-49	1531-1533	to	_	_	_	_	_	
3-50	1534-1543	ispunjava	_	_	_	_	_	
3-51	1544-1552	pukotine	_	_	_	_	_	
3-52	1553-1554	i	_	_	_	_	_	
3-53	1555-1564	omogućuje	_	_	_	_	_	
3-54	1565-1576	zadržavanje	_	_	_	_	_	
3-55	1577-1581	vode	_	_	_	_	_	
3-56	1582-1584	na	_	_	_	_	_	
3-57	1585-1591	krškoj	_	_	_	_	_	
3-58	1592-1599	podlozi	_	_	_	_	_	
3-59	1600-1601	(	_	_	_	_	_	
3-60	1601-1602	v	_	_	_	_	_	
3-61	1602-1603	.	_	_	_	_	_	
3-62	1604-1612	prirodna	_	_	_	_	_	
3-63	1613-1623	hidrološka	_	_	_	_	_	
3-64	1624-1632	sanacija	_	_	_	_	_	
3-65	1632-1633	)	_	_	_	_	_	
3-66	1633-1634	.	_	_	_	_	_	

#Text=pored živih, koje se i dalje razvijaju, imamo i umrtvljene, znatnim dijelom razorene ustave. Zbog iz mjene ekoloških uvjeta i degradiranja biljnog pokrova ojačalo je spiranje padina i zatrpana su jezera; nizvodni transport trošina ubija sedrotvornu vegetaciju, umrtvljuje barijeru a dalja erozija razara te ostaju mali tragovi. Znatan dio tih izmjena uvjetovao je čovjek, koji je degradirao okolicu, oživio spiranje padina, a neumjesno intervenirao i na samim ustavama (gradnja mlinova, stupa i sl.). Još se nije u praksi dovoljno uočilo koliko su sedrene barijere osjetljiva i poukom bogata pojava. Iz tih prirodnih spomenika može se dokučiti koliko je složena mlada postglacijalna prošlost. Sedrene barijere ukazuju na značenje ekološke ravnoteže (v.), čije očuvanje postaje problem našeg vremena.
4-1	1636-1641	pored	_	_	_	_	_	
4-2	1642-1647	živih	_	_	_	_	_	
4-3	1647-1648	,	_	_	_	_	_	
4-4	1649-1653	koje	_	_	_	_	_	
4-5	1654-1656	se	_	_	_	_	_	
4-6	1657-1658	i	_	_	_	_	_	
4-7	1659-1664	dalje	_	_	_	_	_	
4-8	1665-1674	razvijaju	_	_	_	_	_	
4-9	1674-1675	,	_	_	_	_	_	
4-10	1676-1681	imamo	_	_	_	_	_	
4-11	1682-1683	i	_	_	_	_	_	
4-12	1684-1694	umrtvljene	_	_	_	_	_	
4-13	1694-1695	,	_	_	_	_	_	
4-14	1696-1703	znatnim	_	_	_	_	_	
4-15	1704-1711	dijelom	_	_	_	_	_	
4-16	1712-1720	razorene	_	_	_	_	_	
4-17	1721-1727	ustave	_	_	_	_	_	
4-18	1727-1728	.	_	_	_	_	_	
4-19	1729-1733	Zbog	_	_	_	_	_	
4-20	1734-1736	iz	_	_	_	_	_	
4-21	1737-1742	mjene	_	_	_	_	_	
4-22	1743-1752	ekoloških	_	_	_	_	_	
4-23	1753-1759	uvjeta	_	_	_	_	_	
4-24	1760-1761	i	_	_	_	_	_	
4-25	1762-1774	degradiranja	_	_	_	_	_	
4-26	1775-1782	biljnog	_	_	_	_	_	
4-27	1783-1790	pokrova	_	_	_	_	_	
4-28	1791-1798	ojačalo	_	_	_	_	_	
4-29	1799-1801	je	_	_	_	_	_	
4-30	1802-1810	spiranje	_	_	_	_	_	
4-31	1811-1817	padina	_	_	_	_	_	
4-32	1818-1819	i	_	_	_	_	_	
4-33	1820-1828	zatrpana	_	_	_	_	_	
4-34	1829-1831	su	_	_	_	_	_	
4-35	1832-1838	jezera	_	_	_	_	_	
4-36	1838-1839	;	_	_	_	_	_	
4-37	1840-1848	nizvodni	_	_	_	_	_	
4-38	1849-1858	transport	_	_	_	_	_	
4-39	1859-1866	trošina	_	_	_	_	_	
4-40	1867-1872	ubija	_	_	_	_	_	
4-41	1873-1884	sedrotvornu	_	_	_	_	_	
4-42	1885-1895	vegetaciju	_	_	_	_	_	
4-43	1895-1896	,	_	_	_	_	_	
4-44	1897-1907	umrtvljuje	_	_	_	_	_	
4-45	1908-1916	barijeru	_	_	_	_	_	
4-46	1917-1918	a	_	_	_	_	_	
4-47	1919-1924	dalja	_	_	_	_	_	
4-48	1925-1932	erozija	_	_	_	_	_	
4-49	1933-1939	razara	_	_	_	_	_	
4-50	1940-1942	te	_	_	_	_	_	
4-51	1943-1949	ostaju	_	_	_	_	_	
4-52	1950-1954	mali	_	_	_	_	_	
4-53	1955-1962	tragovi	_	_	_	_	_	
4-54	1962-1963	.	_	_	_	_	_	
4-55	1964-1970	Znatan	_	_	_	_	_	
4-56	1971-1974	dio	_	_	_	_	_	
4-57	1975-1978	tih	_	_	_	_	_	
4-58	1979-1986	izmjena	_	_	_	_	_	
4-59	1987-1996	uvjetovao	_	_	_	_	_	
4-60	1997-1999	je	_	_	_	_	_	
4-61	2000-2006	čovjek	_	_	_	_	_	
4-62	2006-2007	,	_	_	_	_	_	
4-63	2008-2012	koji	_	_	_	_	_	
4-64	2013-2015	je	_	_	_	_	_	
4-65	2016-2026	degradirao	_	_	_	_	_	
4-66	2027-2034	okolicu	_	_	_	_	_	
4-67	2034-2035	,	_	_	_	_	_	
4-68	2036-2042	oživio	_	_	_	_	_	
4-69	2043-2051	spiranje	_	_	_	_	_	
4-70	2052-2058	padina	_	_	_	_	_	
4-71	2058-2059	,	_	_	_	_	_	
4-72	2060-2061	a	_	_	_	_	_	
4-73	2062-2071	neumjesno	_	_	_	_	_	
4-74	2072-2084	intervenirao	_	_	_	_	_	
4-75	2085-2086	i	_	_	_	_	_	
4-76	2087-2089	na	_	_	_	_	_	
4-77	2090-2095	samim	_	_	_	_	_	
4-78	2096-2104	ustavama	_	_	_	_	_	
4-79	2105-2106	(	_	_	_	_	_	
4-80	2106-2113	gradnja	_	_	_	_	_	
4-81	2114-2121	mlinova	_	_	_	_	_	
4-82	2121-2122	,	_	_	_	_	_	
4-83	2123-2128	stupa	_	_	_	_	_	
4-84	2129-2130	i	_	_	_	_	_	
4-85	2131-2133	sl	_	_	_	_	_	
4-86	2133-2134	.	_	_	_	_	_	
4-87	2134-2135	)	_	_	_	_	_	
4-88	2135-2136	.	_	_	_	_	_	
4-89	2137-2140	Još	_	_	_	_	_	
4-90	2141-2143	se	_	_	_	_	_	
4-91	2144-2148	nije	_	_	_	_	_	
4-92	2149-2150	u	_	_	_	_	_	
4-93	2151-2157	praksi	_	_	_	_	_	
4-94	2158-2166	dovoljno	_	_	_	_	_	
4-95	2167-2173	uočilo	_	_	_	_	_	
4-96	2174-2180	koliko	_	_	_	_	_	
4-97	2181-2183	su	_	_	_	_	_	
4-98	2184-2191	sedrene	_	_	_	_	_	
4-99	2192-2200	barijere	_	_	_	_	_	
4-100	2201-2211	osjetljiva	_	_	_	_	_	
4-101	2212-2213	i	_	_	_	_	_	
4-102	2214-2220	poukom	_	_	_	_	_	
4-103	2221-2227	bogata	_	_	_	_	_	
4-104	2228-2234	pojava	_	_	_	_	_	
4-105	2234-2235	.	_	_	_	_	_	
4-106	2236-2238	Iz	_	_	_	_	_	
4-107	2239-2242	tih	_	_	_	_	_	
4-108	2243-2252	prirodnih	_	_	_	_	_	
4-109	2253-2262	spomenika	_	_	_	_	_	
4-110	2263-2267	može	_	_	_	_	_	
4-111	2268-2270	se	_	_	_	_	_	
4-112	2271-2279	dokučiti	_	_	_	_	_	
4-113	2280-2286	koliko	_	_	_	_	_	
4-114	2287-2289	je	_	_	_	_	_	
4-115	2290-2297	složena	_	_	_	_	_	
4-116	2298-2303	mlada	_	_	_	_	_	
4-117	2304-2318	postglacijalna	_	_	_	_	_	
4-118	2319-2327	prošlost	_	_	_	_	_	
4-119	2327-2328	.	_	_	_	_	_	
4-120	2329-2336	Sedrene	_	_	_	_	_	
4-121	2337-2345	barijere	_	_	_	_	_	
4-122	2346-2353	ukazuju	_	_	_	_	_	
4-123	2354-2356	na	_	_	_	_	_	
4-124	2357-2365	značenje	_	_	_	_	_	
4-125	2366-2374	ekološke	_	_	_	_	_	
4-126	2375-2384	ravnoteže	_	_	_	_	_	
4-127	2385-2386	(	_	_	_	_	_	
4-128	2386-2387	v	_	_	_	_	_	
4-129	2387-2388	.	_	_	_	_	_	
4-130	2388-2389	)	_	_	_	_	_	
4-131	2389-2390	,	_	_	_	_	_	
4-132	2391-2395	čije	_	_	_	_	_	
4-133	2396-2404	očuvanje	_	_	_	_	_	
4-134	2405-2412	postaje	_	_	_	_	_	
4-135	2413-2420	problem	_	_	_	_	_	
4-136	2421-2426	našeg	_	_	_	_	_	
4-137	2427-2434	vremena	_	_	_	_	_	
4-138	2434-2435	.	_	_	_	_	_	

#Text=sifon – potopljeno suženje u protočnim šupljinama koje propušta vodu pod tlakom vode koja ispunjava višu šupljinu i to brzinom ko ja odgovara odnosu njegova propusnog kapaciteta i tlaka vode (v. intermitentno vrelo); to su inversni sifoni (u obliku slova U).
5-1	2437-2442	sifon	_	A.3 Hydrological form	DEFINIENDUM	_	_	
5-2	2443-2444	–	_	_	_	_	_	
5-3	2445-2455	potopljeno	_	_	_	DEFINED\_AS[64]	_	
5-4	2456-2463	suženje	_	_	_	DEFINED\_AS[64]	_	
5-5	2464-2465	u	_	_	_	HAS\_LOCATION[65]	_	
5-6	2466-2475	protočnim	_	A.3 Hydrological form[5]	_	HAS\_LOCATION[65]	_	
5-7	2476-2486	šupljinama	_	A.3 Hydrological form[5]	_	HAS\_LOCATION[65]	_	
5-8	2487-2491	koje	_	_	_	_	_	
5-9	2492-2500	propušta	_	_	_	HAS\_FUNCTION[66]	_	
5-10	2501-2505	vodu	_	_	_	HAS\_FUNCTION[66]	_	
5-11	2506-2509	pod	_	_	_	HAS\_FUNCTION[66]	_	
5-12	2510-2516	tlakom	_	_	_	HAS\_FUNCTION[66]	_	
5-13	2517-2521	vode	_	_	_	HAS\_FUNCTION[66]	_	
5-14	2522-2526	koja	_	_	_	HAS\_FUNCTION[66]	_	
5-15	2527-2536	ispunjava	_	_	_	HAS\_FUNCTION[66]	_	
5-16	2537-2541	višu	_	_	_	HAS\_FUNCTION[66]	_	
5-17	2542-2550	šupljinu	_	_	_	HAS\_FUNCTION[66]	_	
5-18	2551-2552	i	_	_	_	_	_	
5-19	2553-2555	to	_	_	_	_	_	
5-20	2556-2563	brzinom	_	_	_	_	_	
5-21	2564-2566	ko	_	_	_	_	_	
5-22	2567-2569	ja	_	_	_	_	_	
5-23	2570-2578	odgovara	_	_	_	_	_	
5-24	2579-2585	odnosu	_	_	_	_	_	
5-25	2586-2593	njegova	_	_	_	_	_	
5-26	2594-2603	propusnog	_	_	_	_	_	
5-27	2604-2614	kapaciteta	_	_	_	_	_	
5-28	2615-2616	i	_	_	_	_	_	
5-29	2617-2622	tlaka	_	_	_	_	_	
5-30	2623-2627	vode	_	_	_	_	_	
5-31	2628-2629	(	_	_	_	_	_	
5-32	2629-2630	v	_	_	_	_	_	
5-33	2630-2631	.	_	_	_	_	_	
5-34	2632-2645	intermitentno	_	_	_	_	_	
5-35	2646-2651	vrelo	_	_	_	_	_	
5-36	2651-2652	)	_	_	_	_	_	
5-37	2652-2653	;	_	_	_	_	_	
5-38	2654-2656	to	_	_	_	_	_	
5-39	2657-2659	su	_	_	_	_	_	
5-40	2660-2668	inversni	_	_	_	_	_	
5-41	2669-2675	sifoni	_	_	_	_	_	
5-42	2676-2677	(	_	_	_	_	_	
5-43	2677-2678	u	_	_	_	_	_	
5-44	2679-2685	obliku	_	_	_	_	_	
5-45	2686-2691	slova	_	_	_	_	_	
5-46	2692-2693	U	_	_	_	_	_	
5-47	2693-2694	)	_	_	_	_	_	
5-48	2694-2695	.	_	_	_	_	_	

#Text=siga – vapnenačka konkrecija koja se u podzemnim šupljinama izlučuje iz hidrobikarbonata prokapnih i protočnih voda.
6-1	2697-2701	siga	_	D.1 Abiotic	DEFINIENDUM	_	_	
6-2	2702-2703	–	_	_	_	_	_	
6-3	2704-2714	vapnenačka	_	D.1 Abiotic[6]	GENUS[37]	DEFINED\_AS[67]	_	
6-4	2715-2725	konkrecija	_	D.1 Abiotic[6]	GENUS[37]	DEFINED\_AS[67]	_	
6-5	2726-2730	koja	_	_	_	_	_	
6-6	2731-2733	se	_	_	_	_	_	
6-7	2734-2735	u	_	_	_	HAS\_LOCATION[68]	_	
6-8	2736-2745	podzemnim	_	A.2 Underground landform[7]	_	HAS\_LOCATION[68]	_	
6-9	2746-2756	šupljinama	_	A.2 Underground landform[7]	_	HAS\_LOCATION[68]	_	
6-10	2757-2765	izlučuje	_	_	_	HAS\_CAUSE[69]	_	
6-11	2766-2768	iz	_	_	_	HAS\_CAUSE[69]	_	
6-12	2769-2785	hidrobikarbonata	_	_	_	HAS\_CAUSE[69]	_	
6-13	2786-2795	prokapnih	prokapne vode	D.1 Abiotic	_	HAS\_CAUSE[69]	_	
6-14	2796-2797	i	_	_	_	HAS\_CAUSE[69]	_	
6-15	2798-2807	protočnih	_	_	_	HAS\_CAUSE[69]	_	
6-16	2808-2812	voda	_	_	_	HAS\_CAUSE[69]	_	
6-17	2812-2813	.	_	_	_	_	_	

#Text=sigaste tvorevine – izdvajanjem kalcijeva karbonata odnosno kalcita iz hidrobikarbonata nastaju u podzemnim šupljinama različite sigaste torevine, od kojih spominjemo glavne. Iz vode koja kaplje sa stropa šupljina postepeno se izdvajaju i rastu prema dolje stalaktiti. Iz kapnice koja pada na pod izdvajaju se i rastu prema gore stalagmiti. Kad se stalaktit i stalagmit spoje i srastu, imamo stup. Mlade, tanke i svijetle stalaktite koji imaju izgled cjevčica, u međunarodnoj terminologiji nazivaju makaroni. Ima veoma mnogo kombinacija stalaktita koji se razvijaju ekscentrično u raznim smjerovima; za njih se udomaćuje američki naziv heliktiti. Anemolit je stalaktit povijen u jednom smjeru, pod utjecajem zračnog strujanja. Grozdasti stalaktit je složena tvorevina u obliku grozda. Loptasti stalaktit se završava loptastim oblikom. Izgleda da je do takva rasta došlo zbog začepljivanja dotjecajne cjevčice; voda je kapilarno izbijala kroz sigastu koru i taložila porozne ovoje. Mnogi stalagmiti se granaju – lisnati
7-1	2815-2822	sigaste	_	D.1 Abiotic[8]	DEFINIENDUM[38]	_	_	
7-2	2823-2832	tvorevine	_	D.1 Abiotic[8]	DEFINIENDUM[38]	_	_	
7-3	2833-2834	–	_	_	_	_	_	
7-4	2835-2846	izdvajanjem	_	_	_	HAS\_CAUSE[70]	_	
7-5	2847-2856	kalcijeva	_	D.1 Abiotic[9]	_	HAS\_CAUSE[70]	_	
7-6	2857-2866	karbonata	_	D.1 Abiotic[9]	_	HAS\_CAUSE[70]	_	
7-7	2867-2874	odnosno	_	_	_	HAS\_CAUSE[70]	_	
7-8	2875-2882	kalcita	_	_	_	HAS\_CAUSE[70]	_	
7-9	2883-2885	iz	_	_	_	HAS\_CAUSE[70]	_	
7-10	2886-2902	hidrobikarbonata	_	_	_	HAS\_CAUSE[70]	_	
7-11	2903-2910	nastaju	_	_	_	_	_	
7-12	2911-2912	u	_	_	_	HAS\_LOCATION[71]	_	
7-13	2913-2922	podzemnim	_	A.2 Underground landform[10]	_	HAS\_LOCATION[71]	_	
7-14	2923-2933	šupljinama	_	A.2 Underground landform[10]	_	HAS\_LOCATION[71]	_	
7-15	2934-2943	različite	_	_	_	_	_	
7-16	2944-2951	sigaste	_	_	_	_	_	
7-17	2952-2960	torevine	_	_	_	_	_	
7-18	2960-2961	,	_	_	_	_	_	
7-19	2962-2964	od	_	_	_	_	_	
7-20	2965-2970	kojih	_	_	_	_	_	
7-21	2971-2981	spominjemo	_	_	_	_	_	
7-22	2982-2988	glavne	_	_	_	_	_	
7-23	2988-2989	.	_	_	_	_	_	
7-24	2990-2992	Iz	_	_	_	_	_	
7-25	2993-2997	vode	_	_	_	_	_	
7-26	2998-3002	koja	_	_	_	_	_	
7-27	3003-3009	kaplje	_	_	_	_	_	
7-28	3010-3012	sa	_	_	_	_	_	
7-29	3013-3019	stropa	_	_	_	_	_	
7-30	3020-3028	šupljina	_	_	_	_	_	
7-31	3029-3038	postepeno	_	_	_	_	_	
7-32	3039-3041	se	_	_	_	_	_	
7-33	3042-3051	izdvajaju	_	_	_	_	_	
7-34	3052-3053	i	_	_	_	_	_	
7-35	3054-3059	rastu	_	_	_	_	_	
7-36	3060-3065	prema	_	_	_	_	_	
7-37	3066-3071	dolje	_	_	_	_	_	
7-38	3072-3082	stalaktiti	_	A.2 Underground landform	SPECIES	_	_	
7-39	3082-3083	.	_	_	_	_	_	
7-40	3084-3086	Iz	_	_	_	_	_	
7-41	3087-3094	kapnice	_	_	_	_	_	
7-42	3095-3099	koja	_	_	_	_	_	
7-43	3100-3104	pada	_	_	_	_	_	
7-44	3105-3107	na	_	_	_	_	_	
7-45	3108-3111	pod	_	_	_	_	_	
7-46	3112-3121	izdvajaju	_	_	_	_	_	
7-47	3122-3124	se	_	_	_	_	_	
7-48	3125-3126	i	_	_	_	_	_	
7-49	3127-3132	rastu	_	_	_	_	_	
7-50	3133-3138	prema	_	_	_	_	_	
7-51	3139-3143	gore	_	_	_	_	_	
7-52	3144-3154	stalagmiti	_	A.2 Underground landform	SPECIES	_	_	
7-53	3154-3155	.	_	_	_	_	_	
7-54	3156-3159	Kad	_	_	_	_	_	
7-55	3160-3162	se	_	_	_	_	_	
7-56	3163-3172	stalaktit	_	_	_	_	_	
7-57	3173-3174	i	_	_	_	_	_	
7-58	3175-3184	stalagmit	_	_	_	_	_	
7-59	3185-3190	spoje	_	_	_	_	_	
7-60	3191-3192	i	_	_	_	_	_	
7-61	3193-3199	srastu	_	_	_	_	_	
7-62	3199-3200	,	_	_	_	_	_	
7-63	3201-3206	imamo	_	_	_	_	_	
7-64	3207-3211	stup	_	A.2 Underground landform	SPECIES	_	_	
7-65	3211-3212	.	_	_	_	_	_	
7-66	3213-3218	Mlade	_	_	_	_	_	
7-67	3218-3219	,	_	_	_	_	_	
7-68	3220-3225	tanke	_	_	_	_	_	
7-69	3226-3227	i	_	_	_	_	_	
7-70	3228-3236	svijetle	_	_	_	_	_	
7-71	3237-3247	stalaktite	_	_	_	_	_	
7-72	3248-3252	koji	_	_	_	_	_	
7-73	3253-3258	imaju	_	_	_	_	_	
7-74	3259-3265	izgled	_	_	_	_	_	
7-75	3266-3274	cjevčica	_	_	_	_	_	
7-76	3274-3275	,	_	_	_	_	_	
7-77	3276-3277	u	_	_	_	_	_	
7-78	3278-3290	međunarodnoj	_	_	_	_	_	
7-79	3291-3304	terminologiji	_	_	_	_	_	
7-80	3305-3313	nazivaju	_	_	_	_	_	
7-81	3314-3322	makaroni	_	A.2 Underground landform	SPECIES	_	_	
7-82	3322-3323	.	_	_	_	_	_	
7-83	3324-3327	Ima	_	_	_	_	_	
7-84	3328-3333	veoma	_	_	_	_	_	
7-85	3334-3339	mnogo	_	_	_	_	_	
7-86	3340-3351	kombinacija	_	_	_	_	_	
7-87	3352-3362	stalaktita	_	_	_	_	_	
7-88	3363-3367	koji	_	_	_	_	_	
7-89	3368-3370	se	_	_	_	_	_	
7-90	3371-3380	razvijaju	_	_	_	_	_	
7-91	3381-3393	ekscentrično	_	_	_	_	_	
7-92	3394-3395	u	_	_	_	_	_	
7-93	3396-3402	raznim	_	_	_	_	_	
7-94	3403-3413	smjerovima	_	_	_	_	_	
7-95	3413-3414	;	_	_	_	_	_	
7-96	3415-3417	za	_	_	_	_	_	
7-97	3418-3422	njih	_	_	_	_	_	
7-98	3423-3425	se	_	_	_	_	_	
7-99	3426-3435	udomaćuje	_	_	_	_	_	
7-100	3436-3444	američki	_	_	_	_	_	
7-101	3445-3450	naziv	_	_	_	_	_	
7-102	3451-3460	heliktiti	_	A.2 Underground landform	SPECIES	_	_	
7-103	3460-3461	.	_	_	_	_	_	
7-104	3462-3470	Anemolit	_	A.2 Underground landform	SPECIES	_	_	
7-105	3471-3473	je	_	_	_	_	_	
7-106	3474-3483	stalaktit	_	_	_	_	_	
7-107	3484-3491	povijen	_	_	_	_	_	
7-108	3492-3493	u	_	_	_	_	_	
7-109	3494-3500	jednom	_	_	_	_	_	
7-110	3501-3507	smjeru	_	_	_	_	_	
7-111	3507-3508	,	_	_	_	_	_	
7-112	3509-3512	pod	_	_	_	_	_	
7-113	3513-3522	utjecajem	_	_	_	_	_	
7-114	3523-3530	zračnog	_	_	_	_	_	
7-115	3531-3540	strujanja	_	_	_	_	_	
7-116	3540-3541	.	_	_	_	_	_	
7-117	3542-3551	Grozdasti	_	A.2 Underground landform[11]	SPECIES[39]	_	_	
7-118	3552-3561	stalaktit	_	A.2 Underground landform[11]	SPECIES[39]	_	_	
7-119	3562-3564	je	_	_	_	_	_	
7-120	3565-3572	složena	_	_	_	_	_	
7-121	3573-3582	tvorevina	_	_	_	_	_	
7-122	3583-3584	u	_	_	_	_	_	
7-123	3585-3591	obliku	_	_	_	_	_	
7-124	3592-3598	grozda	_	_	_	_	_	
7-125	3598-3599	.	_	_	_	_	_	
7-126	3600-3608	Loptasti	_	A.2 Underground landform[12]	SPECIES[40]	_	_	
7-127	3609-3618	stalaktit	_	A.2 Underground landform[12]	SPECIES[40]	_	_	
7-128	3619-3621	se	_	_	_	_	_	
7-129	3622-3630	završava	_	_	_	_	_	
7-130	3631-3640	loptastim	_	_	_	_	_	
7-131	3641-3648	oblikom	_	_	_	_	_	
7-132	3648-3649	.	_	_	_	_	_	
7-133	3650-3657	Izgleda	_	_	_	_	_	
7-134	3658-3660	da	_	_	_	_	_	
7-135	3661-3663	je	_	_	_	_	_	
7-136	3664-3666	do	_	_	_	_	_	
7-137	3667-3672	takva	_	_	_	_	_	
7-138	3673-3678	rasta	_	_	_	_	_	
7-139	3679-3684	došlo	_	_	_	_	_	
7-140	3685-3689	zbog	_	_	_	_	_	
7-141	3690-3703	začepljivanja	_	_	_	_	_	
7-142	3704-3714	dotjecajne	_	_	_	_	_	
7-143	3715-3723	cjevčice	_	_	_	_	_	
7-144	3723-3724	;	_	_	_	_	_	
7-145	3725-3729	voda	_	_	_	_	_	
7-146	3730-3732	je	_	_	_	_	_	
7-147	3733-3742	kapilarno	_	_	_	_	_	
7-148	3743-3751	izbijala	_	_	_	_	_	
7-149	3752-3756	kroz	_	_	_	_	_	
7-150	3757-3764	sigastu	_	_	_	_	_	
7-151	3765-3769	koru	_	_	_	_	_	
7-152	3770-3771	i	_	_	_	_	_	
7-153	3772-3780	taložila	_	_	_	_	_	
7-154	3781-3788	porozne	_	_	_	_	_	
7-155	3789-3794	ovoje	_	_	_	_	_	
7-156	3794-3795	.	_	_	_	_	_	
7-157	3796-3801	Mnogi	_	_	_	_	_	
7-158	3802-3812	stalagmiti	_	_	_	_	_	
7-159	3813-3815	se	_	_	_	_	_	
7-160	3816-3823	granaju	_	_	_	_	_	
7-161	3824-3825	–	_	_	_	_	_	
7-162	3826-3833	lisnati	lisnati stalagmit	A.2 Underground landform	_	_	_	

#Text=stalagmit i palmasti stalagmiti. Česti su stalagmiti koji se prema vrhu sužuju – stožasti stalagmiti. Glineni stalagmit je tvorevina nastala taloženjem sigaste kore oko glinene piramide (v.) ili sličnog oblika.
8-1	3836-3845	stalagmit	_	_	_	_	_	
8-2	3846-3847	i	_	_	_	_	_	
8-3	3848-3856	palmasti	_	A.2 Underground landform[13]	SPECIES[41]	_	_	
8-4	3857-3867	stalagmiti	_	A.2 Underground landform[13]	SPECIES[41]	_	_	
8-5	3867-3868	.	_	_	_	_	_	
8-6	3869-3874	Česti	_	_	_	_	_	
8-7	3875-3877	su	_	_	_	_	_	
8-8	3878-3888	stalagmiti	_	_	_	_	_	
8-9	3889-3893	koji	_	_	_	_	_	
8-10	3894-3896	se	_	_	_	_	_	
8-11	3897-3902	prema	_	_	_	_	_	
8-12	3903-3907	vrhu	_	_	_	_	_	
8-13	3908-3914	sužuju	_	_	_	_	_	
8-14	3915-3916	–	_	_	_	_	_	
8-15	3917-3925	stožasti	_	A.2 Underground landform[14]	SPECIES[42]	_	_	
8-16	3926-3936	stalagmiti	_	A.2 Underground landform[14]	SPECIES[42]	_	_	
8-17	3936-3937	.	_	_	_	_	_	
8-18	3938-3945	Glineni	_	A.2 Underground landform[15]	SPECIES[43]	_	_	
8-19	3946-3955	stalagmit	_	A.2 Underground landform[15]	SPECIES[43]	_	_	
8-20	3956-3958	je	_	_	_	_	_	
8-21	3959-3968	tvorevina	sigaste tvorevine	D.1 Abiotic	DEFINIENDUM	_	_	
8-22	3969-3976	nastala	_	_	_	_	_	
8-23	3977-3987	taloženjem	_	_	_	_	_	
8-24	3988-3995	sigaste	_	_	_	_	_	
8-25	3996-4000	kore	_	_	_	_	_	
8-26	4001-4004	oko	_	_	_	_	_	
8-27	4005-4012	glinene	_	_	_	_	_	
8-28	4013-4021	piramide	_	_	_	_	_	
8-29	4022-4023	(	_	_	_	_	_	
8-30	4023-4024	v	_	_	_	_	_	
8-31	4024-4025	.	_	_	_	_	_	
8-32	4025-4026	)	_	_	_	_	_	
8-33	4027-4030	ili	_	_	_	_	_	
8-34	4031-4038	sličnog	_	_	_	_	_	
8-35	4039-4045	oblika	_	_	_	_	_	
8-36	4045-4046	.	_	_	_	_	_	

#Text=posebno su atraktivne tvorevine u obliku zavjesa ili draperija koje su često različito obojene i providne. Vlaženjem stjenovitih strana (v. spiljska rosa) talože se sigaste kore; jačim i nejednakim taloženjem, na što utječe i stjenovita podloga, nastaju police, slikovite kapelice i isturene palete. Na mjestima gdje pritječe više vode talože se sigasti slapovi, često ukrašeni stepeničasto raspoređenim bazenima (v. sigasti bazen). Pločnik je sigasta kora rubom vodnog bazena. Taloženjem kalcija oko malih čestica pijeska ili druge materije nastaju spiljski pizoliti ili spiljski biseri. Spiljsko mlijeko ili mjesečevo mlijeko (int. Mondmilch) je različitog sastava i postanka, vlažno je i bijelo, a osušeno pretvara se u prašinu.
9-1	4048-4055	posebno	_	_	_	_	_	
9-2	4056-4058	su	_	_	_	_	_	
9-3	4059-4069	atraktivne	_	_	_	_	_	
9-4	4070-4079	tvorevine	sigaste tvorevine	D.1 Abiotic	DEFINIENDUM	_	_	
9-5	4080-4081	u	_	_	_	_	_	
9-6	4082-4088	obliku	_	_	_	_	_	
9-7	4089-4096	zavjesa	_	A.2 Underground landform	SPECIES	_	_	
9-8	4097-4100	ili	_	_	_	_	_	
9-9	4101-4110	draperija	_	A.2 Underground landform	SPECIES	_	_	
9-10	4111-4115	koje	_	_	_	_	_	
9-11	4116-4118	su	_	_	_	_	_	
9-12	4119-4124	često	_	_	_	_	_	
9-13	4125-4134	različito	_	_	_	_	_	
9-14	4135-4142	obojene	_	_	_	_	_	
9-15	4143-4144	i	_	_	_	_	_	
9-16	4145-4153	providne	_	_	_	_	_	
9-17	4153-4154	.	_	_	_	_	_	
9-18	4155-4164	Vlaženjem	_	_	_	_	_	
9-19	4165-4176	stjenovitih	_	_	_	_	_	
9-20	4177-4183	strana	_	_	_	_	_	
9-21	4184-4185	(	_	_	_	_	_	
9-22	4185-4186	v	_	_	_	_	_	
9-23	4186-4187	.	_	_	_	_	_	
9-24	4188-4196	spiljska	_	_	_	_	_	
9-25	4197-4201	rosa	_	_	_	_	_	
9-26	4201-4202	)	_	_	_	_	_	
9-27	4203-4209	talože	_	_	_	_	_	
9-28	4210-4212	se	_	_	_	_	_	
9-29	4213-4220	sigaste	_	A.2 Underground landform[16]	SPECIES[44]	_	_	
9-30	4221-4225	kore	_	A.2 Underground landform[16]	SPECIES[44]	_	_	
9-31	4225-4226	;	_	_	_	_	_	
9-32	4227-4232	jačim	_	_	_	_	_	
9-33	4233-4234	i	_	_	_	_	_	
9-34	4235-4245	nejednakim	_	_	_	_	_	
9-35	4246-4256	taloženjem	_	_	_	_	_	
9-36	4256-4257	,	_	_	_	_	_	
9-37	4258-4260	na	_	_	_	_	_	
9-38	4261-4264	što	_	_	_	_	_	
9-39	4265-4271	utječe	_	_	_	_	_	
9-40	4272-4273	i	_	_	_	_	_	
9-41	4274-4284	stjenovita	_	_	_	_	_	
9-42	4285-4292	podloga	_	_	_	_	_	
9-43	4292-4293	,	_	_	_	_	_	
9-44	4294-4301	nastaju	_	_	_	_	_	
9-45	4302-4308	police	_	A.2 Underground landform	SPECIES	_	_	
9-46	4308-4309	,	_	_	_	_	_	
9-47	4310-4319	slikovite	_	_	_	_	_	
9-48	4320-4328	kapelice	_	A.2 Underground landform	SPECIES	_	_	
9-49	4329-4330	i	_	_	_	_	_	
9-50	4331-4339	isturene	_	_	_	_	_	
9-51	4340-4346	palete	_	A.2 Underground landform	SPECIES	_	_	
9-52	4346-4347	.	_	_	_	_	_	
9-53	4348-4350	Na	_	_	_	_	_	
9-54	4351-4359	mjestima	_	_	_	_	_	
9-55	4360-4364	gdje	_	_	_	_	_	
9-56	4365-4373	pritječe	_	_	_	_	_	
9-57	4374-4378	više	_	_	_	_	_	
9-58	4379-4383	vode	_	_	_	_	_	
9-59	4384-4390	talože	_	_	_	_	_	
9-60	4391-4393	se	_	_	_	_	_	
9-61	4394-4401	sigasti	_	A.2 Underground landform[17]	SPECIES[45]	_	_	
9-62	4402-4409	slapovi	_	A.2 Underground landform[17]	SPECIES[45]	_	_	
9-63	4409-4410	,	_	_	_	_	_	
9-64	4411-4416	često	_	_	_	_	_	
9-65	4417-4425	ukrašeni	_	_	_	_	_	
9-66	4426-4438	stepeničasto	_	_	_	_	_	
9-67	4439-4451	raspoređenim	_	_	_	_	_	
9-68	4452-4460	bazenima	_	_	_	_	_	
9-69	4461-4462	(	_	_	_	_	_	
9-70	4462-4463	v	_	_	_	_	_	
9-71	4463-4464	.	_	_	_	_	_	
9-72	4465-4472	sigasti	_	_	_	_	_	
9-73	4473-4478	bazen	_	_	_	_	_	
9-74	4478-4479	)	_	_	_	_	_	
9-75	4479-4480	.	_	_	_	_	_	
9-76	4481-4488	Pločnik	_	A.2 Underground landform	SPECIES	_	_	
9-77	4489-4491	je	_	_	_	_	_	
9-78	4492-4499	sigasta	_	_	_	_	_	
9-79	4500-4504	kora	_	_	_	_	_	
9-80	4505-4510	rubom	_	_	_	_	_	
9-81	4511-4517	vodnog	_	_	_	_	_	
9-82	4518-4524	bazena	_	_	_	_	_	
9-83	4524-4525	.	_	_	_	_	_	
9-84	4526-4536	Taloženjem	_	_	_	_	_	
9-85	4537-4544	kalcija	_	_	_	_	_	
9-86	4545-4548	oko	_	_	_	_	_	
9-87	4549-4554	malih	_	_	_	_	_	
9-88	4555-4562	čestica	_	_	_	_	_	
9-89	4563-4570	pijeska	_	_	_	_	_	
9-90	4571-4574	ili	_	_	_	_	_	
9-91	4575-4580	druge	_	_	_	_	_	
9-92	4581-4589	materije	_	_	_	_	_	
9-93	4590-4597	nastaju	_	_	_	_	_	
9-94	4598-4606	spiljski	_	A.2 Underground landform[18]	SPECIES[46]	_	_	
9-95	4607-4615	pizoliti	_	A.2 Underground landform[18]	SPECIES[46]	_	_	
9-96	4616-4619	ili	_	_	_	_	_	
9-97	4620-4628	spiljski	_	A.2 Underground landform[19]	SPECIES[47]	_	_	
9-98	4629-4635	biseri	_	A.2 Underground landform[19]	SPECIES[47]	_	_	
9-99	4635-4636	.	_	_	_	_	_	
9-100	4637-4645	Spiljsko	_	A.2 Underground landform[20]	SPECIES[48]	_	_	
9-101	4646-4653	mlijeko	_	A.2 Underground landform[20]	SPECIES[48]	_	_	
9-102	4654-4657	ili	_	_	_	_	_	
9-103	4658-4667	mjesečevo	_	_	_	_	_	
9-104	4668-4675	mlijeko	_	_	_	_	_	
9-105	4676-4677	(	_	_	_	_	_	
9-106	4677-4680	int	_	_	_	_	_	
9-107	4680-4681	.	_	_	_	_	_	
9-108	4682-4691	Mondmilch	_	_	_	_	_	
9-109	4691-4692	)	_	_	_	_	_	
9-110	4693-4695	je	_	_	_	_	_	
9-111	4696-4706	različitog	_	_	_	_	_	
9-112	4707-4714	sastava	_	_	_	_	_	
9-113	4715-4716	i	_	_	_	_	_	
9-114	4717-4725	postanka	_	_	_	_	_	
9-115	4725-4726	,	_	_	_	_	_	
9-116	4727-4733	vlažno	_	_	_	_	_	
9-117	4734-4736	je	_	_	_	_	_	
9-118	4737-4738	i	_	_	_	_	_	
9-119	4739-4745	bijelo	_	_	_	_	_	
9-120	4745-4746	,	_	_	_	_	_	
9-121	4747-4748	a	_	_	_	_	_	
9-122	4749-4756	osušeno	_	_	_	_	_	
9-123	4757-4765	pretvara	_	_	_	_	_	
9-124	4766-4768	se	_	_	_	_	_	
9-125	4769-4770	u	_	_	_	_	_	
9-126	4771-4778	prašinu	_	_	_	_	_	
9-127	4778-4779	.	_	_	_	_	_	

#Text=za sve raznolike sedrene konkrecije udomaćuje se američki termin speleothem, a kod nas je uobičajen termin spiljski ukras.
10-1	4781-4783	za	_	_	_	_	_	
10-2	4784-4787	sve	_	_	_	_	_	
10-3	4788-4797	raznolike	_	_	_	_	_	
10-4	4798-4805	sedrene	sigaste konkrecije[1]	D.1 Abiotic[21]	DEFINIENDUM[49]	_	_	
10-5	4806-4816	konkrecije	sigaste konkrecije[1]	D.1 Abiotic[21]	DEFINIENDUM[49]	_	_	
10-6	4817-4826	udomaćuje	_	_	_	_	_	
10-7	4827-4829	se	_	_	_	_	_	
10-8	4830-4838	američki	_	_	_	_	_	
10-9	4839-4845	termin	_	_	_	_	_	
10-10	4846-4856	speleothem	_	D.1 Abiotic	DEFINIENDUM	_	_	
10-11	4856-4857	,	_	_	_	_	_	
10-12	4858-4859	a	_	_	_	_	_	
10-13	4860-4863	kod	_	_	_	_	_	
10-14	4864-4867	nas	_	_	_	_	_	
10-15	4868-4870	je	_	_	_	_	_	
10-16	4871-4880	uobičajen	_	_	_	_	_	
10-17	4881-4887	termin	_	_	_	_	_	
10-18	4888-4896	spiljski	_	D.1 Abiotic[22]	DEFINIENDUM[50]	_	_	
10-19	4897-4902	ukras	_	D.1 Abiotic[22]	DEFINIENDUM[50]	_	_	
10-20	4902-4903	.	_	_	_	_	_	

#Text=sigasti bazen – školjkoliki bazen na sigastim slapovima (v. sigaste tvorevine) Raspoređeni su stepeničasto i imaju izrazito vodoravan prilivni rub. Ispunjeni su vodom stalno ili povremeno, prema prirodi slapa.
11-1	4905-4912	sigasti	_	A.2 Underground landform[23]	DEFINIENDUM[51]	_	_	
11-2	4913-4918	bazen	_	A.2 Underground landform[23]	DEFINIENDUM[51]	_	_	
11-3	4919-4920	–	_	_	_	_	_	
11-4	4921-4932	školjkoliki	_	_	_	DEFINED\_AS[72]|HAS\_FORM[73]	_	
11-5	4933-4938	bazen	_	_	GENUS	DEFINED\_AS[72]	_	
11-6	4939-4941	na	_	_	_	HAS\_LOCATION[74]	_	
11-7	4942-4950	sigastim	_	A.2 Underground landform[24]	_	HAS\_LOCATION[74]	_	
11-8	4951-4960	slapovima	_	A.2 Underground landform[24]	_	HAS\_LOCATION[74]	_	
11-9	4961-4962	(	_	_	_	_	_	
11-10	4962-4963	v	_	_	_	_	_	
11-11	4963-4964	.	_	_	_	_	_	
11-12	4965-4972	sigaste	_	_	_	_	_	
11-13	4973-4982	tvorevine	_	_	_	_	_	
11-14	4982-4983	)	_	_	_	_	_	
11-15	4984-4995	Raspoređeni	_	_	_	HAS\_FORM[75]	_	
11-16	4996-4998	su	_	_	_	HAS\_FORM[75]	_	
11-17	4999-5011	stepeničasto	_	_	_	HAS\_FORM[75]	_	
11-18	5012-5013	i	_	_	_	_	_	
11-19	5014-5019	imaju	_	_	_	HAS\_FORM[76]	_	
11-20	5020-5028	izrazito	_	_	_	HAS\_FORM[76]	_	
11-21	5029-5038	vodoravan	_	_	_	HAS\_FORM[76]	_	
11-22	5039-5047	prilivni	_	_	_	HAS\_FORM[76]	_	
11-23	5048-5051	rub	_	_	_	HAS\_FORM[76]	_	
11-24	5051-5052	.	_	_	_	_	_	
11-25	5053-5062	Ispunjeni	_	_	_	CONTAINS[77]	_	
11-26	5063-5065	su	_	_	_	CONTAINS[77]	_	
11-27	5066-5071	vodom	_	_	_	CONTAINS[77]	_	
11-28	5072-5078	stalno	_	_	_	CONTAINS[77]	_	
11-29	5079-5082	ili	_	_	_	CONTAINS[77]	_	
11-30	5083-5092	povremeno	_	_	_	CONTAINS[77]	_	
11-31	5092-5093	,	_	_	_	_	_	
11-32	5094-5099	prema	_	_	_	_	_	
11-33	5100-5107	prirodi	_	_	_	_	_	
11-34	5108-5113	slapa	_	_	_	_	_	
11-35	5113-5114	.	_	_	_	_	_	

#Text=singenetski krš – krški oblici razvijeni istovremeno s litifikacijom, odnosno dijagenezom stijene; primarni krš prema J. Cvijić u (1893).
12-1	5116-5127	singenetski	_	C. Geome[25]	DEFINIENDUM[52]	_	_	
12-2	5128-5131	krš	_	C. Geome[25]	DEFINIENDUM[52]	_	_	
12-3	5132-5133	–	_	_	_	_	_	
12-4	5134-5139	krški	_	_	GENUS[53]	DEFINED\_AS[78]	_	
12-5	5140-5146	oblici	_	_	GENUS[53]	DEFINED\_AS[78]	_	
12-6	5147-5156	razvijeni	_	_	_	DEFINED\_AS[78]|OCCURS\_IN\_TIME[79]	_	
12-7	5157-5168	istovremeno	_	_	_	DEFINED\_AS[78]|OCCURS\_IN\_TIME[79]	_	
12-8	5169-5170	s	_	_	_	DEFINED\_AS[78]|OCCURS\_IN\_TIME[79]	_	
12-9	5171-5184	litifikacijom	_	_	_	DEFINED\_AS[78]|OCCURS\_IN\_TIME[79]	_	
12-10	5184-5185	,	_	_	_	_	_	
12-11	5186-5193	odnosno	_	_	_	_	_	
12-12	5194-5205	dijagenezom	_	_	_	_	_	
12-13	5206-5213	stijene	_	_	_	_	_	
12-14	5213-5214	;	_	_	_	_	_	
12-15	5215-5223	primarni	_	C. Geome[26]	DEFINIENDUM[54]	_	_	
12-16	5224-5227	krš	_	C. Geome[26]	DEFINIENDUM[54]	_	_	
12-17	5228-5233	prema	_	_	_	_	_	
12-18	5234-5235	J	_	_	_	_	_	
12-19	5235-5236	.	_	_	_	_	_	
12-20	5237-5243	Cvijić	_	_	_	_	_	
12-21	5244-5245	u	_	_	_	_	_	
12-22	5246-5247	(	_	_	_	_	_	
12-23	5247-5251	1893	_	_	_	_	_	
12-24	5251-5252	)	_	_	_	_	_	
12-25	5252-5253	.	_	_	_	_	_	

#Text=slijepa dolina – dolina koja je nizvodno zatvorena. Doline ponornica su slijepe doline.
13-1	5255-5262	slijepa	_	A.1 Surface landform[27]	DEFINIENDUM[55]	_	_	
13-2	5263-5269	dolina	_	A.1 Surface landform[27]	DEFINIENDUM[55]	_	_	
13-3	5270-5271	–	_	_	_	_	_	
13-4	5272-5278	dolina	_	A.1 Surface landform	GENUS	_	_	
13-5	5279-5283	koja	_	_	_	_	_	
13-6	5284-5286	je	_	_	_	_	_	
13-7	5287-5295	nizvodno	_	_	_	HAS\_FORM[80]	_	
13-8	5296-5305	zatvorena	_	_	_	HAS\_FORM[80]	_	
13-9	5305-5306	.	_	_	_	_	_	
13-10	5307-5313	Doline	_	A.1 Surface landform[28]	SPECIES[56]	_	_	
13-11	5314-5323	ponornica	_	A.1 Surface landform[28]	SPECIES[56]	_	_	
13-12	5324-5326	su	_	_	_	_	_	
13-13	5327-5334	slijepe	_	_	_	_	_	
13-14	5335-5341	doline	_	_	_	_	_	
13-15	5341-5342	.	_	_	_	_	_	

#Text=sniježnica – japaga ili spilja u kojoj se tokom ljeta zadrži zimi navijani snijeg.
14-1	5344-5354	sniježnica	_	A. Landform	DEFINIENDUM	_	_	
14-2	5355-5356	–	_	_	_	_	_	
14-3	5357-5363	japaga	_	A.1 Surface landform	GENUS	_	_	
14-4	5364-5367	ili	_	_	_	_	_	
14-5	5368-5374	spilja	_	A.2 Underground landform	GENUS	_	_	
14-6	5375-5376	u	_	_	_	_	_	
14-7	5377-5382	kojoj	_	_	_	_	_	
14-8	5383-5385	se	_	_	_	_	_	
14-9	5386-5391	tokom	_	_	_	CONTAINS[81]	_	
14-10	5392-5397	ljeta	_	_	_	CONTAINS[81]	_	
14-11	5398-5404	zadrži	_	_	_	CONTAINS[81]	_	
14-12	5405-5409	zimi	_	_	_	CONTAINS[81]	_	
14-13	5410-5418	navijani	_	_	_	CONTAINS[81]	_	
14-14	5419-5425	snijeg	_	_	_	CONTAINS[81]	_	
14-15	5425-5426	.	_	_	_	_	_	

#Text=solnica – morska voda koja se rasprskava i vlaži priobalski pojas; što uvjetuje ogoljelost i utječe na razvoj griža priobalskog krša.
15-1	5428-5435	solnica	_	D.1 Abiotic	DEFINIENDUM	_	_	
15-2	5436-5437	–	_	_	_	_	_	
15-3	5438-5444	morska	_	D.1 Abiotic[29]	GENUS[57]	_	_	
15-4	5445-5449	voda	_	D.1 Abiotic[29]	GENUS[57]	_	_	
15-5	5450-5454	koja	_	_	_	_	_	
15-6	5455-5457	se	_	_	_	_	_	
15-7	5458-5468	rasprskava	_	_	_	_	_	
15-8	5469-5470	i	_	_	_	_	_	
15-9	5471-5476	vlaži	_	_	_	HAS\_FUNCTION[82]	_	
15-10	5477-5487	priobalski	_	_	_	HAS\_FUNCTION[82]	_	
15-11	5488-5493	pojas	_	_	_	HAS\_FUNCTION[82]	_	
15-12	5493-5494	;	_	_	_	_	_	
15-13	5495-5498	što	_	_	_	_	_	
15-14	5499-5507	uvjetuje	_	_	_	HAS\_RESULT[83]	_	
15-15	5508-5518	ogoljelost	_	_	_	HAS\_RESULT[83]	_	
15-16	5519-5520	i	_	_	_	HAS\_RESULT[83]	_	
15-17	5521-5527	utječe	_	_	_	HAS\_RESULT[83]	_	
15-18	5528-5530	na	_	_	_	HAS\_RESULT[83]	_	
15-19	5531-5537	razvoj	_	_	_	HAS\_RESULT[83]	_	
15-20	5538-5543	griža	_	A.1 Surface landform	_	HAS\_RESULT[83]	_	
15-21	5544-5555	priobalskog	_	C. Geome[30]	_	HAS\_RESULT[83]	_	
15-22	5556-5560	krša	_	C. Geome[30]	_	HAS\_RESULT[83]	_	
15-23	5560-5561	.	_	_	_	_	_	

#Text=speleologija– znanstvena disciplina koja istražuje postanak i razvoj spilja, snima dimenzije; proučava aerološke osobine, kretanje voda, fizičke i kemijske procese i organski svijet, te utvrđuje tehniku istraživanja. Izdvajaju se grane: fizička speleologija istražuje geološke, mineraloške, hidrološke, klimatske osobine te fizičke i kemijske pojave; biospeleologija istražuje organski život u spiljama; tehnička speleologija pronalazi sredstva što uspješnijeg rada u spiljama; primijenjena speleologija utvrđuje na čine najracionalnijeg valoriziranja spilja, vodeći računa o rezultatima istraživanja drugih speleoloških specijalnosti. Speleologija je bitan dio karstologije (v.).
16-1	5563-5575	speleologija	_	E.2 Method	DEFINIENDUM	_	_	
16-2	5575-5576	–	_	_	_	_	_	
16-3	5577-5587	znanstvena	_	_	_	STUDIES[84]	_	
16-4	5588-5598	disciplina	_	_	_	STUDIES[84]	_	
16-5	5599-5603	koja	_	_	_	STUDIES[84]	_	
16-6	5604-5613	istražuje	_	_	_	STUDIES[84]	_	
16-7	5614-5622	postanak	_	_	_	STUDIES[84]	_	
16-8	5623-5624	i	_	_	_	STUDIES[84]	_	
16-9	5625-5631	razvoj	_	_	_	STUDIES[84]	_	
16-10	5632-5638	spilja	_	A.2 Underground landform	_	STUDIES[84]	_	
16-11	5638-5639	,	_	_	_	_	_	
16-12	5640-5645	snima	_	_	_	_	_	
16-13	5646-5655	dimenzije	_	_	_	_	_	
16-14	5655-5656	;	_	_	_	_	_	
16-15	5657-5665	proučava	_	_	_	_	_	
16-16	5666-5675	aerološke	_	_	_	_	_	
16-17	5676-5683	osobine	_	_	_	_	_	
16-18	5683-5684	,	_	_	_	_	_	
16-19	5685-5693	kretanje	_	_	_	_	_	
16-20	5694-5698	voda	_	_	_	_	_	
16-21	5698-5699	,	_	_	_	_	_	
16-22	5700-5707	fizičke	_	_	_	_	_	
16-23	5708-5709	i	_	_	_	_	_	
16-24	5710-5718	kemijske	_	_	_	_	_	
16-25	5719-5726	procese	_	_	_	_	_	
16-26	5727-5728	i	_	_	_	_	_	
16-27	5729-5737	organski	_	_	_	_	_	
16-28	5738-5744	svijet	_	_	_	_	_	
16-29	5744-5745	,	_	_	_	_	_	
16-30	5746-5748	te	_	_	_	_	_	
16-31	5749-5757	utvrđuje	_	_	_	_	_	
16-32	5758-5765	tehniku	_	_	_	_	_	
16-33	5766-5778	istraživanja	_	_	_	_	_	
16-34	5778-5779	.	_	_	_	_	_	
16-35	5780-5789	Izdvajaju	_	_	_	_	_	
16-36	5790-5792	se	_	_	_	_	_	
16-37	5793-5798	grane	_	_	_	_	_	
16-38	5798-5799	:	_	_	_	_	_	
16-39	5800-5807	fizička	_	E.2 Method[31]	SPECIES[58]	_	_	
16-40	5808-5820	speleologija	_	E.2 Method[31]	SPECIES[58]	_	_	
16-41	5821-5830	istražuje	_	_	_	_	_	
16-42	5831-5839	geološke	_	_	_	_	_	
16-43	5839-5840	,	_	_	_	_	_	
16-44	5841-5852	mineraloške	_	_	_	_	_	
16-45	5852-5853	,	_	_	_	_	_	
16-46	5854-5864	hidrološke	_	_	_	_	_	
16-47	5864-5865	,	_	_	_	_	_	
16-48	5866-5875	klimatske	_	_	_	_	_	
16-49	5876-5883	osobine	_	_	_	_	_	
16-50	5884-5886	te	_	_	_	_	_	
16-51	5887-5894	fizičke	_	_	_	_	_	
16-52	5895-5896	i	_	_	_	_	_	
16-53	5897-5905	kemijske	_	_	_	_	_	
16-54	5906-5912	pojave	_	_	_	_	_	
16-55	5912-5913	;	_	_	_	_	_	
16-56	5914-5929	biospeleologija	_	E.2 Method	SPECIES	_	_	
16-57	5930-5939	istražuje	_	_	_	_	_	
16-58	5940-5948	organski	_	_	_	_	_	
16-59	5949-5954	život	_	_	_	_	_	
16-60	5955-5956	u	_	_	_	_	_	
16-61	5957-5965	spiljama	_	_	_	_	_	
16-62	5965-5966	;	_	_	_	_	_	
16-63	5967-5975	tehnička	_	E.2 Method[32]	SPECIES[59]	_	_	
16-64	5976-5988	speleologija	_	E.2 Method[32]	SPECIES[59]	_	_	
16-65	5989-5998	pronalazi	_	_	_	_	_	
16-66	5999-6007	sredstva	_	_	_	_	_	
16-67	6008-6011	što	_	_	_	_	_	
16-68	6012-6023	uspješnijeg	_	_	_	_	_	
16-69	6024-6028	rada	_	_	_	_	_	
16-70	6029-6030	u	_	_	_	_	_	
16-71	6031-6039	spiljama	_	_	_	_	_	
16-72	6039-6040	;	_	_	_	_	_	
16-73	6041-6053	primijenjena	_	E.2 Method[33]	SPECIES[60]	_	_	
16-74	6054-6066	speleologija	_	E.2 Method[33]	SPECIES[60]	_	_	
16-75	6067-6075	utvrđuje	_	_	_	_	_	
16-76	6076-6078	na	_	_	_	_	_	
16-77	6079-6083	čine	_	_	_	_	_	
16-78	6084-6100	najracionalnijeg	_	_	_	_	_	
16-79	6101-6114	valoriziranja	_	_	_	_	_	
16-80	6115-6121	spilja	_	_	_	_	_	
16-81	6121-6122	,	_	_	_	_	_	
16-82	6123-6129	vodeći	_	_	_	_	_	
16-83	6130-6136	računa	_	_	_	_	_	
16-84	6137-6138	o	_	_	_	_	_	
16-85	6139-6150	rezultatima	_	_	_	_	_	
16-86	6151-6163	istraživanja	_	_	_	_	_	
16-87	6164-6170	drugih	_	_	_	_	_	
16-88	6171-6183	speleoloških	_	_	_	_	_	
16-89	6184-6197	specijalnosti	_	_	_	_	_	
16-90	6197-6198	.	_	_	_	_	_	
16-91	6199-6211	Speleologija	_	_	_	_	_	
16-92	6212-6214	je	_	_	_	_	_	
16-93	6215-6220	bitan	_	_	_	_	_	
16-94	6221-6224	dio	_	_	_	_	_	
16-95	6225-6237	karstologije	_	_	_	_	_	
16-96	6238-6239	(	_	_	_	_	_	
16-97	6239-6240	v	_	_	_	_	_	
16-98	6240-6241	.	_	_	_	_	_	
16-99	6241-6242	)	_	_	_	_	_	
16-100	6242-6243	.	_	_	_	_	_	

#Text=speleothem – američki termin za cjelinu sigastih tvorevina.
17-1	6245-6255	speleothem	_	D.1 Abiotic	DEFINIENDUM	_	_	
17-2	6256-6257	–	_	_	_	_	_	
17-3	6258-6266	američki	_	_	_	_	_	
17-4	6267-6273	termin	_	_	_	_	_	
17-5	6274-6276	za	_	_	_	_	_	
17-6	6277-6284	cjelinu	_	_	_	_	_	
17-7	6285-6293	sigastih	sigaste tvorevine[2]	D.1 Abiotic[34]	DEFINIENDUM[61]	_	_	
17-8	6294-6303	tvorevina	sigaste tvorevine[2]	D.1 Abiotic[34]	DEFINIENDUM[61]	_	_	
17-9	6303-6304	.	_	_	_	_	_	
